#usda 1.0
(
    defaultPrim = "capsule_pod"
    metersPerUnit = 1
    upAxis = "Z"
)

def Xform "capsule_pod" (
    kind = "component"
)
{
    def Scope "Looks"
    {
        def Material "flange_mat"
        {
            token outputs:surface.connect = </capsule_pod/Looks/flange_mat/pbr.outputs:surface>

            def Shader "pbr"
            {
                uniform token info:id = "UsdPreviewSurface"
                color3f inputs:diffuseColor = (0.72, 0.7, 0.66)
                float inputs:metallic = 0.9
                float inputs:roughness = 0.35
                token outputs:surface
            }
        }

        def Material "body_mat"
        {
            token outputs:surface.connect = </capsule_pod/Looks/body_mat/pbr.outputs:surface>

            def Shader "pbr"
            {
                uniform token info:id = "UsdPreviewSurface"
                color3f inputs:diffuseColor = (0.45, 0.08, 0.1)
                float inputs:metallic = 0.6
                float inputs:roughness = 0.4
                token outputs:surface
            }
        }

        def Material "foil_mat"
        {
            token outputs:surface.connect = </capsule_pod/Looks/foil_mat/pbr.outputs:surface>

            def Shader "pbr"
            {
                uniform token info:id = "UsdPreviewSurface"
                color3f inputs:diffuseColor = (0.8, 0.78, 0.72)
                float inputs:metallic = 1
                float inputs:roughness = 0.25
                token outputs:surface
            }
        }
    }

    def Mesh "flange" (
        prepend apiSchemas = ["MaterialBindingAPI"]
    )
    {
        float3[] extent = [(-0.018470092, -0.018470092, 0.0001186371), (0.018470092, 0.018470092, 0.00095932663)]
        int[] faceVertexCounts = [4, 4, 4, 4, 4, 4, 4, 4, 4, 4, 4, 4, 4, 4, 4, 4, 4, 4, 4, 4, 4, 4, 4, 4, 4, 4, 4, 4, 4, 4, 4, 4, 4, 4, 4, 4, 4, 4, 4, 4, 4, 4, 4, 4, 4, 4, 4, 4, 4, 4, 4, 4, 4, 4, 4, 4, 4, 4, 4, 4, 4, 4, 4, 4, 4, 4, 4, 4, 4, 4, 4, 4, 4, 4, 4, 4, 4, 4, 4, 4, 4, 4, 4, 4, 4, 4, 4, 4, 4, 4, 4, 4, 4, 4, 4, 4, 4, 4, 4, 4, 4, 4, 4, 4, 4, 4, 4, 4, 4, 4, 4, 4, 4, 4, 4, 4, 4, 4, 4, 4, 4, 4, 4, 4, 4, 4, 4, 4, 4, 4, 4, 4, 4, 4, 4, 4, 4, 4, 4, 4, 4, 4, 4, 4, 4, 4, 4, 4, 4, 4, 4, 4, 4, 4, 4, 4, 4, 4, 4, 4, 4, 4, 4, 4, 4, 4, 4, 4, 4, 4, 4, 4, 4, 4, 4, 4, 4, 4, 4, 4, 4, 4, 4, 4, 4, 4, 4, 4, 4, 4, 4, 4, 4, 4, 4, 4, 4, 4, 4, 4, 4, 4, 4, 4, 4, 4, 4, 4, 4, 4, 4, 4, 4, 4, 4, 4, 4, 4, 4, 4, 4, 4, 4, 4, 4, 4, 4, 4, 4, 4, 4, 4, 4, 4, 4, 4, 4, 4, 4, 4, 4, 4, 4, 4, 4, 4, 4, 4, 4, 4, 4, 4, 4, 4, 4, 4, 4, 4, 4, 4, 4, 4, 4, 4, 4, 4, 4, 4, 4, 4, 4, 4, 4, 4, 4, 4, 4, 4, 4, 4, 4, 4, 4, 4, 4, 4, 4, 4, 4, 4, 4, 4, 4, 4, 4, 4, 4, 4, 4, 4, 4, 4, 4, 4, 4, 4, 4, 4, 4, 4, 4, 4, 4, 4, 4, 4, 4, 4, 4, 4, 4, 4, 4, 4, 4, 4, 4, 4, 4, 4, 4, 4, 4, 4, 4, 4, 4, 4, 4, 4, 4, 4, 4, 4, 4, 4, 4, 4, 4, 4, 4, 4, 4, 4, 4, 4, 4, 4, 4, 4, 4, 4, 4, 4, 4, 4, 4, 4, 4, 4, 4, 4, 4, 4, 4, 4, 4, 4, 4, 4, 4, 4, 4, 4, 4, 4, 4, 4, 4, 4, 4, 4, 4, 4, 4, 4, 4, 4, 4, 4, 4, 4, 4, 4, 4, 4, 4, 4, 4, 4, 4, 4, 4, 4, 4, 4, 4, 4, 4, 4, 4, 4, 4, 4, 4, 4, 4, 4, 4, 4, 4, 4, 4, 4, 4, 4, 4, 4, 4, 4, 4, 4, 4, 4, 4, 4, 4, 4, 4, 4, 4, 4, 4, 4, 4, 4, 4, 4, 4, 4, 4, 4, 4, 4, 4, 4, 4, 4, 4, 4, 4, 4, 4, 4, 4, 4, 4, 4, 4, 4, 4, 4, 4, 4, 4, 4, 4, 4, 4, 4, 4, 4, 4, 4, 4, 4, 4, 4, 4, 4, 4, 4, 4, 4, 4, 4, 4, 4, 4, 4, 4, 4, 4, 4, 4, 4, 4, 4, 4, 4, 4, 4, 4, 4, 4, 4, 4, 4, 4, 4, 4, 4, 4, 4, 4, 4, 4, 4, 4, 4, 4, 4, 4, 4, 4, 4, 4, 4, 4, 4, 4, 4, 4, 4, 4, 4, 4, 4, 4, 4, 4, 4, 4, 4, 4, 4, 4, 4, 4, 4, 4, 4, 4, 4, 4, 4, 4, 4, 4, 4, 4, 4, 4, 4, 4, 4, 4, 4, 4, 4, 4, 4, 4, 4, 4, 4, 4, 4, 4, 4, 4, 4, 4, 4, 4, 4, 4, 4, 4, 4, 4, 4, 4, 4, 4, 4, 4, 4, 4, 4, 4, 4, 4, 4, 4, 4, 4, 4, 4, 4, 4, 4, 4, 4, 4, 4, 4, 4, 4, 4, 4, 4, 4, 4, 4, 4, 4, 4, 4, 4, 4, 4, 4, 4, 4, 4, 4, 4, 4, 4, 4, 4, 4, 4, 4, 4, 4, 4, 4, 4, 4, 4, 4, 4, 4, 4, 4, 4, 4, 4, 4, 4, 4, 4, 4, 4, 4, 4, 4, 4, 4, 4, 4, 4, 4, 4, 4, 4, 4, 4, 4, 4, 4, 4, 4, 4, 4, 4, 4, 4, 4, 4, 4, 4, 4, 4, 4, 4, 4, 4, 4, 4, 4, 4, 4, 4, 4, 4, 4, 4, 4, 4, 4, 4, 4, 4, 4, 4, 4, 4, 4, 4, 4, 4, 4, 4, 4, 4, 4, 4, 4, 4, 4, 4, 4, 4, 4, 4, 4, 4, 4, 4, 4, 4, 4, 4, 4, 4, 4, 4, 4, 4, 4, 4, 4, 4, 4, 4, 4, 4, 4, 4, 4, 4, 4, 4, 4, 4, 4, 4, 4, 4, 4, 4, 4, 4, 4, 4, 4, 4, 4, 4, 4, 4, 4, 4, 4, 4, 4, 4, 4, 4, 4, 4, 4, 4, 4, 4, 4, 4, 4, 4, 4, 4, 4, 4, 4, 4, 4, 4, 4, 4, 4, 4, 4, 4, 4, 4, 4, 4, 4, 4, 4, 4, 4, 4, 4, 4, 4, 4, 4, 4, 4, 4, 4, 4, 4, 4, 4, 4, 4, 4, 4, 4, 4, 4, 4, 4, 4, 4, 4, 4, 4, 4, 4, 4, 4, 4, 4, 4, 4, 4, 4, 4, 4, 4, 4, 4, 4, 4, 4, 4, 4, 4, 4, 4, 4, 4, 4, 4, 4, 4, 4, 4, 4, 4, 4, 4, 4, 4, 4, 4, 4, 4, 4, 4, 4, 4, 4, 4, 4, 4, 4, 4, 4, 4, 4, 4, 4, 4, 4, 4, 4, 4, 4, 4, 4, 4, 4, 4, 4, 4, 4, 4, 4, 4, 4, 4, 4, 4, 4, 4, 4, 4, 4, 4, 4, 4, 4, 4, 4, 4, 4, 4, 4, 4, 4, 4, 4, 4, 4, 4, 4, 4, 4, 4, 4, 4, 4, 4, 4, 4, 4, 4, 4, 4, 4, 4, 4, 4, 4, 4, 4, 4, 4, 4, 4, 4, 4, 4, 4, 4, 4, 4, 4, 4, 4, 4, 4, 4, 4, 4, 4, 4, 4, 4, 4, 4, 4, 4, 4, 4, 4, 4, 4, 4, 4, 4, 4, 4, 4, 4, 4, 4, 4, 4, 4, 4, 4, 4, 4, 4, 4, 4, 4, 4, 4, 4, 4, 4, 4, 4, 4, 4, 4, 4, 4, 4, 4, 4, 4, 4, 4, 4, 4, 4, 4, 4, 4, 4, 4, 4, 4, 4, 4, 4, 4, 4, 4, 4, 4, 4, 4, 4, 4, 4, 4, 4, 4, 4, 4, 4, 4, 4, 4, 4, 4, 4, 4, 4, 4, 4, 4, 4, 4, 4, 4, 4, 4, 4, 4, 4, 4, 4, 4, 4, 4, 4, 4, 4, 4, 4, 4, 4, 4, 4, 4, 4, 4, 4, 4, 4, 4, 4, 4, 4, 4, 4, 4, 4, 4, 4, 4, 4, 4, 4, 4, 4, 4, 4, 4, 4, 4, 4, 4, 4, 4, 4, 4, 4, 4, 4, 4, 4, 4, 4, 4, 4, 4, 4, 4, 4, 4, 4, 4, 4, 4, 4, 4, 4, 4, 4, 4, 4, 4, 4, 4, 4, 4, 4, 4, 4, 4, 4, 4, 4, 4, 4, 4, 4, 4, 4, 4, 4, 4, 4, 4, 4, 4, 4, 4, 4, 4, 4, 4, 4, 4, 4, 4, 4, 4, 4, 4, 4, 4, 4, 4, 4, 4, 4, 4, 4, 4, 4, 4, 4, 4, 4, 4, 4, 4, 4, 4, 4, 4, 4, 4, 4, 4, 4, 4, 4, 4, 4, 4, 4, 4, 4, 4, 4, 4, 4, 4, 4, 4, 4, 4, 4, 4, 4, 4, 4, 4, 4, 4, 4, 4, 4, 4, 4, 4, 4, 4, 4, 4, 4, 4, 4, 4, 4, 4, 4, 4, 4, 4, 4, 4, 4, 4, 4, 4, 4, 4, 4, 4, 4, 4, 4, 4, 4, 4, 4, 4, 4, 4, 4, 4, 4, 4, 4, 4, 4, 4, 4, 4, 4, 4, 4, 4, 4, 4, 4, 4, 4, 4, 4, 4, 4, 4, 4, 4, 4, 4, 4, 4, 4, 4, 4, 4, 4, 4, 4, 4, 4, 4, 4, 4, 4, 4, 4, 4, 4, 4, 4, 4, 4, 4, 4, 4, 4, 4, 4, 4, 4, 4, 4, 4, 4, 4, 4, 4, 4, 4, 4, 4, 4, 4, 4, 4, 4, 4, 4, 4, 4, 4, 4, 4, 4, 4, 4, 4, 4, 4, 4, 4, 4, 4, 4, 4, 4, 4, 4, 4, 4, 4, 4, 4, 4, 4, 4, 4, 4, 4, 4, 4, 4, 4, 4, 4, 4, 4, 4, 4, 4, 4, 4, 4, 4, 4, 4]
        int[] faceVertexIndices = [718, 123, 600, 1160, 600, 280, 961, 1160, 961, 282, 599, 1160, 599, 121, 718, 1160, 724, 121, 599, 1161, 599, 282, 963, 1161, 963, 284, 603, 1161, 603, 127, 724, 1161, 726, 127, 603, 1162, 603, 284, 965, 1162, 965, 286, 605, 1162, 605, 129, 726, 1162, 728, 129, 605, 1163, 605, 286, 967, 1163, 967, 288, 607, 1163, 607, 131, 728, 1163, 730, 131, 607, 1164, 607, 288, 969, 1164, 969, 290, 609, 1164, 609, 133, 730, 1164, 732, 133, 609, 1165, 609, 290, 971, 1165, 971, 292, 611, 1165, 611, 135, 732, 1165, 734, 135, 611, 1166, 611, 292, 973, 1166, 973, 294, 613, 1166, 613, 137, 734, 1166, 736, 137, 613, 1167, 613, 294, 975, 1167, 975, 296, 615, 1167, 615, 139, 736, 1167, 738, 139, 615, 1168, 615, 296, 977, 1168, 977, 298, 617, 1168, 617, 141, 738, 1168, 740, 141, 617, 1169, 617, 298, 979, 1169, 979, 300, 619, 1169, 619, 143, 740, 1169, 742, 143, 619, 1170, 619, 300, 981, 1170, 981, 302, 621, 1170, 621, 145, 742, 1170, 744, 145, 621, 1171, 621, 302, 983, 1171, 983, 304, 623, 1171, 623, 147, 744, 1171, 746, 147, 623, 1172, 623, 304, 985, 1172, 985, 306, 625, 1172, 625, 149, 746, 1172, 748, 149, 625, 1173, 625, 306, 987, 1173, 987, 308, 627, 1173, 627, 151, 748, 1173, 750, 151, 627, 1174, 627, 308, 989, 1174, 989, 310, 629, 1174, 629, 153, 750, 1174, 752, 153, 629, 1175, 629, 310, 991, 1175, 991, 312, 631, 1175, 631, 155, 752, 1175, 754, 155, 631, 1176, 631, 312, 993, 1176, 993, 314, 633, 1176, 633, 157, 754, 1176, 756, 157, 633, 1177, 633, 314, 995, 1177, 995, 316, 635, 1177, 635, 159, 756, 1177, 758, 159, 635, 1178, 635, 316, 997, 1178, 997, 318, 637, 1178, 637, 161, 758, 1178, 760, 161, 637, 1179, 637, 318, 999, 1179, 999, 320, 639, 1179, 639, 163, 760, 1179, 762, 163, 639, 1180, 639, 320, 1001, 1180, 1001, 322, 641, 1180, 641, 165, 762, 1180, 764, 165, 641, 1181, 641, 322, 1003, 1181, 1003, 324, 643, 1181, 643, 167, 764, 1181, 766, 167, 643, 1182, 643, 324, 1005, 1182, 1005, 326, 645, 1182, 645, 169, 766, 1182, 768, 169, 645, 1183, 645, 326, 1007, 1183, 1007, 328, 647, 1183, 647, 171, 768, 1183, 770, 171, 647, 1184, 647, 328, 1009, 1184, 1009, 330, 649, 1184, 649, 173, 770, 1184, 772, 173, 649, 1185, 649, 330, 1011, 1185, 1011, 332, 651, 1185, 651, 175, 772, 1185, 774, 175, 651, 1186, 651, 332, 1013, 1186, 1013, 334, 653, 1186, 653, 177, 774, 1186, 776, 177, 653, 1187, 653, 334, 1015, 1187, 1015, 336, 655, 1187, 655, 179, 776, 1187, 778, 179, 655, 1188, 655, 336, 1017, 1188, 1017, 338, 657, 1188, 657, 181, 778, 1188, 780, 181, 657, 1189, 657, 338, 1019, 1189, 1019, 340, 659, 1189, 659, 183, 780, 1189, 782, 183, 659, 1190, 659, 340, 1021, 1190, 1021, 342, 661, 1190, 661, 185, 782, 1190, 784, 185, 661, 1191, 661, 342, 1023, 1191, 1023, 344, 663, 1191, 663, 187, 784, 1191, 786, 187, 663, 1192, 663, 344, 1025, 1192, 1025, 346, 665, 1192, 665, 189, 786, 1192, 788, 189, 665, 1193, 665, 346, 1027, 1193, 1027, 348, 667, 1193, 667, 191, 788, 1193, 790, 191, 667, 1194, 667, 348, 1029, 1194, 1029, 350, 669, 1194, 669, 193, 790, 1194, 792, 193, 669, 1195, 669, 350, 1031, 1195, 1031, 352, 671, 1195, 671, 195, 792, 1195, 794, 195, 671, 1196, 671, 352, 1033, 1196, 1033, 354, 673, 1196, 673, 197, 794, 1196, 796, 197, 673, 1197, 673, 354, 1035, 1197, 1035, 356, 675, 1197, 675, 199, 796, 1197, 722, 199, 675, 1198, 675, 356, 1037, 1198, 1037, 358, 601, 1198, 601, 125, 722, 1198, 720, 125, 601, 1199, 601, 358, 1039, 1199, 1039, 280, 600, 1199, 600, 123, 720, 1199, 721, 120, 598, 1200, 598, 388, 1138, 1200, 1138, 389, 1137, 1200, 1137, 122, 721, 1200, 719, 126, 602, 1201, 602, 387, 1136, 1201, 1136, 388, 598, 1201, 598, 120, 719, 1201, 725, 128, 604, 1202, 604, 386, 1134, 1202, 1134, 387, 602, 1202, 602, 126, 725, 1202, 727, 130, 606, 1203, 606, 385, 1132, 1203, 1132, 386, 604, 1203, 604, 128, 727, 1203, 729, 132, 608, 1204, 608, 384, 1130, 1204, 1130, 385, 606, 1204, 606, 130, 729, 1204, 731, 134, 610, 1205, 610, 383, 1128, 1205, 1128, 384, 608, 1205, 608, 132, 731, 1205, 733, 136, 612, 1206, 612, 382, 1126, 1206, 1126, 383, 610, 1206, 610, 134, 733, 1206, 735, 138, 614, 1207, 614, 381, 1124, 1207, 1124, 382, 612, 1207, 612, 136, 735, 1207, 737, 140, 616, 1208, 616, 380, 1122, 1208, 1122, 381, 614, 1208, 614, 138, 737, 1208, 739, 142, 618, 1209, 618, 379, 1120, 1209, 1120, 380, 616, 1209, 616, 140, 739, 1209, 741, 144, 620, 1210, 620, 378, 1118, 1210, 1118, 379, 618, 1210, 618, 142, 741, 1210, 743, 146, 622, 1211, 622, 377, 1116, 1211, 1116, 378, 620, 1211, 620, 144, 743, 1211, 745, 148, 624, 1212, 624, 376, 1114, 1212, 1114, 377, 622, 1212, 622, 146, 745, 1212, 747, 150, 626, 1213, 626, 375, 1112, 1213, 1112, 376, 624, 1213, 624, 148, 747, 1213, 749, 152, 628, 1214, 628, 374, 1110, 1214, 1110, 375, 626, 1214, 626, 150, 749, 1214, 751, 154, 630, 1215, 630, 373, 1108, 1215, 1108, 374, 628, 1215, 628, 152, 751, 1215, 753, 156, 632, 1216, 632, 372, 1106, 1216, 1106, 373, 630, 1216, 630, 154, 753, 1216, 755, 158, 634, 1217, 634, 371, 1104, 1217, 1104, 372, 632, 1217, 632, 156, 755, 1217, 757, 160, 636, 1218, 636, 370, 1102, 1218, 1102, 371, 634, 1218, 634, 158, 757, 1218, 759, 162, 638, 1219, 638, 369, 1100, 1219, 1100, 370, 636, 1219, 636, 160, 759, 1219, 761, 164, 640, 1220, 640, 368, 1098, 1220, 1098, 369, 638, 1220, 638, 162, 761, 1220, 763, 166, 642, 1221, 642, 367, 1096, 1221, 1096, 368, 640, 1221, 640, 164, 763, 1221, 765, 168, 644, 1222, 644, 366, 1094, 1222, 1094, 367, 642, 1222, 642, 166, 765, 1222, 767, 170, 646, 1223, 646, 365, 1092, 1223, 1092, 366, 644, 1223, 644, 168, 767, 1223, 769, 172, 648, 1224, 648, 364, 1090, 1224, 1090, 365, 646, 1224, 646, 170, 769, 1224, 771, 174, 650, 1225, 650, 363, 1088, 1225, 1088, 364, 648, 1225, 648, 172, 771, 1225, 773, 176, 652, 1226, 652, 362, 1086, 1226, 1086, 363, 650, 1226, 650, 174, 773, 1226, 775, 178, 654, 1227, 654, 361, 1084, 1227, 1084, 362, 652, 1227, 652, 176, 775, 1227, 777, 180, 656, 1228, 656, 360, 1082, 1228, 1082, 361, 654, 1228, 654, 178, 777, 1228, 779, 182, 658, 1229, 658, 399, 1159, 1229, 1159, 360, 656, 1229, 656, 180, 779, 1229, 781, 184, 660, 1230, 660, 398, 1158, 1230, 1158, 399, 658, 1230, 658, 182, 781, 1230, 783, 186, 662, 1231, 662, 397, 1156, 1231, 1156, 398, 660, 1231, 660, 184, 783, 1231, 785, 188, 664, 1232, 664, 396, 1154, 1232, 1154, 397, 662, 1232, 662, 186, 785, 1232, 787, 190, 666, 1233, 666, 395, 1152, 1233, 1152, 396, 664, 1233, 664, 188, 787, 1233, 789, 192, 668, 1234, 668, 394, 1150, 1234, 1150, 395, 666, 1234, 666, 190, 789, 1234, 791, 194, 670, 1235, 670, 393, 1148, 1235, 1148, 394, 668, 1235, 668, 192, 791, 1235, 793, 196, 672, 1236, 672, 392, 1146, 1236, 1146, 393, 670, 1236, 670, 194, 793, 1236, 795, 198, 674, 1237, 674, 391, 1144, 1237, 1144, 392, 672, 1237, 672, 196, 795, 1237, 797, 124, 1139, 1238, 1139, 390, 1142, 1238, 1142, 391, 674, 1238, 674, 198, 797, 1238, 723, 122, 1137, 1239, 1137, 389, 1140, 1239, 1140, 390, 1139, 1239, 1139, 124, 723, 1239, 802, 201, 676, 1240, 676, 0, 400, 1240, 400, 1, 679, 1240, 679, 205, 802, 1240, 798, 203, 677, 1241, 677, 2, 401, 1241, 401, 0, 676, 1241, 676, 201, 798, 1241, 800, 207, 680, 1242, 680, 3, 402, 1242, 402, 2, 677, 1242, 677, 203, 800, 1242, 804, 209, 681, 1243, 681, 4, 403, 1243, 403, 3, 680, 1243, 680, 207, 804, 1243, 806, 211, 682, 1244, 682, 5, 404, 1244, 404, 4, 681, 1244, 681, 209, 806, 1244, 808, 213, 683, 1245, 683, 6, 405, 1245, 405, 5, 682, 1245, 682, 211, 808, 1245, 810, 215, 684, 1246, 684, 7, 406, 1246, 406, 6, 683, 1246, 683, 213, 810, 1246, 812, 217, 685, 1247, 685, 8, 407, 1247, 407, 7, 684, 1247, 684, 215, 812, 1247, 814, 219, 686, 1248, 686, 9, 408, 1248, 408, 8, 685, 1248, 685, 217, 814, 1248, 816, 221, 687, 1249, 687, 10, 409, 1249, 409, 9, 686, 1249, 686, 219, 816, 1249, 818, 223, 688, 1250, 688, 11, 410, 1250, 410, 10, 687, 1250, 687, 221, 818, 1250, 820, 225, 689, 1251, 689, 12, 411, 1251, 411, 11, 688, 1251, 688, 223, 820, 1251, 822, 227, 690, 1252, 690, 13, 412, 1252, 412, 12, 689, 1252, 689, 225, 822, 1252, 824, 229, 691, 1253, 691, 14, 413, 1253, 413, 13, 690, 1253, 690, 227, 824, 1253, 826, 231, 692, 1254, 692, 15, 414, 1254, 414, 14, 691, 1254, 691, 229, 826, 1254, 828, 233, 693, 1255, 693, 16, 415, 1255, 415, 15, 692, 1255, 692, 231, 828, 1255, 830, 235, 694, 1256, 694, 17, 416, 1256, 416, 16, 693, 1256, 693, 233, 830, 1256, 832, 237, 695, 1257, 695, 18, 417, 1257, 417, 17, 694, 1257, 694, 235, 832, 1257, 834, 239, 696, 1258, 696, 19, 418, 1258, 418, 18, 695, 1258, 695, 237, 834, 1258, 836, 241, 697, 1259, 697, 20, 419, 1259, 419, 19, 696, 1259, 696, 239, 836, 1259, 838, 243, 698, 1260, 698, 21, 420, 1260, 420, 20, 697, 1260, 697, 241, 838, 1260, 840, 245, 699, 1261, 699, 22, 421, 1261, 421, 21, 698, 1261, 698, 243, 840, 1261, 842, 247, 700, 1262, 700, 23, 422, 1262, 422, 22, 699, 1262, 699, 245, 842, 1262, 844, 249, 701, 1263, 701, 24, 423, 1263, 423, 23, 700, 1263, 700, 247, 844, 1263, 846, 251, 702, 1264, 702, 25, 424, 1264, 424, 24, 701, 1264, 701, 249, 846, 1264, 848, 253, 703, 1265, 703, 26, 425, 1265, 425, 25, 702, 1265, 702, 251, 848, 1265, 850, 255, 704, 1266, 704, 27, 426, 1266, 426, 26, 703, 1266, 703, 253, 850, 1266, 852, 257, 705, 1267, 705, 28, 427, 1267, 427, 27, 704, 1267, 704, 255, 852, 1267, 854, 259, 706, 1268, 706, 29, 428, 1268, 428, 28, 705, 1268, 705, 257, 854, 1268, 856, 261, 707, 1269, 707, 30, 429, 1269, 429, 29, 706, 1269, 706, 259, 856, 1269, 858, 263, 708, 1270, 708, 31, 430, 1270, 430, 30, 707, 1270, 707, 261, 858, 1270, 860, 265, 709, 1271, 709, 32, 431, 1271, 431, 31, 708, 1271, 708, 263, 860, 1271, 862, 267, 710, 1272, 710, 33, 432, 1272, 432, 32, 709, 1272, 709, 265, 862, 1272, 864, 269, 711, 1273, 711, 34, 433, 1273, 433, 33, 710, 1273, 710, 267, 864, 1273, 866, 271, 712, 1274, 712, 35, 434, 1274, 434, 34, 711, 1274, 711, 269, 866, 1274, 868, 273, 713, 1275, 713, 36, 435, 1275, 435, 35, 712, 1275, 712, 271, 868, 1275, 870, 275, 714, 1276, 714, 37, 436, 1276, 436, 36, 713, 1276, 713, 273, 870, 1276, 872, 277, 715, 1277, 715, 38, 437, 1277, 437, 37, 714, 1277, 714, 275, 872, 1277, 874, 279, 717, 1278, 717, 39, 438, 1278, 438, 38, 715, 1278, 715, 277, 874, 1278, 876, 205, 679, 1279, 679, 1, 439, 1279, 439, 39, 717, 1279, 717, 279, 876, 1279, 440, 41, 560, 1280, 560, 283, 962, 1280, 962, 281, 958, 1280, 958, 40, 440, 1280, 441, 42, 561, 1281, 561, 285, 964, 1281, 964, 283, 560, 1281, 560, 41, 441, 1281, 442, 43, 562, 1282, 562, 287, 966, 1282, 966, 285, 561, 1282, 561, 42, 442, 1282, 443, 44, 563, 1283, 563, 289, 968, 1283, 968, 287, 562, 1283, 562, 43, 443, 1283, 444, 45, 564, 1284, 564, 291, 970, 1284, 970, 289, 563, 1284, 563, 44, 444, 1284, 445, 46, 565, 1285, 565, 293, 972, 1285, 972, 291, 564, 1285, 564, 45, 445, 1285, 446, 47, 566, 1286, 566, 295, 974, 1286, 974, 293, 565, 1286, 565, 46, 446, 1286, 447, 48, 567, 1287, 567, 297, 976, 1287, 976, 295, 566, 1287, 566, 47, 447, 1287, 448, 49, 568, 1288, 568, 299, 978, 1288, 978, 297, 567, 1288, 567, 48, 448, 1288, 449, 50, 569, 1289, 569, 301, 980, 1289, 980, 299, 568, 1289, 568, 49, 449, 1289, 450, 51, 570, 1290, 570, 303, 982, 1290, 982, 301, 569, 1290, 569, 50, 450, 1290, 451, 52, 571, 1291, 571, 305, 984, 1291, 984, 303, 570, 1291, 570, 51, 451, 1291, 452, 53, 572, 1292, 572, 307, 986, 1292, 986, 305, 571, 1292, 571, 52, 452, 1292, 453, 54, 573, 1293, 573, 309, 988, 1293, 988, 307, 572, 1293, 572, 53, 453, 1293, 454, 55, 574, 1294, 574, 311, 990, 1294, 990, 309, 573, 1294, 573, 54, 454, 1294, 455, 56, 575, 1295, 575, 313, 992, 1295, 992, 311, 574, 1295, 574, 55, 455, 1295, 456, 57, 576, 1296, 576, 315, 994, 1296, 994, 313, 575, 1296, 575, 56, 456, 1296, 457, 58, 577, 1297, 577, 317, 996, 1297, 996, 315, 576, 1297, 576, 57, 457, 1297, 458, 59, 578, 1298, 578, 319, 998, 1298, 998, 317, 577, 1298, 577, 58, 458, 1298, 459, 60, 579, 1299, 579, 321, 1000, 1299, 1000, 319, 578, 1299, 578, 59, 459, 1299, 460, 61, 580, 1300, 580, 323, 1002, 1300, 1002, 321, 579, 1300, 579, 60, 460, 1300, 461, 62, 581, 1301, 581, 325, 1004, 1301, 1004, 323, 580, 1301, 580, 61, 461, 1301, 462, 63, 582, 1302, 582, 327, 1006, 1302, 1006, 325, 581, 1302, 581, 62, 462, 1302, 463, 64, 583, 1303, 583, 329, 1008, 1303, 1008, 327, 582, 1303, 582, 63, 463, 1303, 464, 65, 584, 1304, 584, 331, 1010, 1304, 1010, 329, 583, 1304, 583, 64, 464, 1304, 465, 66, 585, 1305, 585, 333, 1012, 1305, 1012, 331, 584, 1305, 584, 65, 465, 1305, 466, 67, 586, 1306, 586, 335, 1014, 1306, 1014, 333, 585, 1306, 585, 66, 466, 1306, 467, 68, 587, 1307, 587, 337, 1016, 1307, 1016, 335, 586, 1307, 586, 67, 467, 1307, 468, 69, 588, 1308, 588, 339, 1018, 1308, 1018, 337, 587, 1308, 587, 68, 468, 1308, 469, 70, 589, 1309, 589, 341, 1020, 1309, 1020, 339, 588, 1309, 588, 69, 469, 1309, 470, 71, 590, 1310, 590, 343, 1022, 1310, 1022, 341, 589, 1310, 589, 70, 470, 1310, 471, 72, 591, 1311, 591, 345, 1024, 1311, 1024, 343, 590, 1311, 590, 71, 471, 1311, 472, 73, 592, 1312, 592, 347, 1026, 1312, 1026, 345, 591, 1312, 591, 72, 472, 1312, 473, 74, 593, 1313, 593, 349, 1028, 1313, 1028, 347, 592, 1313, 592, 73, 473, 1313, 474, 75, 594, 1314, 594, 351, 1030, 1314, 1030, 349, 593, 1314, 593, 74, 474, 1314, 475, 76, 595, 1315, 595, 353, 1032, 1315, 1032, 351, 594, 1315, 594, 75, 475, 1315, 476, 77, 596, 1316, 596, 355, 1034, 1316, 1034, 353, 595, 1316, 595, 76, 476, 1316, 477, 78, 597, 1317, 597, 357, 1036, 1317, 1036, 355, 596, 1317, 596, 77, 477, 1317, 478, 79, 959, 1318, 959, 359, 1038, 1318, 1038, 357, 597, 1318, 597, 78, 478, 1318, 479, 40, 958, 1319, 958, 281, 960, 1319, 960, 359, 959, 1319, 959, 79, 479, 1319, 440, 40, 480, 1320, 480, 80, 482, 1320, 482, 81, 481, 1320, 481, 41, 440, 1320, 441, 41, 481, 1321, 481, 81, 484, 1321, 484, 82, 483, 1321, 483, 42, 441, 1321, 442, 42, 483, 1322, 483, 82, 486, 1322, 486, 83, 485, 1322, 485, 43, 442, 1322, 443, 43, 485, 1323, 485, 83, 488, 1323, 488, 84, 487, 1323, 487, 44, 443, 1323, 444, 44, 487, 1324, 487, 84, 490, 1324, 490, 85, 489, 1324, 489, 45, 444, 1324, 445, 45, 489, 1325, 489, 85, 492, 1325, 492, 86, 491, 1325, 491, 46, 445, 1325, 446, 46, 491, 1326, 491, 86, 494, 1326, 494, 87, 493, 1326, 493, 47, 446, 1326, 447, 47, 493, 1327, 493, 87, 496, 1327, 496, 88, 495, 1327, 495, 48, 447, 1327, 448, 48, 495, 1328, 495, 88, 498, 1328, 498, 89, 497, 1328, 497, 49, 448, 1328, 449, 49, 497, 1329, 497, 89, 500, 1329, 500, 90, 499, 1329, 499, 50, 449, 1329, 450, 50, 499, 1330, 499, 90, 502, 1330, 502, 91, 501, 1330, 501, 51, 450, 1330, 451, 51, 501, 1331, 501, 91, 504, 1331, 504, 92, 503, 1331, 503, 52, 451, 1331, 452, 52, 503, 1332, 503, 92, 506, 1332, 506, 93, 505, 1332, 505, 53, 452, 1332, 453, 53, 505, 1333, 505, 93, 508, 1333, 508, 94, 507, 1333, 507, 54, 453, 1333, 454, 54, 507, 1334, 507, 94, 510, 1334, 510, 95, 509, 1334, 509, 55, 454, 1334, 455, 55, 509, 1335, 509, 95, 512, 1335, 512, 96, 511, 1335, 511, 56, 455, 1335, 456, 56, 511, 1336, 511, 96, 514, 1336, 514, 97, 513, 1336, 513, 57, 456, 1336, 457, 57, 513, 1337, 513, 97, 516, 1337, 516, 98, 515, 1337, 515, 58, 457, 1337, 458, 58, 515, 1338, 515, 98, 518, 1338, 518, 99, 517, 1338, 517, 59, 458, 1338, 459, 59, 517, 1339, 517, 99, 520, 1339, 520, 100, 519, 1339, 519, 60, 459, 1339, 460, 60, 519, 1340, 519, 100, 522, 1340, 522, 101, 521, 1340, 521, 61, 460, 1340, 461, 61, 521, 1341, 521, 101, 524, 1341, 524, 102, 523, 1341, 523, 62, 461, 1341, 462, 62, 523, 1342, 523, 102, 526, 1342, 526, 103, 525, 1342, 525, 63, 462, 1342, 463, 63, 525, 1343, 525, 103, 528, 1343, 528, 104, 527, 1343, 527, 64, 463, 1343, 464, 64, 527, 1344, 527, 104, 530, 1344, 530, 105, 529, 1344, 529, 65, 464, 1344, 465, 65, 529, 1345, 529, 105, 532, 1345, 532, 106, 531, 1345, 531, 66, 465, 1345, 466, 66, 531, 1346, 531, 106, 534, 1346, 534, 107, 533, 1346, 533, 67, 466, 1346, 467, 67, 533, 1347, 533, 107, 536, 1347, 536, 108, 535, 1347, 535, 68, 467, 1347, 468, 68, 535, 1348, 535, 108, 538, 1348, 538, 109, 537, 1348, 537, 69, 468, 1348, 469, 69, 537, 1349, 537, 109, 540, 1349, 540, 110, 539, 1349, 539, 70, 469, 1349, 470, 70, 539, 1350, 539, 110, 542, 1350, 542, 111, 541, 1350, 541, 71, 470, 1350, 471, 71, 541, 1351, 541, 111, 544, 1351, 544, 112, 543, 1351, 543, 72, 471, 1351, 472, 72, 543, 1352, 543, 112, 546, 1352, 546, 113, 545, 1352, 545, 73, 472, 1352, 473, 73, 545, 1353, 545, 113, 548, 1353, 548, 114, 547, 1353, 547, 74, 473, 1353, 474, 74, 547, 1354, 547, 114, 550, 1354, 550, 115, 549, 1354, 549, 75, 474, 1354, 475, 75, 549, 1355, 549, 115, 552, 1355, 552, 116, 551, 1355, 551, 76, 475, 1355, 476, 76, 551, 1356, 551, 116, 554, 1356, 554, 117, 553, 1356, 553, 77, 476, 1356, 477, 77, 553, 1357, 553, 117, 556, 1357, 556, 118, 555, 1357, 555, 78, 477, 1357, 478, 78, 555, 1358, 555, 118, 558, 1358, 558, 119, 557, 1358, 557, 79, 478, 1358, 479, 79, 557, 1359, 557, 119, 559, 1359, 559, 80, 480, 1359, 480, 40, 479, 1359, 878, 120, 721, 1360, 721, 122, 879, 1360, 879, 123, 718, 1360, 718, 121, 878, 1360, 878, 121, 724, 1361, 724, 127, 880, 1361, 880, 126, 719, 1361, 719, 120, 878, 1361, 879, 122, 723, 1362, 723, 124, 881, 1362, 881, 125, 720, 1362, 720, 123, 879, 1362, 881, 124, 797, 1363, 797, 198, 882, 1363, 882, 199, 722, 1363, 722, 125, 881, 1363, 880, 127, 726, 1364, 726, 129, 883, 1364, 883, 128, 725, 1364, 725, 126, 880, 1364, 883, 129, 728, 1365, 728, 131, 884, 1365, 884, 130, 727, 1365, 727, 128, 883, 1365, 884, 131, 730, 1366, 730, 133, 885, 1366, 885, 132, 729, 1366, 729, 130, 884, 1366, 885, 133, 732, 1367, 732, 135, 886, 1367, 886, 134, 731, 1367, 731, 132, 885, 1367, 886, 135, 734, 1368, 734, 137, 887, 1368, 887, 136, 733, 1368, 733, 134, 886, 1368, 887, 137, 736, 1369, 736, 139, 888, 1369, 888, 138, 735, 1369, 735, 136, 887, 1369, 888, 139, 738, 1370, 738, 141, 889, 1370, 889, 140, 737, 1370, 737, 138, 888, 1370, 889, 141, 740, 1371, 740, 143, 890, 1371, 890, 142, 739, 1371, 739, 140, 889, 1371, 890, 143, 742, 1372, 742, 145, 891, 1372, 891, 144, 741, 1372, 741, 142, 890, 1372, 891, 145, 744, 1373, 744, 147, 892, 1373, 892, 146, 743, 1373, 743, 144, 891, 1373, 892, 147, 746, 1374, 746, 149, 893, 1374, 893, 148, 745, 1374, 745, 146, 892, 1374, 893, 149, 748, 1375, 748, 151, 894, 1375, 894, 150, 747, 1375, 747, 148, 893, 1375, 894, 151, 750, 1376, 750, 153, 895, 1376, 895, 152, 749, 1376, 749, 150, 894, 1376, 895, 153, 752, 1377, 752, 155, 896, 1377, 896, 154, 751, 1377, 751, 152, 895, 1377, 896, 155, 754, 1378, 754, 157, 897, 1378, 897, 156, 753, 1378, 753, 154, 896, 1378, 897, 157, 756, 1379, 756, 159, 898, 1379, 898, 158, 755, 1379, 755, 156, 897, 1379, 898, 159, 758, 1380, 758, 161, 899, 1380, 899, 160, 757, 1380, 757, 158, 898, 1380, 899, 161, 760, 1381, 760, 163, 900, 1381, 900, 162, 759, 1381, 759, 160, 899, 1381, 900, 163, 762, 1382, 762, 165, 901, 1382, 901, 164, 761, 1382, 761, 162, 900, 1382, 901, 165, 764, 1383, 764, 167, 902, 1383, 902, 166, 763, 1383, 763, 164, 901, 1383, 902, 167, 766, 1384, 766, 169, 903, 1384, 903, 168, 765, 1384, 765, 166, 902, 1384, 903, 169, 768, 1385, 768, 171, 904, 1385, 904, 170, 767, 1385, 767, 168, 903, 1385, 904, 171, 770, 1386, 770, 173, 905, 1386, 905, 172, 769, 1386, 769, 170, 904, 1386, 905, 173, 772, 1387, 772, 175, 906, 1387, 906, 174, 771, 1387, 771, 172, 905, 1387, 906, 175, 774, 1388, 774, 177, 907, 1388, 907, 176, 773, 1388, 773, 174, 906, 1388, 907, 177, 776, 1389, 776, 179, 908, 1389, 908, 178, 775, 1389, 775, 176, 907, 1389, 908, 179, 778, 1390, 778, 181, 909, 1390, 909, 180, 777, 1390, 777, 178, 908, 1390, 909, 181, 780, 1391, 780, 183, 910, 1391, 910, 182, 779, 1391, 779, 180, 909, 1391, 910, 183, 782, 1392, 782, 185, 911, 1392, 911, 184, 781, 1392, 781, 182, 910, 1392, 911, 185, 784, 1393, 784, 187, 912, 1393, 912, 186, 783, 1393, 783, 184, 911, 1393, 912, 187, 786, 1394, 786, 189, 913, 1394, 913, 188, 785, 1394, 785, 186, 912, 1394, 913, 189, 788, 1395, 788, 191, 914, 1395, 914, 190, 787, 1395, 787, 188, 913, 1395, 914, 191, 790, 1396, 790, 193, 915, 1396, 915, 192, 789, 1396, 789, 190, 914, 1396, 915, 193, 792, 1397, 792, 195, 916, 1397, 916, 194, 791, 1397, 791, 192, 915, 1397, 916, 195, 794, 1398, 794, 197, 917, 1398, 917, 196, 793, 1398, 793, 194, 916, 1398, 917, 197, 796, 1399, 796, 199, 882, 1399, 882, 198, 795, 1399, 795, 196, 917, 1399, 918, 200, 801, 1400, 801, 202, 919, 1400, 919, 203, 798, 1400, 798, 201, 918, 1400, 918, 201, 802, 1401, 802, 205, 920, 1401, 920, 204, 799, 1401, 799, 200, 918, 1401, 919, 202, 805, 1402, 805, 206, 921, 1402, 921, 207, 800, 1402, 800, 203, 919, 1402, 920, 205, 876, 1403, 876, 279, 922, 1403, 922, 278, 803, 1403, 803, 204, 920, 1403, 921, 206, 807, 1404, 807, 208, 923, 1404, 923, 209, 804, 1404, 804, 207, 921, 1404, 923, 208, 809, 1405, 809, 210, 924, 1405, 924, 211, 806, 1405, 806, 209, 923, 1405, 924, 210, 811, 1406, 811, 212, 925, 1406, 925, 213, 808, 1406, 808, 211, 924, 1406, 925, 212, 813, 1407, 813, 214, 926, 1407, 926, 215, 810, 1407, 810, 213, 925, 1407, 926, 214, 815, 1408, 815, 216, 927, 1408, 927, 217, 812, 1408, 812, 215, 926, 1408, 927, 216, 817, 1409, 817, 218, 928, 1409, 928, 219, 814, 1409, 814, 217, 927, 1409, 928, 218, 819, 1410, 819, 220, 929, 1410, 929, 221, 816, 1410, 816, 219, 928, 1410, 929, 220, 821, 1411, 821, 222, 930, 1411, 930, 223, 818, 1411, 818, 221, 929, 1411, 930, 222, 823, 1412, 823, 224, 931, 1412, 931, 225, 820, 1412, 820, 223, 930, 1412, 931, 224, 825, 1413, 825, 226, 932, 1413, 932, 227, 822, 1413, 822, 225, 931, 1413, 932, 226, 827, 1414, 827, 228, 933, 1414, 933, 229, 824, 1414, 824, 227, 932, 1414, 933, 228, 829, 1415, 829, 230, 934, 1415, 934, 231, 826, 1415, 826, 229, 933, 1415, 934, 230, 831, 1416, 831, 232, 935, 1416, 935, 233, 828, 1416, 828, 231, 934, 1416, 935, 232, 833, 1417, 833, 234, 936, 1417, 936, 235, 830, 1417, 830, 233, 935, 1417, 936, 234, 835, 1418, 835, 236, 937, 1418, 937, 237, 832, 1418, 832, 235, 936, 1418, 937, 236, 837, 1419, 837, 238, 938, 1419, 938, 239, 834, 1419, 834, 237, 937, 1419, 938, 238, 839, 1420, 839, 240, 939, 1420, 939, 241, 836, 1420, 836, 239, 938, 1420, 939, 240, 841, 1421, 841, 242, 940, 1421, 940, 243, 838, 1421, 838, 241, 939, 1421, 940, 242, 843, 1422, 843, 244, 941, 1422, 941, 245, 840, 1422, 840, 243, 940, 1422, 941, 244, 845, 1423, 845, 246, 942, 1423, 942, 247, 842, 1423, 842, 245, 941, 1423, 942, 246, 847, 1424, 847, 248, 943, 1424, 943, 249, 844, 1424, 844, 247, 942, 1424, 943, 248, 849, 1425, 849, 250, 944, 1425, 944, 251, 846, 1425, 846, 249, 943, 1425, 944, 250, 851, 1426, 851, 252, 945, 1426, 945, 253, 848, 1426, 848, 251, 944, 1426, 945, 252, 853, 1427, 853, 254, 946, 1427, 946, 255, 850, 1427, 850, 253, 945, 1427, 946, 254, 855, 1428, 855, 256, 947, 1428, 947, 257, 852, 1428, 852, 255, 946, 1428, 947, 256, 857, 1429, 857, 258, 948, 1429, 948, 259, 854, 1429, 854, 257, 947, 1429, 948, 258, 859, 1430, 859, 260, 949, 1430, 949, 261, 856, 1430, 856, 259, 948, 1430, 949, 260, 861, 1431, 861, 262, 950, 1431, 950, 263, 858, 1431, 858, 261, 949, 1431, 950, 262, 863, 1432, 863, 264, 951, 1432, 951, 265, 860, 1432, 860, 263, 950, 1432, 951, 264, 865, 1433, 865, 266, 952, 1433, 952, 267, 862, 1433, 862, 265, 951, 1433, 952, 266, 867, 1434, 867, 268, 953, 1434, 953, 269, 864, 1434, 864, 267, 952, 1434, 953, 268, 869, 1435, 869, 270, 954, 1435, 954, 271, 866, 1435, 866, 269, 953, 1435, 954, 270, 871, 1436, 871, 272, 955, 1436, 955, 273, 868, 1436, 868, 271, 954, 1436, 955, 272, 873, 1437, 873, 274, 956, 1437, 956, 275, 870, 1437, 870, 273, 955, 1437, 956, 274, 875, 1438, 875, 276, 957, 1438, 957, 277, 872, 1438, 872, 275, 956, 1438, 957, 276, 877, 1439, 877, 278, 922, 1439, 922, 279, 874, 1439, 874, 277, 957, 1439, 1040, 280, 1039, 1440, 1039, 358, 1041, 1440, 1041, 359, 960, 1440, 960, 281, 1040, 1440, 1040, 281, 962, 1441, 962, 283, 1042, 1441, 1042, 282, 961, 1441, 961, 280, 1040, 1441, 1042, 283, 964, 1442, 964, 285, 1043, 1442, 1043, 284, 963, 1442, 963, 282, 1042, 1442, 1043, 285, 966, 1443, 966, 287, 1044, 1443, 1044, 286, 965, 1443, 965, 284, 1043, 1443, 1044, 287, 968, 1444, 968, 289, 1045, 1444, 1045, 288, 967, 1444, 967, 286, 1044, 1444, 1045, 289, 970, 1445, 970, 291, 1046, 1445, 1046, 290, 969, 1445, 969, 288, 1045, 1445, 1046, 291, 972, 1446, 972, 293, 1047, 1446, 1047, 292, 971, 1446, 971, 290, 1046, 1446, 1047, 293, 974, 1447, 974, 295, 1048, 1447, 1048, 294, 973, 1447, 973, 292, 1047, 1447, 1048, 295, 976, 1448, 976, 297, 1049, 1448, 1049, 296, 975, 1448, 975, 294, 1048, 1448, 1049, 297, 978, 1449, 978, 299, 1050, 1449, 1050, 298, 977, 1449, 977, 296, 1049, 1449, 1050, 299, 980, 1450, 980, 301, 1051, 1450, 1051, 300, 979, 1450, 979, 298, 1050, 1450, 1051, 301, 982, 1451, 982, 303, 1052, 1451, 1052, 302, 981, 1451, 981, 300, 1051, 1451, 1052, 303, 984, 1452, 984, 305, 1053, 1452, 1053, 304, 983, 1452, 983, 302, 1052, 1452, 1053, 305, 986, 1453, 986, 307, 1054, 1453, 1054, 306, 985, 1453, 985, 304, 1053, 1453, 1054, 307, 988, 1454, 988, 309, 1055, 1454, 1055, 308, 987, 1454, 987, 306, 1054, 1454, 1055, 309, 990, 1455, 990, 311, 1056, 1455, 1056, 310, 989, 1455, 989, 308, 1055, 1455, 1056, 311, 992, 1456, 992, 313, 1057, 1456, 1057, 312, 991, 1456, 991, 310, 1056, 1456, 1057, 313, 994, 1457, 994, 315, 1058, 1457, 1058, 314, 993, 1457, 993, 312, 1057, 1457, 1058, 315, 996, 1458, 996, 317, 1059, 1458, 1059, 316, 995, 1458, 995, 314, 1058, 1458, 1059, 317, 998, 1459, 998, 319, 1060, 1459, 1060, 318, 997, 1459, 997, 316, 1059, 1459, 1060, 319, 1000, 1460, 1000, 321, 1061, 1460, 1061, 320, 999, 1460, 999, 318, 1060, 1460, 1061, 321, 1002, 1461, 1002, 323, 1062, 1461, 1062, 322, 1001, 1461, 1001, 320, 1061, 1461, 1062, 323, 1004, 1462, 1004, 325, 1063, 1462, 1063, 324, 1003, 1462, 1003, 322, 1062, 1462, 1063, 325, 1006, 1463, 1006, 327, 1064, 1463, 1064, 326, 1005, 1463, 1005, 324, 1063, 1463, 1064, 327, 1008, 1464, 1008, 329, 1065, 1464, 1065, 328, 1007, 1464, 1007, 326, 1064, 1464, 1065, 329, 1010, 1465, 1010, 331, 1066, 1465, 1066, 330, 1009, 1465, 1009, 328, 1065, 1465, 1066, 331, 1012, 1466, 1012, 333, 1067, 1466, 1067, 332, 1011, 1466, 1011, 330, 1066, 1466, 1067, 333, 1014, 1467, 1014, 335, 1068, 1467, 1068, 334, 1013, 1467, 1013, 332, 1067, 1467, 1068, 335, 1016, 1468, 1016, 337, 1069, 1468, 1069, 336, 1015, 1468, 1015, 334, 1068, 1468, 1069, 337, 1018, 1469, 1018, 339, 1070, 1469, 1070, 338, 1017, 1469, 1017, 336, 1069, 1469, 1070, 339, 1020, 1470, 1020, 341, 1071, 1470, 1071, 340, 1019, 1470, 1019, 338, 1070, 1470, 1071, 341, 1022, 1471, 1022, 343, 1072, 1471, 1072, 342, 1021, 1471, 1021, 340, 1071, 1471, 1072, 343, 1024, 1472, 1024, 345, 1073, 1472, 1073, 344, 1023, 1472, 1023, 342, 1072, 1472, 1073, 345, 1026, 1473, 1026, 347, 1074, 1473, 1074, 346, 1025, 1473, 1025, 344, 1073, 1473, 1074, 347, 1028, 1474, 1028, 349, 1075, 1474, 1075, 348, 1027, 1474, 1027, 346, 1074, 1474, 1075, 349, 1030, 1475, 1030, 351, 1076, 1475, 1076, 350, 1029, 1475, 1029, 348, 1075, 1475, 1076, 351, 1032, 1476, 1032, 353, 1077, 1476, 1077, 352, 1031, 1476, 1031, 350, 1076, 1476, 1077, 353, 1034, 1477, 1034, 355, 1078, 1477, 1078, 354, 1033, 1477, 1033, 352, 1077, 1477, 1078, 355, 1036, 1478, 1036, 357, 1079, 1478, 1079, 356, 1035, 1478, 1035, 354, 1078, 1478, 1079, 357, 1038, 1479, 1038, 359, 1041, 1479, 1041, 358, 1037, 1479, 1037, 356, 1079, 1479, 1082, 360, 1080, 1480, 1080, 258, 857, 1480, 857, 256, 1081, 1480, 1081, 361, 1082, 1480, 1084, 361, 1081, 1481, 1081, 256, 855, 1481, 855, 254, 1083, 1481, 1083, 362, 1084, 1481, 1086, 362, 1083, 1482, 1083, 254, 853, 1482, 853, 252, 1085, 1482, 1085, 363, 1086, 1482, 1088, 363, 1085, 1483, 1085, 252, 851, 1483, 851, 250, 1087, 1483, 1087, 364, 1088, 1483, 1090, 364, 1087, 1484, 1087, 250, 849, 1484, 849, 248, 1089, 1484, 1089, 365, 1090, 1484, 1092, 365, 1089, 1485, 1089, 248, 847, 1485, 847, 246, 1091, 1485, 1091, 366, 1092, 1485, 1094, 366, 1091, 1486, 1091, 246, 845, 1486, 845, 244, 1093, 1486, 1093, 367, 1094, 1486, 1096, 367, 1093, 1487, 1093, 244, 843, 1487, 843, 242, 1095, 1487, 1095, 368, 1096, 1487, 1098, 368, 1095, 1488, 1095, 242, 841, 1488, 841, 240, 1097, 1488, 1097, 369, 1098, 1488, 1100, 369, 1097, 1489, 1097, 240, 839, 1489, 839, 238, 1099, 1489, 1099, 370, 1100, 1489, 1102, 370, 1099, 1490, 1099, 238, 837, 1490, 837, 236, 1101, 1490, 1101, 371, 1102, 1490, 1104, 371, 1101, 1491, 1101, 236, 835, 1491, 835, 234, 1103, 1491, 1103, 372, 1104, 1491, 1106, 372, 1103, 1492, 1103, 234, 833, 1492, 833, 232, 1105, 1492, 1105, 373, 1106, 1492, 1108, 373, 1105, 1493, 1105, 232, 831, 1493, 831, 230, 1107, 1493, 1107, 374, 1108, 1493, 1110, 374, 1107, 1494, 1107, 230, 829, 1494, 829, 228, 1109, 1494, 1109, 375, 1110, 1494, 1112, 375, 1109, 1495, 1109, 228, 827, 1495, 827, 226, 1111, 1495, 1111, 376, 1112, 1495, 1114, 376, 1111, 1496, 1111, 226, 825, 1496, 825, 224, 1113, 1496, 1113, 377, 1114, 1496, 1116, 377, 1113, 1497, 1113, 224, 823, 1497, 823, 222, 1115, 1497, 1115, 378, 1116, 1497, 1118, 378, 1115, 1498, 1115, 222, 821, 1498, 821, 220, 1117, 1498, 1117, 379, 1118, 1498, 1120, 379, 1117, 1499, 1117, 220, 819, 1499, 819, 218, 1119, 1499, 1119, 380, 1120, 1499, 1122, 380, 1119, 1500, 1119, 218, 817, 1500, 817, 216, 1121, 1500, 1121, 381, 1122, 1500, 1124, 381, 1121, 1501, 1121, 216, 815, 1501, 815, 214, 1123, 1501, 1123, 382, 1124, 1501, 1126, 382, 1123, 1502, 1123, 214, 813, 1502, 813, 212, 1125, 1502, 1125, 383, 1126, 1502, 1128, 383, 1125, 1503, 1125, 212, 811, 1503, 811, 210, 1127, 1503, 1127, 384, 1128, 1503, 1130, 384, 1127, 1504, 1127, 210, 809, 1504, 809, 208, 1129, 1504, 1129, 385, 1130, 1504, 1132, 385, 1129, 1505, 1129, 208, 807, 1505, 807, 206, 1131, 1505, 1131, 386, 1132, 1505, 1134, 386, 1131, 1506, 1131, 206, 805, 1506, 805, 202, 1133, 1506, 1133, 387, 1134, 1506, 1136, 387, 1133, 1507, 1133, 202, 801, 1507, 801, 200, 1135, 1507, 1135, 388, 1136, 1507, 1138, 388, 1135, 1508, 1135, 200, 799, 1508, 799, 204, 678, 1508, 678, 389, 1138, 1508, 1140, 389, 678, 1509, 678, 204, 803, 1509, 803, 278, 716, 1509, 716, 390, 1140, 1509, 1142, 390, 716, 1510, 716, 278, 877, 1510, 877, 276, 1141, 1510, 1141, 391, 1142, 1510, 1144, 391, 1141, 1511, 1141, 276, 875, 1511, 875, 274, 1143, 1511, 1143, 392, 1144, 1511, 1146, 392, 1143, 1512, 1143, 274, 873, 1512, 873, 272, 1145, 1512, 1145, 393, 1146, 1512, 1148, 393, 1145, 1513, 1145, 272, 871, 1513, 871, 270, 1147, 1513, 1147, 394, 1148, 1513, 1150, 394, 1147, 1514, 1147, 270, 869, 1514, 869, 268, 1149, 1514, 1149, 395, 1150, 1514, 1152, 395, 1149, 1515, 1149, 268, 867, 1515, 867, 266, 1151, 1515, 1151, 396, 1152, 1515, 1154, 396, 1151, 1516, 1151, 266, 865, 1516, 865, 264, 1153, 1516, 1153, 397, 1154, 1516, 1156, 397, 1153, 1517, 1153, 264, 863, 1517, 863, 262, 1155, 1517, 1155, 398, 1156, 1517, 1158, 398, 1155, 1518, 1155, 262, 861, 1518, 861, 260, 1157, 1518, 1157, 399, 1158, 1518, 1159, 399, 1157, 1519, 1157, 260, 859, 1519, 859, 258, 1080, 1519, 1080, 360, 1159, 1519]
        rel material:binding = </capsule_pod/Looks/flange_mat>
        normal3f[] normals = [(0.970604, 0.23302, 0.060239), (0.985895, 0.156147, 0.060245), (0.987684, 0.156431, -0.003036), (0.972366, 0.233444, -0.003038), (0.987684, 0.156431, -0.003036), (0.984466, 0.155919, -0.080715), (0.969197, 0.232681, -0.08072), (0.972366, 0.233444, -0.003038), (0.969197, 0.232681, -0.08072), (0.947953, 0.308009, -0.080718), (0.951052, 0.309016, -0.00304), (0.972366, 0.233444, -0.003038), (0.951052, 0.309016, -0.00304), (0.949329, 0.308456, 0.060244), (0.970604, 0.23302, 0.060239), (0.972366, 0.233444, -0.003038), (0.922201, 0.381989, 0.060247), (0.949329, 0.308456, 0.060244), (0.951052, 0.309016, -0.00304), (0.923875, 0.382682, -0.003044), (0.951052, 0.309016, -0.00304), (0.947953, 0.308009, -0.080718), (0.920865, 0.381434, -0.080715), (0.923875, 0.382682, -0.003044), (0.920865, 0.381434, -0.080715), (0.8881, 0.452507, -0.080716), (0.891002, 0.45399, -0.003043), (0.923875, 0.382682, -0.003044), (0.891002, 0.45399, -0.003043), (0.889387, 0.453168, 0.060243), (0.922201, 0.381989, 0.060247), (0.923875, 0.382682, -0.003044), (0.851092, 0.52155, 0.060238), (0.889387, 0.453168, 0.060243), (0.891002, 0.45399, -0.003043), (0.852636, 0.522497, -0.003039), (0.891002, 0.45399, -0.003043), (0.8881, 0.452507, -0.080716), (0.849858, 0.520793, -0.08072), (0.852636, 0.522497, -0.003039), (0.849858, 0.520793, -0.08072), (0.806377, 0.585867, -0.080718), (0.809012, 0.587784, -0.00304), (0.852636, 0.522497, -0.003039), (0.809012, 0.587784, -0.00304), (0.807548, 0.586717, 0.060245), (0.851092, 0.52155, 0.060238), (0.852636, 0.522497, -0.003039), (0.759024, 0.648269, 0.060248), (0.807548, 0.586717, 0.060245), (0.809012, 0.587784, -0.00304), (0.760401, 0.649447, -0.003042), (0.809012, 0.587784, -0.00304), (0.806377, 0.585867, -0.080718), (0.757926, 0.647327, -0.080716), (0.760401, 0.649447, -0.003042), (0.757926, 0.647327, -0.080716), (0.704802, 0.704797, -0.080719), (0.707103, 0.707104, -0.003045), (0.760401, 0.649447, -0.003042), (0.707103, 0.707104, -0.003045), (0.705821, 0.705824, 0.060244), (0.759024, 0.648269, 0.060248), (0.760401, 0.649447, -0.003042), (0.648268, 0.759026, 0.060244), (0.705821, 0.705824, 0.060244), (0.707103, 0.707104, -0.003045), (0.649445, 0.760403, -0.003045), (0.707103, 0.707104, -0.003045), (0.704802, 0.704797, -0.080719), (0.647331, 0.757923, -0.080717), (0.649445, 0.760403, -0.003045), (0.647331, 0.757923, -0.080717), (0.585868, 0.806377, -0.080715), (0.587781, 0.809014, -0.003044), (0.649445, 0.760403, -0.003045), (0.587781, 0.809014, -0.003044), (0.586717, 0.807548, 0.060248), (0.648268, 0.759026, 0.060244), (0.649445, 0.760403, -0.003045), (0.521548, 0.851092, 0.060247), (0.586717, 0.807548, 0.060248), (0.587781, 0.809014, -0.003044), (0.522493, 0.852638, -0.003043), (0.587781, 0.809014, -0.003044), (0.585868, 0.806377, -0.080715), (0.520796, 0.849857, -0.080713), (0.522493, 0.852638, -0.003043), (0.520796, 0.849857, -0.080713), (0.452513, 0.888097, -0.080715), (0.453987, 0.891003, -0.003043), (0.522493, 0.852638, -0.003043), (0.453987, 0.891003, -0.003043), (0.453165, 0.889389, 0.060245), (0.521548, 0.851092, 0.060247), (0.522493, 0.852638, -0.003043), (0.381986, 0.922202, 0.060245), (0.453165, 0.889389, 0.060245), (0.453987, 0.891003, -0.003043), (0.382681, 0.923876, -0.003042), (0.453987, 0.891003, -0.003043), (0.452513, 0.888097, -0.080715), (0.381438, 0.920863, -0.080718), (0.382681, 0.923876, -0.003042), (0.381438, 0.920863, -0.080718), (0.30801, 0.947952, -0.080721), (0.309015, 0.951052, -0.003042), (0.382681, 0.923876, -0.003042), (0.309015, 0.951052, -0.003042), (0.308457, 0.949328, 0.06025), (0.381986, 0.922202, 0.060245), (0.382681, 0.923876, -0.003042), (0.233024, 0.970603, 0.060253), (0.308457, 0.949328, 0.06025), (0.309015, 0.951052, -0.003042), (0.233443, 0.972366, -0.003041), (0.309015, 0.951052, -0.003042), (0.30801, 0.947952, -0.080721), (0.232684, 0.969197, -0.080721), (0.233443, 0.972366, -0.003041), (0.232684, 0.969197, -0.080721), (0.155926, 0.984465, -0.080721), (0.156433, 0.987684, -0.003041), (0.233443, 0.972366, -0.003041), (0.156433, 0.987684, -0.003041), (0.156151, 0.985894, 0.060249), (0.233024, 0.970603, 0.060253), (0.233443, 0.972366, -0.003041), (0.078316, 0.995107, 0.060245), (0.156151, 0.985894, 0.060249), (0.156433, 0.987684, -0.003041), (0.078459, 0.996913, -0.003041), (0.156433, 0.987684, -0.003041), (0.155926, 0.984465, -0.080721), (0.078204, 0.993664, -0.08072), (0.078459, 0.996913, -0.003041), (0.078204, 0.993664, -0.08072), (-0, 0.996737, -0.08072), (0, 0.999995, -0.003042), (0.078459, 0.996913, -0.003041), (0, 0.999995, -0.003042), (0, 0.998184, 0.060244), (0.078316, 0.995107, 0.060245), (0.078459, 0.996913, -0.003041), (-0.078317, 0.995107, 0.060245), (0, 0.998184, 0.060244), (0, 0.999995, -0.003042), (-0.078459, 0.996913, -0.003041), (0, 0.999995, -0.003042), (-0, 0.996737, -0.08072), (-0.078204, 0.993664, -0.080719), (-0.078459, 0.996913, -0.003041), (-0.078204, 0.993664, -0.080719), (-0.155926, 0.984465, -0.08072), (-0.156434, 0.987684, -0.003041), (-0.078459, 0.996913, -0.003041), (-0.156434, 0.987684, -0.003041), (-0.156151, 0.985894, 0.060247), (-0.078317, 0.995107, 0.060245), (-0.078459, 0.996913, -0.003041), (-0.233023, 0.970603, 0.060245), (-0.156151, 0.985894, 0.060247), (-0.156434, 0.987684, -0.003041), (-0.233443, 0.972366, -0.00304), (-0.156434, 0.987684, -0.003041), (-0.155926, 0.984465, -0.08072), (-0.232685, 0.969197, -0.08072), (-0.233443, 0.972366, -0.00304), (-0.232685, 0.969197, -0.08072), (-0.30801, 0.947952, -0.08072), (-0.309015, 0.951052, -0.00304), (-0.233443, 0.972366, -0.00304), (-0.309015, 0.951052, -0.00304), (-0.308456, 0.949329, 0.060244), (-0.233023, 0.970603, 0.060245), (-0.233443, 0.972366, -0.00304), (-0.381986, 0.922203, 0.06024), (-0.308456, 0.949329, 0.060244), (-0.309015, 0.951052, -0.00304), (-0.382681, 0.923876, -0.00304), (-0.309015, 0.951052, -0.00304), (-0.30801, 0.947952, -0.08072), (-0.381437, 0.920864, -0.080719), (-0.382681, 0.923876, -0.00304), (-0.381437, 0.920864, -0.080719), (-0.452509, 0.888099, -0.080719), (-0.453988, 0.891003, -0.003043), (-0.382681, 0.923876, -0.00304), (-0.453988, 0.891003, -0.003043), (-0.453164, 0.889389, 0.06024), (-0.381986, 0.922203, 0.06024), (-0.382681, 0.923876, -0.00304), (-0.521549, 0.851092, 0.060242), (-0.453164, 0.889389, 0.06024), (-0.453988, 0.891003, -0.003043), (-0.522496, 0.852636, -0.003043), (-0.453988, 0.891003, -0.003043), (-0.452509, 0.888099, -0.080719), (-0.520792, 0.849859, -0.080717), (-0.522496, 0.852636, -0.003043), (-0.520792, 0.849859, -0.080717), (-0.585868, 0.806377, -0.080718), (-0.587782, 0.809014, -0.003043), (-0.522496, 0.852636, -0.003043), (-0.587782, 0.809014, -0.003043), (-0.586719, 0.807546, 0.060244), (-0.521549, 0.851092, 0.060242), (-0.522496, 0.852636, -0.003043), (-0.64827, 0.759023, 0.060244), (-0.586719, 0.807546, 0.060244), (-0.587782, 0.809014, -0.003043), (-0.649444, 0.760403, -0.003043), (-0.587782, 0.809014, -0.003043), (-0.585868, 0.806377, -0.080718), (-0.647331, 0.757923, -0.080719), (-0.649444, 0.760403, -0.003043), (-0.647331, 0.757923, -0.080719), (-0.704801, 0.704798, -0.080716), (-0.707104, 0.707103, -0.00304), (-0.649444, 0.760403, -0.003043), (-0.707104, 0.707103, -0.00304), (-0.705823, 0.705822, 0.060246), (-0.64827, 0.759023, 0.060244), (-0.649444, 0.760403, -0.003043), (-0.759027, 0.648265, 0.060251), (-0.705823, 0.705822, 0.060246), (-0.707104, 0.707103, -0.00304), (-0.760403, 0.649444, -0.00304), (-0.707104, 0.707103, -0.00304), (-0.704801, 0.704798, -0.080716), (-0.757925, 0.64733, -0.08071), (-0.760403, 0.649444, -0.00304), (-0.757925, 0.64733, -0.08071), (-0.806379, 0.585866, -0.080709), (-0.809013, 0.587782, -0.00304), (-0.760403, 0.649444, -0.00304), (-0.809013, 0.587782, -0.00304), (-0.807549, 0.586716, 0.06025), (-0.759027, 0.648265, 0.060251), (-0.760403, 0.649444, -0.00304), (-0.85109, 0.521552, 0.060247), (-0.807549, 0.586716, 0.06025), (-0.809013, 0.587782, -0.00304), (-0.852635, 0.522498, -0.003039), (-0.809013, 0.587782, -0.00304), (-0.806379, 0.585866, -0.080709), (-0.849861, 0.52079, -0.08071), (-0.852635, 0.522498, -0.003039), (-0.849861, 0.52079, -0.08071), (-0.888101, 0.452506, -0.080718), (-0.891001, 0.453991, -0.003039), (-0.852635, 0.522498, -0.003039), (-0.891001, 0.453991, -0.003039), (-0.889387, 0.453168, 0.060243), (-0.85109, 0.521552, 0.060247), (-0.852635, 0.522498, -0.003039), (-0.922201, 0.381989, 0.060239), (-0.889387, 0.453168, 0.060243), (-0.891001, 0.453991, -0.003039), (-0.923875, 0.382683, -0.003038), (-0.891001, 0.453991, -0.003039), (-0.888101, 0.452506, -0.080718), (-0.920865, 0.381433, -0.080723), (-0.923875, 0.382683, -0.003038), (-0.920865, 0.381433, -0.080723), (-0.947953, 0.308008, -0.08072), (-0.951052, 0.309017, -0.003037), (-0.923875, 0.382683, -0.003038), (-0.951052, 0.309017, -0.003037), (-0.949329, 0.308457, 0.060247), (-0.922201, 0.381989, 0.060239), (-0.923875, 0.382683, -0.003038), (-0.970603, 0.233022, 0.060246), (-0.949329, 0.308457, 0.060247), (-0.951052, 0.309017, -0.003037), (-0.972365, 0.233445, -0.00304), (-0.951052, 0.309017, -0.003037), (-0.947953, 0.308008, -0.08072), (-0.969197, 0.232683, -0.08072), (-0.972365, 0.233445, -0.00304), (-0.969197, 0.232683, -0.08072), (-0.984466, 0.155924, -0.080717), (-0.987684, 0.156434, -0.003039), (-0.972365, 0.233445, -0.00304), (-0.987684, 0.156434, -0.003039), (-0.985894, 0.156151, 0.060247), (-0.970603, 0.233022, 0.060246), (-0.972365, 0.233445, -0.00304), (-0.995106, 0.078317, 0.060253), (-0.985894, 0.156151, 0.060247), (-0.987684, 0.156434, -0.003039), (-0.996913, 0.078459, -0.003041), (-0.987684, 0.156434, -0.003039), (-0.984466, 0.155924, -0.080717), (-0.993664, 0.078202, -0.080721), (-0.996913, 0.078459, -0.003041), (-0.993664, 0.078202, -0.080721), (-0.996736, -0, -0.080732), (-0.999995, -0, -0.003042), (-0.996913, 0.078459, -0.003041), (-0.999995, -0, -0.003042), (-0.998183, 0, 0.060256), (-0.995106, 0.078317, 0.060253), (-0.996913, 0.078459, -0.003041), (-0.995106, -0.078316, 0.060257), (-0.998183, 0, 0.060256), (-0.999995, -0, -0.003042), (-0.996913, -0.078459, -0.00304), (-0.999995, -0, -0.003042), (-0.996736, -0, -0.080732), (-0.993664, -0.078202, -0.080722), (-0.996913, -0.078459, -0.00304), (-0.993664, -0.078202, -0.080722), (-0.984466, -0.155923, -0.080719), (-0.987684, -0.156434, -0.003037), (-0.996913, -0.078459, -0.00304), (-0.987684, -0.156434, -0.003037), (-0.985894, -0.15615, 0.060247), (-0.995106, -0.078316, 0.060257), (-0.996913, -0.078459, -0.00304), (-0.970604, -0.233021, 0.060243), (-0.985894, -0.15615, 0.060247), (-0.987684, -0.156434, -0.003037), (-0.972365, -0.233445, -0.003036), (-0.987684, -0.156434, -0.003037), (-0.984466, -0.155923, -0.080719), (-0.969197, -0.232683, -0.080723), (-0.972365, -0.233445, -0.003036), (-0.969197, -0.232683, -0.080723), (-0.947953, -0.308009, -0.080723), (-0.951052, -0.309017, -0.003036), (-0.972365, -0.233445, -0.003036), (-0.951052, -0.309017, -0.003036), (-0.949329, -0.308456, 0.060246), (-0.970604, -0.233021, 0.060243), (-0.972365, -0.233445, -0.003036), (-0.922201, -0.381989, 0.060248), (-0.949329, -0.308456, 0.060246), (-0.951052, -0.309017, -0.003036), (-0.923875, -0.382683, -0.003037), (-0.951052, -0.309017, -0.003036), (-0.947953, -0.308009, -0.080723), (-0.920865, -0.381436, -0.080712), (-0.923875, -0.382683, -0.003037), (-0.920865, -0.381436, -0.080712), (-0.8881, -0.452508, -0.080709), (-0.891002, -0.45399, -0.003038), (-0.923875, -0.382683, -0.003037), (-0.891002, -0.45399, -0.003038), (-0.889388, -0.453165, 0.060251), (-0.922201, -0.381989, 0.060248), (-0.923875, -0.382683, -0.003037), (-0.851093, -0.521547, 0.060247), (-0.889388, -0.453165, 0.060251), (-0.891002, -0.45399, -0.003038), (-0.852636, -0.522497, -0.003038), (-0.891002, -0.45399, -0.003038), (-0.8881, -0.452508, -0.080709), (-0.849858, -0.520794, -0.080718), (-0.852636, -0.522497, -0.003038), (-0.849858, -0.520794, -0.080718), (-0.806377, -0.585867, -0.080716), (-0.809012, -0.587784, -0.00304), (-0.852636, -0.522497, -0.003038), (-0.809012, -0.587784, -0.00304), (-0.807548, -0.586717, 0.060243), (-0.851093, -0.521547, 0.060247), (-0.852636, -0.522497, -0.003038), (-0.759024, -0.648269, 0.060244), (-0.807548, -0.586717, 0.060243), (-0.809012, -0.587784, -0.00304), (-0.760402, -0.649446, -0.00304), (-0.809012, -0.587784, -0.00304), (-0.806377, -0.585867, -0.080716), (-0.757925, -0.647329, -0.080716), (-0.760402, -0.649446, -0.00304), (-0.757925, -0.647329, -0.080716), (-0.704799, -0.7048, -0.08072), (-0.707103, -0.707104, -0.003039), (-0.760402, -0.649446, -0.00304), (-0.707103, -0.707104, -0.003039), (-0.705821, -0.705824, 0.060248), (-0.759024, -0.648269, 0.060244), (-0.760402, -0.649446, -0.00304), (-0.648268, -0.759025, 0.060244), (-0.705821, -0.705824, 0.060248), (-0.707103, -0.707104, -0.003039), (-0.649446, -0.760402, -0.003039), (-0.707103, -0.707104, -0.003039), (-0.704799, -0.7048, -0.08072), (-0.64733, -0.757923, -0.08072), (-0.649446, -0.760402, -0.003039), (-0.64733, -0.757923, -0.08072), (-0.585867, -0.806377, -0.080721), (-0.587782, -0.809013, -0.003038), (-0.649446, -0.760402, -0.003039), (-0.587782, -0.809013, -0.003038), (-0.586718, -0.807548, 0.060239), (-0.648268, -0.759025, 0.060244), (-0.649446, -0.760402, -0.003039), (-0.521549, -0.851092, 0.06024), (-0.586718, -0.807548, 0.060239), (-0.587782, -0.809013, -0.003038), (-0.522494, -0.852638, -0.003039), (-0.587782, -0.809013, -0.003038), (-0.585867, -0.806377, -0.080721), (-0.520793, -0.849859, -0.080718), (-0.522494, -0.852638, -0.003039), (-0.520793, -0.849859, -0.080718), (-0.45251, -0.888099, -0.080721), (-0.453986, -0.891004, -0.00304), (-0.522494, -0.852638, -0.003039), (-0.453986, -0.891004, -0.00304), (-0.453164, -0.889389, 0.060244), (-0.521549, -0.851092, 0.06024), (-0.522494, -0.852638, -0.003039), (-0.381985, -0.922203, 0.060246), (-0.453164, -0.889389, 0.060244), (-0.453986, -0.891004, -0.00304), (-0.382681, -0.923876, -0.00304), (-0.453986, -0.891004, -0.00304), (-0.45251, -0.888099, -0.080721), (-0.381437, -0.920863, -0.080723), (-0.382681, -0.923876, -0.00304), (-0.381437, -0.920863, -0.080723), (-0.30801, -0.947953, -0.080719), (-0.309015, -0.951052, -0.003041), (-0.382681, -0.923876, -0.00304), (-0.309015, -0.951052, -0.003041), (-0.308456, -0.949328, 0.060251), (-0.381985, -0.922203, 0.060246), (-0.382681, -0.923876, -0.00304), (-0.233024, -0.970603, 0.060253), (-0.308456, -0.949328, 0.060251), (-0.309015, -0.951052, -0.003041), (-0.233443, -0.972366, -0.003041), (-0.309015, -0.951052, -0.003041), (-0.30801, -0.947953, -0.080719), (-0.232684, -0.969197, -0.080719), (-0.233443, -0.972366, -0.003041), (-0.232684, -0.969197, -0.080719), (-0.155926, -0.984465, -0.08072), (-0.156433, -0.987684, -0.003041), (-0.233443, -0.972366, -0.003041), (-0.156433, -0.987684, -0.003041), (-0.156152, -0.985894, 0.06025), (-0.233024, -0.970603, 0.060253), (-0.233443, -0.972366, -0.003041), (-0.078317, -0.995106, 0.060247), (-0.156152, -0.985894, 0.06025), (-0.156433, -0.987684, -0.003041), (-0.078459, -0.996913, -0.003041), (-0.156433, -0.987684, -0.003041), (-0.155926, -0.984465, -0.08072), (-0.078205, -0.993664, -0.080717), (-0.078459, -0.996913, -0.003041), (-0.078205, -0.993664, -0.080717), (0, -0.996737, -0.080716), (-0, -0.999995, -0.003042), (-0.078459, -0.996913, -0.003041), (-0, -0.999995, -0.003042), (0, -0.998183, 0.060251), (-0.078317, -0.995106, 0.060247), (-0.078459, -0.996913, -0.003041), (0.078316, -0.995106, 0.060251), (0, -0.998183, 0.060251), (-0, -0.999995, -0.003042), (0.078459, -0.996913, -0.003041), (-0, -0.999995, -0.003042), (0, -0.996737, -0.080716), (0.078204, -0.993664, -0.080718), (0.078459, -0.996913, -0.003041), (0.078204, -0.993664, -0.080718), (0.155926, -0.984465, -0.08072), (0.156434, -0.987684, -0.003041), (0.078459, -0.996913, -0.003041), (0.156434, -0.987684, -0.003041), (0.156151, -0.985894, 0.060251), (0.078316, -0.995106, 0.060251), (0.078459, -0.996913, -0.003041), (0.233023, -0.970603, 0.060252), (0.156151, -0.985894, 0.060251), (0.156434, -0.987684, -0.003041), (0.233443, -0.972366, -0.00304), (0.156434, -0.987684, -0.003041), (0.155926, -0.984465, -0.08072), (0.232685, -0.969197, -0.080721), (0.233443, -0.972366, -0.00304), (0.232685, -0.969197, -0.080721), (0.30801, -0.947953, -0.08072), (0.309014, -0.951053, -0.00304), (0.233443, -0.972366, -0.00304), (0.309014, -0.951053, -0.00304), (0.308456, -0.949328, 0.060253), (0.233023, -0.970603, 0.060252), (0.233443, -0.972366, -0.00304), (0.381987, -0.922202, 0.060253), (0.308456, -0.949328, 0.060253), (0.309014, -0.951053, -0.00304), (0.382681, -0.923876, -0.003039), (0.309014, -0.951053, -0.00304), (0.30801, -0.947953, -0.08072), (0.381436, -0.920864, -0.080718), (0.382681, -0.923876, -0.003039), (0.381436, -0.920864, -0.080718), (0.452512, -0.888098, -0.080715), (0.453987, -0.891003, -0.003039), (0.382681, -0.923876, -0.003039), (0.453987, -0.891003, -0.003039), (0.453166, -0.889388, 0.060248), (0.381987, -0.922202, 0.060253), (0.382681, -0.923876, -0.003039), (0.521551, -0.851091, 0.060246), (0.453166, -0.889388, 0.060248), (0.453987, -0.891003, -0.003039), (0.522495, -0.852637, -0.003039), (0.453987, -0.891003, -0.003039), (0.452512, -0.888098, -0.080715), (0.520795, -0.849857, -0.080714), (0.522495, -0.852637, -0.003039), (0.520795, -0.849857, -0.080714), (0.585867, -0.806378, -0.080714), (0.587783, -0.809013, -0.00304), (0.522495, -0.852637, -0.003039), (0.587783, -0.809013, -0.00304), (0.586719, -0.807546, 0.06025), (0.521551, -0.851091, 0.060246), (0.522495, -0.852637, -0.003039), (0.648269, -0.759024, 0.060252), (0.586719, -0.807546, 0.06025), (0.587783, -0.809013, -0.00304), (0.649445, -0.760402, -0.00304), (0.587783, -0.809013, -0.00304), (0.585867, -0.806378, -0.080714), (0.64733, -0.757924, -0.080716), (0.649445, -0.760402, -0.00304), (0.64733, -0.757924, -0.080716), (0.704801, -0.704798, -0.080721), (0.707103, -0.707104, -0.003039), (0.649445, -0.760402, -0.00304), (0.707103, -0.707104, -0.003039), (0.705822, -0.705823, 0.060249), (0.648269, -0.759024, 0.060252), (0.649445, -0.760402, -0.00304), (0.759026, -0.648267, 0.060249), (0.705822, -0.705823, 0.060249), (0.707103, -0.707104, -0.003039), (0.760402, -0.649446, -0.003038), (0.707103, -0.707104, -0.003039), (0.704801, -0.704798, -0.080721), (0.757926, -0.647327, -0.080722), (0.760402, -0.649446, -0.003038), (0.757926, -0.647327, -0.080722), (0.806378, -0.585865, -0.080719), (0.809013, -0.587784, -0.00304), (0.760402, -0.649446, -0.003038), (0.809013, -0.587784, -0.00304), (0.807548, -0.586716, 0.06025), (0.759026, -0.648267, 0.060249), (0.760402, -0.649446, -0.003038), (0.851091, -0.52155, 0.060246), (0.807548, -0.586716, 0.06025), (0.809013, -0.587784, -0.00304), (0.852634, -0.5225, -0.003041), (0.809013, -0.587784, -0.00304), (0.806378, -0.585865, -0.080719), (0.849859, -0.520792, -0.080715), (0.852634, -0.5225, -0.003041), (0.849859, -0.520792, -0.080715), (0.8881, -0.452508, -0.080714), (0.891002, -0.45399, -0.003042), (0.852634, -0.5225, -0.003041), (0.891002, -0.45399, -0.003042), (0.889389, -0.453164, 0.060241), (0.851091, -0.52155, 0.060246), (0.852634, -0.5225, -0.003041), (0.922202, -0.381988, 0.06024), (0.889389, -0.453164, 0.060241), (0.891002, -0.45399, -0.003042), (0.923875, -0.382681, -0.003041), (0.891002, -0.45399, -0.003042), (0.8881, -0.452508, -0.080714), (0.920865, -0.381434, -0.080717), (0.923875, -0.382681, -0.003041), (0.920865, -0.381434, -0.080717), (0.947953, -0.308008, -0.08072), (0.951052, -0.309017, -0.00304), (0.923875, -0.382681, -0.003041), (0.951052, -0.309017, -0.00304), (0.949329, -0.308457, 0.060242), (0.922202, -0.381988, 0.06024), (0.923875, -0.382681, -0.003041), (0.970604, -0.233022, 0.060237), (0.949329, -0.308457, 0.060242), (0.951052, -0.309017, -0.00304), (0.972365, -0.233446, -0.003043), (0.951052, -0.309017, -0.00304), (0.947953, -0.308008, -0.08072), (0.969197, -0.232683, -0.08072), (0.972365, -0.233446, -0.003043), (0.969197, -0.232683, -0.08072), (0.984465, -0.155924, -0.08072), (0.987684, -0.156434, -0.003042), (0.972365, -0.233446, -0.003043), (0.987684, -0.156434, -0.003042), (0.985895, -0.15615, 0.060241), (0.970604, -0.233022, 0.060237), (0.972365, -0.233446, -0.003043), (0.995106, -0.078317, 0.060247), (0.985895, -0.15615, 0.060241), (0.987684, -0.156434, -0.003042), (0.996913, -0.07846, -0.003038), (0.987684, -0.156434, -0.003042), (0.984465, -0.155924, -0.08072), (0.993664, -0.078204, -0.080725), (0.996913, -0.07846, -0.003038), (0.993664, -0.078204, -0.080725), (0.996736, -0.000002, -0.080729), (0.999995, -0.000002, -0.00304), (0.996913, -0.07846, -0.003038), (0.999995, -0.000002, -0.00304), (0.998183, -0.000002, 0.060255), (0.995106, -0.078317, 0.060247), (0.996913, -0.07846, -0.003038), (0.995106, 0.078312, 0.060257), (0.998183, -0.000002, 0.060255), (0.999995, -0.000002, -0.00304), (0.996913, 0.078455, -0.00304), (0.999995, -0.000002, -0.00304), (0.996736, -0.000002, -0.080729), (0.993665, 0.078199, -0.080716), (0.996913, 0.078455, -0.00304), (0.993665, 0.078199, -0.080716), (0.984466, 0.155919, -0.080715), (0.987684, 0.156431, -0.003036), (0.996913, 0.078455, -0.00304), (0.987684, 0.156431, -0.003036), (0.985895, 0.156147, 0.060245), (0.995106, 0.078312, 0.060257), (0.996913, 0.078455, -0.00304), (0.723289, 0.173646, 0.668356), (0.707435, 0.229859, 0.668356), (0.631082, 0.205051, 0.748124), (0.645226, 0.154904, 0.748123), (0.631082, 0.205051, 0.748124), (0.286735, 0.093166, 0.953469), (0.293163, 0.070382, 0.953468), (0.645226, 0.154904, 0.748123), (0.293163, 0.070382, 0.953468), (0.297779, 0.047163, 0.953469), (0.655389, 0.103801, 0.748124), (0.645226, 0.154904, 0.748123), (0.655389, 0.103801, 0.748124), (0.734683, 0.116361, 0.668357), (0.723289, 0.173646, 0.668356), (0.645226, 0.154904, 0.748123), (0.687223, 0.284654, 0.668354), (0.66277, 0.337696, 0.668355), (0.591235, 0.301249, 0.748125), (0.61305, 0.253933, 0.748123), (0.591235, 0.301249, 0.748125), (0.26863, 0.136875, 0.953469), (0.278542, 0.115377, 0.953469), (0.61305, 0.253933, 0.748123), (0.278542, 0.115377, 0.953469), (0.286735, 0.093166, 0.953469), (0.631082, 0.205051, 0.748124), (0.61305, 0.253933, 0.748123), (0.631082, 0.205051, 0.748124), (0.707435, 0.229859, 0.668356), (0.687223, 0.284654, 0.668354), (0.61305, 0.253933, 0.748123), (0.634234, 0.38866, 0.668349), (0.601786, 0.437223, 0.668348), (0.53683, 0.39003, 0.748125), (0.565778, 0.346708, 0.748124), (0.53683, 0.39003, 0.748125), (0.243911, 0.177213, 0.953469), (0.257063, 0.157529, 0.953469), (0.565778, 0.346708, 0.748124), (0.257063, 0.157529, 0.953469), (0.26863, 0.136875, 0.953469), (0.591235, 0.301249, 0.748125), (0.565778, 0.346708, 0.748124), (0.591235, 0.301249, 0.748125), (0.66277, 0.337696, 0.668355), (0.634234, 0.38866, 0.668349), (0.565778, 0.346708, 0.748124), (0.565628, 0.483092, 0.668347), (0.525979, 0.525978, 0.668351), (0.469208, 0.469208, 0.748123), (0.504575, 0.430949, 0.748122), (0.469208, 0.469208, 0.748123), (0.213187, 0.213189, 0.953468), (0.229256, 0.195806, 0.953468), (0.504575, 0.430949, 0.748122), (0.229256, 0.195806, 0.953468), (0.243911, 0.177213, 0.953469), (0.53683, 0.39003, 0.748125), (0.504575, 0.430949, 0.748122), (0.53683, 0.39003, 0.748125), (0.601786, 0.437223, 0.668348), (0.565628, 0.483092, 0.668347), (0.504575, 0.430949, 0.748122), (0.483089, 0.565624, 0.668352), (0.437222, 0.601782, 0.668352), (0.390031, 0.536829, 0.748125), (0.430949, 0.504576, 0.748122), (0.390031, 0.536829, 0.748125), (0.177212, 0.243914, 0.953468), (0.195804, 0.229258, 0.953468), (0.430949, 0.504576, 0.748122), (0.195804, 0.229258, 0.953468), (0.213187, 0.213189, 0.953468), (0.469208, 0.469208, 0.748123), (0.430949, 0.504576, 0.748122), (0.469208, 0.469208, 0.748123), (0.525979, 0.525978, 0.668351), (0.483089, 0.565624, 0.668352), (0.430949, 0.504576, 0.748122), (0.388661, 0.634231, 0.668351), (0.3377, 0.66277, 0.668352), (0.301249, 0.591233, 0.748126), (0.346709, 0.565777, 0.748123), (0.301249, 0.591233, 0.748126), (0.136874, 0.268628, 0.95347), (0.157529, 0.257067, 0.953468), (0.346709, 0.565777, 0.748123), (0.157529, 0.257067, 0.953468), (0.177212, 0.243914, 0.953468), (0.390031, 0.536829, 0.748125), (0.346709, 0.565777, 0.748123), (0.390031, 0.536829, 0.748125), (0.437222, 0.601782, 0.668352), (0.388661, 0.634231, 0.668351), (0.346709, 0.565777, 0.748123), (0.284658, 0.687222, 0.668353), (0.22986, 0.707436, 0.668355), (0.205051, 0.63108, 0.748126), (0.253934, 0.613047, 0.748125), (0.205051, 0.63108, 0.748126), (0.093166, 0.286734, 0.953469), (0.115376, 0.278538, 0.95347), (0.253934, 0.613047, 0.748125), (0.115376, 0.278538, 0.95347), (0.136874, 0.268628, 0.95347), (0.301249, 0.591233, 0.748126), (0.253934, 0.613047, 0.748125), (0.301249, 0.591233, 0.748126), (0.3377, 0.66277, 0.668352), (0.284658, 0.687222, 0.668353), (0.253934, 0.613047, 0.748125), (0.173646, 0.723293, 0.668352), (0.116363, 0.734685, 0.668354), (0.103804, 0.655389, 0.748125), (0.154905, 0.645227, 0.748122), (0.103804, 0.655389, 0.748125), (0.047164, 0.297779, 0.953469), (0.070382, 0.293164, 0.953468), (0.154905, 0.645227, 0.748122), (0.070382, 0.293164, 0.953468), (0.093166, 0.286734, 0.953469), (0.205051, 0.63108, 0.748126), (0.154905, 0.645227, 0.748122), (0.205051, 0.63108, 0.748126), (0.22986, 0.707436, 0.668355), (0.173646, 0.723293, 0.668352), (0.154905, 0.645227, 0.748122), (0.058362, 0.741551, 0.668353), (0, 0.743842, 0.668355), (-0, 0.663556, 0.748127), (0.052063, 0.661512, 0.748125), (-0, 0.663556, 0.748127), (0, 0.30149, 0.953469), (0.023655, 0.300561, 0.953469), (0.052063, 0.661512, 0.748125), (0.023655, 0.300561, 0.953469), (0.047164, 0.297779, 0.953469), (0.103804, 0.655389, 0.748125), (0.052063, 0.661512, 0.748125), (0.103804, 0.655389, 0.748125), (0.116363, 0.734685, 0.668354), (0.058362, 0.741551, 0.668353), (0.052063, 0.661512, 0.748125), (-0.058361, 0.741553, 0.668351), (-0.116363, 0.734689, 0.66835), (-0.103803, 0.655389, 0.748124), (-0.052062, 0.661513, 0.748124), (-0.103803, 0.655389, 0.748124), (-0.047164, 0.29778, 0.953469), (-0.023655, 0.300561, 0.953469), (-0.052062, 0.661513, 0.748124), (-0.023655, 0.300561, 0.953469), (0, 0.30149, 0.953469), (-0, 0.663556, 0.748127), (-0.052062, 0.661513, 0.748124), (-0, 0.663556, 0.748127), (0, 0.743842, 0.668355), (-0.058361, 0.741553, 0.668351), (-0.052062, 0.661513, 0.748124), (-0.173647, 0.723296, 0.668349), (-0.22986, 0.707437, 0.668354), (-0.205051, 0.631082, 0.748124), (-0.154906, 0.645227, 0.748122), (-0.205051, 0.631082, 0.748124), (-0.093166, 0.286735, 0.953469), (-0.070382, 0.293165, 0.953468), (-0.154906, 0.645227, 0.748122), (-0.070382, 0.293165, 0.953468), (-0.047164, 0.29778, 0.953469), (-0.103803, 0.655389, 0.748124), (-0.154906, 0.645227, 0.748122), (-0.103803, 0.655389, 0.748124), (-0.116363, 0.734689, 0.66835), (-0.173647, 0.723296, 0.668349), (-0.154906, 0.645227, 0.748122), (-0.284656, 0.687221, 0.668355), (-0.337697, 0.662768, 0.668355), (-0.301249, 0.591233, 0.748126), (-0.253934, 0.613049, 0.748123), (-0.301249, 0.591233, 0.748126), (-0.136874, 0.26863, 0.953469), (-0.115377, 0.27854, 0.953469), (-0.253934, 0.613049, 0.748123), (-0.115377, 0.27854, 0.953469), (-0.093166, 0.286735, 0.953469), (-0.205051, 0.631082, 0.748124), (-0.253934, 0.613049, 0.748123), (-0.205051, 0.631082, 0.748124), (-0.22986, 0.707437, 0.668354), (-0.284656, 0.687221, 0.668355), (-0.253934, 0.613049, 0.748123), (-0.388658, 0.63423, 0.668354), (-0.437221, 0.601781, 0.668354), (-0.39003, 0.536829, 0.748125), (-0.346709, 0.565776, 0.748124), (-0.39003, 0.536829, 0.748125), (-0.177211, 0.243912, 0.953469), (-0.157529, 0.257066, 0.953468), (-0.346709, 0.565776, 0.748124), (-0.157529, 0.257066, 0.953468), (-0.136874, 0.26863, 0.953469), (-0.301249, 0.591233, 0.748126), (-0.346709, 0.565776, 0.748124), (-0.301249, 0.591233, 0.748126), (-0.337697, 0.662768, 0.668355), (-0.388658, 0.63423, 0.668354), (-0.346709, 0.565776, 0.748124), (-0.483089, 0.565624, 0.668352), (-0.525977, 0.525977, 0.668353), (-0.469207, 0.469208, 0.748124), (-0.430948, 0.504576, 0.748123), (-0.469207, 0.469208, 0.748124), (-0.213186, 0.213186, 0.953469), (-0.195803, 0.229257, 0.953469), (-0.430948, 0.504576, 0.748123), (-0.195803, 0.229257, 0.953469), (-0.177211, 0.243912, 0.953469), (-0.39003, 0.536829, 0.748125), (-0.430948, 0.504576, 0.748123), (-0.39003, 0.536829, 0.748125), (-0.437221, 0.601781, 0.668354), (-0.483089, 0.565624, 0.668352), (-0.430948, 0.504576, 0.748123), (-0.565624, 0.483092, 0.66835), (-0.601782, 0.437223, 0.668351), (-0.53683, 0.390031, 0.748124), (-0.504575, 0.430948, 0.748122), (-0.53683, 0.390031, 0.748124), (-0.243911, 0.177214, 0.953469), (-0.229257, 0.195805, 0.953468), (-0.504575, 0.430948, 0.748122), (-0.229257, 0.195805, 0.953468), (-0.213186, 0.213186, 0.953469), (-0.469207, 0.469208, 0.748124), (-0.504575, 0.430948, 0.748122), (-0.469207, 0.469208, 0.748124), (-0.525977, 0.525977, 0.668353), (-0.565624, 0.483092, 0.66835), (-0.504575, 0.430948, 0.748122), (-0.634233, 0.38866, 0.66835), (-0.662769, 0.337697, 0.668355), (-0.591236, 0.301249, 0.748124), (-0.565778, 0.346709, 0.748123), (-0.591236, 0.301249, 0.748124), (-0.268632, 0.136876, 0.953468), (-0.257065, 0.157531, 0.953468), (-0.565778, 0.346709, 0.748123), (-0.257065, 0.157531, 0.953468), (-0.243911, 0.177214, 0.953469), (-0.53683, 0.390031, 0.748124), (-0.565778, 0.346709, 0.748123), (-0.53683, 0.390031, 0.748124), (-0.601782, 0.437223, 0.668351), (-0.634233, 0.38866, 0.66835), (-0.565778, 0.346709, 0.748123), (-0.687222, 0.284653, 0.668355), (-0.707436, 0.229858, 0.668356), (-0.631082, 0.205052, 0.748124), (-0.61305, 0.253934, 0.748123), (-0.631082, 0.205052, 0.748124), (-0.286735, 0.093167, 0.953469), (-0.278544, 0.115378, 0.953468), (-0.61305, 0.253934, 0.748123), (-0.278544, 0.115378, 0.953468), (-0.268632, 0.136876, 0.953468), (-0.591236, 0.301249, 0.748124), (-0.61305, 0.253934, 0.748123), (-0.591236, 0.301249, 0.748124), (-0.662769, 0.337697, 0.668355), (-0.687222, 0.284653, 0.668355), (-0.61305, 0.253934, 0.748123), (-0.723289, 0.173647, 0.668356), (-0.734686, 0.116363, 0.668353), (-0.65539, 0.103804, 0.748123), (-0.645228, 0.154906, 0.748121), (-0.65539, 0.103804, 0.748123), (-0.297781, 0.047164, 0.953469), (-0.293163, 0.070382, 0.953468), (-0.645228, 0.154906, 0.748121), (-0.293163, 0.070382, 0.953468), (-0.286735, 0.093167, 0.953469), (-0.631082, 0.205052, 0.748124), (-0.645228, 0.154906, 0.748121), (-0.631082, 0.205052, 0.748124), (-0.707436, 0.229858, 0.668356), (-0.723289, 0.173647, 0.668356), (-0.645228, 0.154906, 0.748121), (-0.741557, 0.058363, 0.668346), (-0.743844, 0, 0.668354), (-0.663557, -0, 0.748125), (-0.661513, 0.052062, 0.748124), (-0.663557, -0, 0.748125), (-0.301489, -0, 0.95347), (-0.300562, 0.023655, 0.953469), (-0.661513, 0.052062, 0.748124), (-0.300562, 0.023655, 0.953469), (-0.297781, 0.047164, 0.953469), (-0.65539, 0.103804, 0.748123), (-0.661513, 0.052062, 0.748124), (-0.65539, 0.103804, 0.748123), (-0.734686, 0.116363, 0.668353), (-0.741557, 0.058363, 0.668346), (-0.661513, 0.052062, 0.748124), (-0.741553, -0.058362, 0.668351), (-0.734685, -0.116363, 0.668355), (-0.655391, -0.103803, 0.748123), (-0.661515, -0.052063, 0.748123), (-0.655391, -0.103803, 0.748123), (-0.297782, -0.047164, 0.953468), (-0.300562, -0.023656, 0.953469), (-0.661515, -0.052063, 0.748123), (-0.300562, -0.023656, 0.953469), (-0.301489, -0, 0.95347), (-0.663557, -0, 0.748125), (-0.661515, -0.052063, 0.748123), (-0.663557, -0, 0.748125), (-0.743844, 0, 0.668354), (-0.741553, -0.058362, 0.668351), (-0.661515, -0.052063, 0.748123), (-0.723291, -0.173649, 0.668353), (-0.707439, -0.22986, 0.668352), (-0.631081, -0.205051, 0.748125), (-0.645227, -0.154906, 0.748122), (-0.631081, -0.205051, 0.748125), (-0.286735, -0.093166, 0.953469), (-0.293165, -0.070382, 0.953468), (-0.645227, -0.154906, 0.748122), (-0.293165, -0.070382, 0.953468), (-0.297782, -0.047164, 0.953468), (-0.655391, -0.103803, 0.748123), (-0.645227, -0.154906, 0.748122), (-0.655391, -0.103803, 0.748123), (-0.734685, -0.116363, 0.668355), (-0.723291, -0.173649, 0.668353), (-0.645227, -0.154906, 0.748122), (-0.687226, -0.284654, 0.66835), (-0.662772, -0.337697, 0.668352), (-0.591236, -0.30125, 0.748124), (-0.61305, -0.253934, 0.748123), (-0.591236, -0.30125, 0.748124), (-0.268631, -0.136876, 0.953469), (-0.278543, -0.115377, 0.953468), (-0.61305, -0.253934, 0.748123), (-0.278543, -0.115377, 0.953468), (-0.286735, -0.093166, 0.953469), (-0.631081, -0.205051, 0.748125), (-0.61305, -0.253934, 0.748123), (-0.631081, -0.205051, 0.748125), (-0.707439, -0.22986, 0.668352), (-0.687226, -0.284654, 0.66835), (-0.61305, -0.253934, 0.748123), (-0.634233, -0.388659, 0.668351), (-0.601782, -0.437223, 0.668352), (-0.536831, -0.390031, 0.748123), (-0.565778, -0.34671, 0.748123), (-0.536831, -0.390031, 0.748123), (-0.243911, -0.177215, 0.953468), (-0.257064, -0.157531, 0.953468), (-0.565778, -0.34671, 0.748123), (-0.257064, -0.157531, 0.953468), (-0.268631, -0.136876, 0.953469), (-0.591236, -0.30125, 0.748124), (-0.565778, -0.34671, 0.748123), (-0.591236, -0.30125, 0.748124), (-0.662772, -0.337697, 0.668352), (-0.634233, -0.388659, 0.668351), (-0.565778, -0.34671, 0.748123), (-0.565624, -0.483092, 0.66835), (-0.525979, -0.525978, 0.668352), (-0.469209, -0.469209, 0.748122), (-0.504577, -0.43095, 0.74812), (-0.469209, -0.469209, 0.748122), (-0.213187, -0.213187, 0.953469), (-0.229257, -0.195805, 0.953468), (-0.504577, -0.43095, 0.74812), (-0.229257, -0.195805, 0.953468), (-0.243911, -0.177215, 0.953468), (-0.536831, -0.390031, 0.748123), (-0.504577, -0.43095, 0.74812), (-0.536831, -0.390031, 0.748123), (-0.601782, -0.437223, 0.668352), (-0.565624, -0.483092, 0.66835), (-0.504577, -0.43095, 0.74812), (-0.483091, -0.565625, 0.66835), (-0.437221, -0.60178, 0.668355), (-0.390031, -0.53683, 0.748124), (-0.43095, -0.504577, 0.748121), (-0.390031, -0.53683, 0.748124), (-0.177212, -0.243911, 0.953469), (-0.195805, -0.229258, 0.953468), (-0.43095, -0.504577, 0.748121), (-0.195805, -0.229258, 0.953468), (-0.213187, -0.213187, 0.953469), (-0.469209, -0.469209, 0.748122), (-0.43095, -0.504577, 0.748121), (-0.469209, -0.469209, 0.748122), (-0.525979, -0.525978, 0.668352), (-0.483091, -0.565625, 0.66835), (-0.43095, -0.504577, 0.748121), (-0.388659, -0.634228, 0.668356), (-0.337698, -0.662768, 0.668355), (-0.301249, -0.591236, 0.748124), (-0.346709, -0.565779, 0.748122), (-0.301249, -0.591236, 0.748124), (-0.136874, -0.26863, 0.953469), (-0.157529, -0.257065, 0.953469), (-0.346709, -0.565779, 0.748122), (-0.157529, -0.257065, 0.953469), (-0.177212, -0.243911, 0.953469), (-0.390031, -0.53683, 0.748124), (-0.346709, -0.565779, 0.748122), (-0.390031, -0.53683, 0.748124), (-0.437221, -0.60178, 0.668355), (-0.388659, -0.634228, 0.668356), (-0.346709, -0.565779, 0.748122), (-0.284658, -0.687222, 0.668353), (-0.229861, -0.707438, 0.668353), (-0.205051, -0.631082, 0.748124), (-0.253934, -0.61305, 0.748122), (-0.205051, -0.631082, 0.748124), (-0.093166, -0.286737, 0.953468), (-0.115377, -0.278541, 0.953469), (-0.253934, -0.61305, 0.748122), (-0.115377, -0.278541, 0.953469), (-0.136874, -0.26863, 0.953469), (-0.301249, -0.591236, 0.748124), (-0.253934, -0.61305, 0.748122), (-0.301249, -0.591236, 0.748124), (-0.337698, -0.662768, 0.668355), (-0.284658, -0.687222, 0.668353), (-0.253934, -0.61305, 0.748122), (-0.173647, -0.723295, 0.668349), (-0.116362, -0.734686, 0.668354), (-0.103803, -0.65539, 0.748124), (-0.154905, -0.645227, 0.748122), (-0.103803, -0.65539, 0.748124), (-0.047163, -0.297779, 0.953469), (-0.070382, -0.293165, 0.953468), (-0.154905, -0.645227, 0.748122), (-0.070382, -0.293165, 0.953468), (-0.093166, -0.286737, 0.953468), (-0.205051, -0.631082, 0.748124), (-0.154905, -0.645227, 0.748122), (-0.205051, -0.631082, 0.748124), (-0.229861, -0.707438, 0.668353), (-0.173647, -0.723295, 0.668349), (-0.154905, -0.645227, 0.748122), (-0.058361, -0.741548, 0.668356), (-0, -0.743841, 0.668357), (0, -0.663558, 0.748125), (-0.052062, -0.661515, 0.748122), (0, -0.663558, 0.748125), (0, -0.301492, 0.953469), (-0.023655, -0.300563, 0.953469), (-0.052062, -0.661515, 0.748122), (-0.023655, -0.300563, 0.953469), (-0.047163, -0.297779, 0.953469), (-0.103803, -0.65539, 0.748124), (-0.052062, -0.661515, 0.748122), (-0.103803, -0.65539, 0.748124), (-0.116362, -0.734686, 0.668354), (-0.058361, -0.741548, 0.668356), (-0.052062, -0.661515, 0.748122), (0.058361, -0.741551, 0.668353), (0.116362, -0.734686, 0.668353), (0.103803, -0.65539, 0.748124), (0.052062, -0.661513, 0.748124), (0.103803, -0.65539, 0.748124), (0.047164, -0.297781, 0.953469), (0.023655, -0.300562, 0.953469), (0.052062, -0.661513, 0.748124), (0.023655, -0.300562, 0.953469), (0, -0.301492, 0.953469), (0, -0.663558, 0.748125), (0.052062, -0.661513, 0.748124), (0, -0.663558, 0.748125), (-0, -0.743841, 0.668357), (0.058361, -0.741551, 0.668353), (0.052062, -0.661513, 0.748124), (0.173647, -0.723296, 0.668349), (0.229861, -0.70744, 0.66835), (0.205051, -0.631082, 0.748124), (0.154905, -0.645227, 0.748122), (0.205051, -0.631082, 0.748124), (0.093166, -0.286736, 0.953469), (0.070382, -0.293166, 0.953467), (0.154905, -0.645227, 0.748122), (0.070382, -0.293166, 0.953467), (0.047164, -0.297781, 0.953469), (0.103803, -0.65539, 0.748124), (0.154905, -0.645227, 0.748122), (0.103803, -0.65539, 0.748124), (0.116362, -0.734686, 0.668353), (0.173647, -0.723296, 0.668349), (0.154905, -0.645227, 0.748122), (0.284658, -0.687226, 0.668348), (0.337699, -0.662771, 0.668352), (0.30125, -0.591234, 0.748125), (0.253934, -0.613049, 0.748123), (0.30125, -0.591234, 0.748125), (0.136874, -0.268629, 0.95347), (0.115376, -0.278539, 0.95347), (0.253934, -0.613049, 0.748123), (0.115376, -0.278539, 0.95347), (0.093166, -0.286736, 0.953469), (0.205051, -0.631082, 0.748124), (0.253934, -0.613049, 0.748123), (0.205051, -0.631082, 0.748124), (0.229861, -0.70744, 0.66835), (0.284658, -0.687226, 0.668348), (0.253934, -0.613049, 0.748123), (0.38866, -0.634231, 0.668352), (0.437221, -0.601781, 0.668355), (0.39003, -0.536828, 0.748126), (0.34671, -0.565776, 0.748124), (0.39003, -0.536828, 0.748126), (0.177212, -0.243912, 0.953469), (0.157529, -0.257065, 0.953468), (0.34671, -0.565776, 0.748124), (0.157529, -0.257065, 0.953468), (0.136874, -0.268629, 0.95347), (0.30125, -0.591234, 0.748125), (0.34671, -0.565776, 0.748124), (0.30125, -0.591234, 0.748125), (0.337699, -0.662771, 0.668352), (0.38866, -0.634231, 0.668352), (0.34671, -0.565776, 0.748124), (0.483089, -0.565625, 0.668351), (0.525977, -0.525979, 0.668352), (0.469207, -0.469208, 0.748123), (0.430948, -0.504575, 0.748123), (0.469207, -0.469208, 0.748123), (0.213186, -0.213185, 0.953469), (0.195804, -0.229257, 0.953469), (0.430948, -0.504575, 0.748123), (0.195804, -0.229257, 0.953469), (0.177212, -0.243912, 0.953469), (0.39003, -0.536828, 0.748126), (0.430948, -0.504575, 0.748123), (0.39003, -0.536828, 0.748126), (0.437221, -0.601781, 0.668355), (0.483089, -0.565625, 0.668351), (0.430948, -0.504575, 0.748123), (0.565625, -0.483093, 0.668348), (0.601783, -0.437224, 0.66835), (0.536831, -0.390032, 0.748123), (0.504576, -0.43095, 0.748121), (0.536831, -0.390032, 0.748123), (0.243912, -0.177215, 0.953468), (0.229257, -0.195805, 0.953468), (0.504576, -0.43095, 0.748121), (0.229257, -0.195805, 0.953468), (0.213186, -0.213185, 0.953469), (0.469207, -0.469208, 0.748123), (0.504576, -0.43095, 0.748121), (0.469207, -0.469208, 0.748123), (0.525977, -0.525979, 0.668352), (0.565625, -0.483093, 0.668348), (0.504576, -0.43095, 0.748121), (0.634232, -0.388659, 0.668352), (0.662769, -0.337697, 0.668354), (0.591235, -0.301249, 0.748124), (0.565779, -0.34671, 0.748122), (0.591235, -0.301249, 0.748124), (0.26863, -0.136873, 0.953469), (0.257065, -0.157531, 0.953468), (0.565779, -0.34671, 0.748122), (0.257065, -0.157531, 0.953468), (0.243912, -0.177215, 0.953468), (0.536831, -0.390032, 0.748123), (0.565779, -0.34671, 0.748122), (0.536831, -0.390032, 0.748123), (0.601783, -0.437224, 0.66835), (0.634232, -0.388659, 0.668352), (0.565779, -0.34671, 0.748122), (0.687226, -0.284655, 0.66835), (0.707438, -0.229859, 0.668353), (0.63108, -0.20505, 0.748126), (0.61305, -0.253933, 0.748123), (0.63108, -0.20505, 0.748126), (0.286733, -0.093164, 0.95347), (0.278541, -0.115374, 0.953469), (0.61305, -0.253933, 0.748123), (0.278541, -0.115374, 0.953469), (0.26863, -0.136873, 0.953469), (0.591235, -0.301249, 0.748124), (0.61305, -0.253933, 0.748123), (0.591235, -0.301249, 0.748124), (0.662769, -0.337697, 0.668354), (0.687226, -0.284655, 0.66835), (0.61305, -0.253933, 0.748123), (0.723288, -0.173645, 0.668358), (0.734679, -0.116361, 0.668361), (0.65539, -0.103804, 0.748123), (0.645226, -0.154905, 0.748123), (0.65539, -0.103804, 0.748123), (0.29778, -0.047164, 0.953469), (0.293162, -0.070381, 0.953469), (0.645226, -0.154905, 0.748123), (0.293162, -0.070381, 0.953469), (0.286733, -0.093164, 0.95347), (0.63108, -0.20505, 0.748126), (0.645226, -0.154905, 0.748123), (0.63108, -0.20505, 0.748126), (0.707438, -0.229859, 0.668353), (0.723288, -0.173645, 0.668358), (0.645226, -0.154905, 0.748123), (0.741548, -0.058362, 0.668356), (0.743842, -0.000002, 0.668355), (0.663559, -0.000002, 0.748123), (0.661517, -0.052063, 0.748121), (0.663559, -0.000002, 0.748123), (0.301494, -0.000001, 0.953468), (0.300564, -0.023655, 0.953468), (0.661517, -0.052063, 0.748121), (0.300564, -0.023655, 0.953468), (0.29778, -0.047164, 0.953469), (0.65539, -0.103804, 0.748123), (0.661517, -0.052063, 0.748121), (0.65539, -0.103804, 0.748123), (0.734679, -0.116361, 0.668361), (0.741548, -0.058362, 0.668356), (0.661517, -0.052063, 0.748121), (0.741551, 0.058359, 0.668353), (0.734683, 0.116361, 0.668357), (0.655389, 0.103801, 0.748124), (0.661514, 0.05206, 0.748123), (0.655389, 0.103801, 0.748124), (0.297779, 0.047163, 0.953469), (0.300563, 0.023654, 0.953469), (0.661514, 0.05206, 0.748123), (0.300563, 0.023654, 0.953469), (0.301494, -0.000001, 0.953468), (0.663559, -0.000002, 0.748123), (0.661514, 0.05206, 0.748123), (0.663559, -0.000002, 0.748123), (0.743842, -0.000002, 0.668355), (0.741551, 0.058359, 0.668353), (0.661514, 0.05206, 0.748123), (-0.969195, -0.232682, 0.080747), (-0.947951, -0.308006, 0.08075), (-0.94783, -0.307969, -0.082298), (-0.969076, -0.232655, -0.082234), (-0.94783, -0.307969, -0.082298), (-0.934804, -0.303737, -0.18408), (-0.955802, -0.229469, -0.183811), (-0.969076, -0.232655, -0.082234), (-0.955802, -0.229469, -0.183811), (-0.970807, -0.153757, -0.184098), (-0.984338, -0.155901, -0.082305), (-0.969076, -0.232655, -0.082234), (-0.984338, -0.155901, -0.082305), (-0.984463, -0.15592, 0.080756), (-0.969195, -0.232682, 0.080747), (-0.969076, -0.232655, -0.082234), (-0.920863, -0.381431, 0.080754), (-0.888098, -0.452506, 0.08075), (-0.887984, -0.45245, -0.082301), (-0.92075, -0.381387, -0.082242), (-0.887984, -0.45245, -0.082301), (-0.875778, -0.446232, -0.184092), (-0.908137, -0.376162, -0.183817), (-0.92075, -0.381387, -0.082242), (-0.908137, -0.376162, -0.183817), (-0.934804, -0.303737, -0.18408), (-0.94783, -0.307969, -0.082298), (-0.92075, -0.381387, -0.082242), (-0.94783, -0.307969, -0.082298), (-0.947951, -0.308006, 0.08075), (-0.920863, -0.381431, 0.080754), (-0.92075, -0.381387, -0.082242), (-0.849854, -0.520793, 0.080759), (-0.806373, -0.585868, 0.080754), (-0.806271, -0.585792, -0.082304), (-0.849753, -0.520728, -0.082236), (-0.806271, -0.585792, -0.082304), (-0.795189, -0.577741, -0.184092), (-0.838112, -0.513596, -0.183814), (-0.849753, -0.520728, -0.082236), (-0.838112, -0.513596, -0.183814), (-0.875778, -0.446232, -0.184092), (-0.887984, -0.45245, -0.082301), (-0.849753, -0.520728, -0.082236), (-0.887984, -0.45245, -0.082301), (-0.888098, -0.452506, 0.08075), (-0.849854, -0.520793, 0.080759), (-0.849753, -0.520728, -0.082236), (-0.757924, -0.647327, 0.080744), (-0.7048, -0.704795, 0.080753), (-0.704707, -0.704709, -0.082302), (-0.757829, -0.64725, -0.082243), (-0.704707, -0.704709, -0.082302), (-0.695023, -0.695023, -0.18408), (-0.74745, -0.638384, -0.183808), (-0.757829, -0.64725, -0.082243), (-0.74745, -0.638384, -0.183808), (-0.795189, -0.577741, -0.184092), (-0.806271, -0.585792, -0.082304), (-0.757829, -0.64725, -0.082243), (-0.806271, -0.585792, -0.082304), (-0.806373, -0.585868, 0.080754), (-0.757924, -0.647327, 0.080744), (-0.757829, -0.64725, -0.082243), (-0.647327, -0.757922, 0.080753), (-0.585869, -0.806373, 0.08075), (-0.585791, -0.806272, -0.082304), (-0.647249, -0.757829, -0.082241), (-0.585791, -0.806272, -0.082304), (-0.577739, -0.795192, -0.184085), (-0.638385, -0.747448, -0.183813), (-0.647249, -0.757829, -0.082241), (-0.638385, -0.747448, -0.183813), (-0.695023, -0.695023, -0.18408), (-0.704707, -0.704709, -0.082302), (-0.647249, -0.757829, -0.082241), (-0.704707, -0.704709, -0.082302), (-0.7048, -0.704795, 0.080753), (-0.647327, -0.757922, 0.080753), (-0.647249, -0.757829, -0.082241), (-0.520793, -0.849855, 0.080749), (-0.452507, -0.888097, 0.080751), (-0.45245, -0.887984, -0.082303), (-0.520729, -0.849752, -0.08224), (-0.45245, -0.887984, -0.082303), (-0.446232, -0.87578, -0.184084), (-0.513595, -0.838114, -0.183808), (-0.520729, -0.849752, -0.08224), (-0.513595, -0.838114, -0.183808), (-0.577739, -0.795192, -0.184085), (-0.585791, -0.806272, -0.082304), (-0.520729, -0.849752, -0.08224), (-0.585791, -0.806272, -0.082304), (-0.585869, -0.806373, 0.08075), (-0.520793, -0.849855, 0.080749), (-0.520729, -0.849752, -0.08224), (-0.381437, -0.920861, 0.080748), (-0.308011, -0.94795, 0.080749), (-0.307968, -0.94783, -0.082303), (-0.381387, -0.92075, -0.08224), (-0.307968, -0.94783, -0.082303), (-0.303736, -0.934803, -0.184086), (-0.376163, -0.908139, -0.183809), (-0.381387, -0.92075, -0.08224), (-0.376163, -0.908139, -0.183809), (-0.446232, -0.87578, -0.184084), (-0.45245, -0.887984, -0.082303), (-0.381387, -0.92075, -0.08224), (-0.45245, -0.887984, -0.082303), (-0.452507, -0.888097, 0.080751), (-0.381437, -0.920861, 0.080748), (-0.381387, -0.92075, -0.08224), (-0.232683, -0.969194, 0.08075), (-0.155922, -0.984463, 0.08075), (-0.155903, -0.984338, -0.082302), (-0.232654, -0.969076, -0.08224), (-0.155903, -0.984338, -0.082302), (-0.153761, -0.970809, -0.184088), (-0.229468, -0.955802, -0.183811), (-0.232654, -0.969076, -0.08224), (-0.229468, -0.955802, -0.183811), (-0.303736, -0.934803, -0.184086), (-0.307968, -0.94783, -0.082303), (-0.232654, -0.969076, -0.08224), (-0.307968, -0.94783, -0.082303), (-0.308011, -0.94795, 0.080749), (-0.232683, -0.969194, 0.08075), (-0.232654, -0.969076, -0.08224), (-0.078203, -0.993662, 0.08075), (-0, -0.996734, 0.080753), (0, -0.996607, -0.082301), (-0.078193, -0.99354, -0.082238), (0, -0.996607, -0.082301), (0, -0.98291, -0.184085), (-0.077122, -0.979931, -0.183813), (-0.078193, -0.99354, -0.082238), (-0.077122, -0.979931, -0.183813), (-0.153761, -0.970809, -0.184088), (-0.155903, -0.984338, -0.082302), (-0.078193, -0.99354, -0.082238), (-0.155903, -0.984338, -0.082302), (-0.155922, -0.984463, 0.08075), (-0.078203, -0.993662, 0.08075), (-0.078193, -0.99354, -0.082238), (0.078203, -0.993662, 0.080753), (0.155922, -0.984463, 0.08075), (0.155902, -0.984338, -0.082301), (0.078192, -0.993541, -0.082238), (0.155902, -0.984338, -0.082301), (0.15376, -0.970809, -0.184086), (0.077121, -0.979932, -0.183809), (0.078192, -0.993541, -0.082238), (0.077121, -0.979932, -0.183809), (0, -0.98291, -0.184085), (0, -0.996607, -0.082301), (0.078192, -0.993541, -0.082238), (0, -0.996607, -0.082301), (-0, -0.996734, 0.080753), (0.078203, -0.993662, 0.080753), (0.078192, -0.993541, -0.082238), (0.232683, -0.969195, 0.080751), (0.30801, -0.94795, 0.080753), (0.307968, -0.94783, -0.082301), (0.232653, -0.969077, -0.082238), (0.307968, -0.94783, -0.082301), (0.303736, -0.934802, -0.184089), (0.229468, -0.955802, -0.183813), (0.232653, -0.969077, -0.082238), (0.229468, -0.955802, -0.183813), (0.15376, -0.970809, -0.184086), (0.155902, -0.984338, -0.082301), (0.232653, -0.969077, -0.082238), (0.155902, -0.984338, -0.082301), (0.155922, -0.984463, 0.08075), (0.232683, -0.969195, 0.080751), (0.232653, -0.969077, -0.082238), (0.381435, -0.920862, 0.08075), (0.452508, -0.888097, 0.080751), (0.452451, -0.887984, -0.082302), (0.381386, -0.92075, -0.082237), (0.452451, -0.887984, -0.082302), (0.446232, -0.875779, -0.184088), (0.376162, -0.908138, -0.183812), (0.381386, -0.92075, -0.082237), (0.376162, -0.908138, -0.183812), (0.303736, -0.934802, -0.184089), (0.307968, -0.94783, -0.082301), (0.381386, -0.92075, -0.082237), (0.307968, -0.94783, -0.082301), (0.30801, -0.94795, 0.080753), (0.381435, -0.920862, 0.08075), (0.381386, -0.92075, -0.082237), (0.520793, -0.849855, 0.080747), (0.585869, -0.806373, 0.080747), (0.58579, -0.806273, -0.082303), (0.520728, -0.849752, -0.082241), (0.58579, -0.806273, -0.082303), (0.577737, -0.795194, -0.184085), (0.513594, -0.838113, -0.183812), (0.520728, -0.849752, -0.082241), (0.513594, -0.838113, -0.183812), (0.446232, -0.875779, -0.184088), (0.452451, -0.887984, -0.082302), (0.520728, -0.849752, -0.082241), (0.452451, -0.887984, -0.082302), (0.452508, -0.888097, 0.080751), (0.520793, -0.849855, 0.080747), (0.520728, -0.849752, -0.082241), (0.647329, -0.757921, 0.080753), (0.7048, -0.704794, 0.080759), (0.704707, -0.704709, -0.082301), (0.647247, -0.757831, -0.082238), (0.704707, -0.704709, -0.082301), (0.695021, -0.695024, -0.184086), (0.638381, -0.747451, -0.183811), (0.647247, -0.757831, -0.082238), (0.638381, -0.747451, -0.183811), (0.577737, -0.795194, -0.184085), (0.58579, -0.806273, -0.082303), (0.647247, -0.757831, -0.082238), (0.58579, -0.806273, -0.082303), (0.585869, -0.806373, 0.080747), (0.647329, -0.757921, 0.080753), (0.647247, -0.757831, -0.082238), (0.757925, -0.647323, 0.08076), (0.806376, -0.585864, 0.080754), (0.806272, -0.585792, -0.082302), (0.75783, -0.647249, -0.08224), (0.806272, -0.585792, -0.082302), (0.795191, -0.577743, -0.18408), (0.747449, -0.638384, -0.183808), (0.75783, -0.647249, -0.08224), (0.747449, -0.638384, -0.183808), (0.695021, -0.695024, -0.184086), (0.704707, -0.704709, -0.082301), (0.75783, -0.647249, -0.08224), (0.704707, -0.704709, -0.082301), (0.7048, -0.704794, 0.080759), (0.757925, -0.647323, 0.08076), (0.75783, -0.647249, -0.08224), (0.849856, -0.520792, 0.08075), (0.888096, -0.45251, 0.080748), (0.887984, -0.452451, -0.082303), (0.849752, -0.520729, -0.082236), (0.887984, -0.452451, -0.082303), (0.87578, -0.446233, -0.184077), (0.838113, -0.513598, -0.183802), (0.849752, -0.520729, -0.082236), (0.838113, -0.513598, -0.183802), (0.795191, -0.577743, -0.18408), (0.806272, -0.585792, -0.082302), (0.849752, -0.520729, -0.082236), (0.806272, -0.585792, -0.082302), (0.806376, -0.585864, 0.080754), (0.849856, -0.520792, 0.08075), (0.849752, -0.520729, -0.082236), (0.920861, -0.381436, 0.080757), (0.94795, -0.308006, 0.08076), (0.94783, -0.307968, -0.082305), (0.920749, -0.381388, -0.082246), (0.94783, -0.307968, -0.082305), (0.934803, -0.303735, -0.184086), (0.908137, -0.376164, -0.183814), (0.920749, -0.381388, -0.082246), (0.908137, -0.376164, -0.183814), (0.87578, -0.446233, -0.184077), (0.887984, -0.452451, -0.082303), (0.920749, -0.381388, -0.082246), (0.887984, -0.452451, -0.082303), (0.888096, -0.45251, 0.080748), (0.920861, -0.381436, 0.080757), (0.920749, -0.381388, -0.082246), (0.969195, -0.232682, 0.080751), (0.984462, -0.155924, 0.080761), (0.984338, -0.155904, -0.082298), (0.969077, -0.232654, -0.082236), (0.984338, -0.155904, -0.082298), (0.97081, -0.153761, -0.18408), (0.955805, -0.229467, -0.183799), (0.969077, -0.232654, -0.082236), (0.955805, -0.229467, -0.183799), (0.934803, -0.303735, -0.184086), (0.94783, -0.307968, -0.082305), (0.969077, -0.232654, -0.082236), (0.94783, -0.307968, -0.082305), (0.94795, -0.308006, 0.08076), (0.969195, -0.232682, 0.080751), (0.969077, -0.232654, -0.082236), (0.993661, -0.078203, 0.080753), (0.996735, -0, 0.080745), (0.996608, -0, -0.082295), (0.993541, -0.078193, -0.082233), (0.996608, -0, -0.082295), (0.982907, 0, -0.184104), (0.979929, -0.077122, -0.183823), (0.993541, -0.078193, -0.082233), (0.979929, -0.077122, -0.183823), (0.97081, -0.153761, -0.18408), (0.984338, -0.155904, -0.082298), (0.993541, -0.078193, -0.082233), (0.984338, -0.155904, -0.082298), (0.984462, -0.155924, 0.080761), (0.993661, -0.078203, 0.080753), (0.993541, -0.078193, -0.082233), (0.993661, 0.078203, 0.080754), (0.984463, 0.155925, 0.080751), (0.984338, 0.155904, -0.0823), (0.993541, 0.078193, -0.082235), (0.984338, 0.155904, -0.0823), (0.97081, 0.153761, -0.18408), (0.97993, 0.077122, -0.183817), (0.993541, 0.078193, -0.082235), (0.97993, 0.077122, -0.183817), (0.982907, 0, -0.184104), (0.996608, -0, -0.082295), (0.993541, 0.078193, -0.082235), (0.996608, -0, -0.082295), (0.996735, -0, 0.080745), (0.993661, 0.078203, 0.080754), (0.993541, 0.078193, -0.082235), (0.969195, 0.232683, 0.080746), (0.947951, 0.308008, 0.080753), (0.947829, 0.307968, -0.082311), (0.969076, 0.232654, -0.082242), (0.947829, 0.307968, -0.082311), (0.934802, 0.303734, -0.184092), (0.955804, 0.229467, -0.183805), (0.969076, 0.232654, -0.082242), (0.955804, 0.229467, -0.183805), (0.97081, 0.153761, -0.18408), (0.984338, 0.155904, -0.0823), (0.969076, 0.232654, -0.082242), (0.984338, 0.155904, -0.0823), (0.984463, 0.155925, 0.080751), (0.969195, 0.232683, 0.080746), (0.969076, 0.232654, -0.082242), (0.920863, 0.381433, 0.08075), (0.888098, 0.452506, 0.080742), (0.887984, 0.452451, -0.0823), (0.920749, 0.381387, -0.082244), (0.887984, 0.452451, -0.0823), (0.875778, 0.446235, -0.184083), (0.908137, 0.376164, -0.183814), (0.920749, 0.381387, -0.082244), (0.908137, 0.376164, -0.183814), (0.934802, 0.303734, -0.184092), (0.947829, 0.307968, -0.082311), (0.920749, 0.381387, -0.082244), (0.947829, 0.307968, -0.082311), (0.947951, 0.308008, 0.080753), (0.920863, 0.381433, 0.08075), (0.920749, 0.381387, -0.082244), (0.849855, 0.520794, 0.080744), (0.806376, 0.585866, 0.080744), (0.806272, 0.585792, -0.082301), (0.849752, 0.52073, -0.082235), (0.806272, 0.585792, -0.082301), (0.795191, 0.57774, -0.184086), (0.838111, 0.5136, -0.183808), (0.849752, 0.52073, -0.082235), (0.838111, 0.5136, -0.183808), (0.875778, 0.446235, -0.184083), (0.887984, 0.452451, -0.0823), (0.849752, 0.52073, -0.082235), (0.887984, 0.452451, -0.0823), (0.888098, 0.452506, 0.080742), (0.849855, 0.520794, 0.080744), (0.849752, 0.52073, -0.082235), (0.757926, 0.647324, 0.080746), (0.7048, 0.704795, 0.080751), (0.704706, 0.704709, -0.082302), (0.757829, 0.647249, -0.082243), (0.704706, 0.704709, -0.082302), (0.695021, 0.695024, -0.184086), (0.74745, 0.638382, -0.183814), (0.757829, 0.647249, -0.082243), (0.74745, 0.638382, -0.183814), (0.795191, 0.57774, -0.184086), (0.806272, 0.585792, -0.082301), (0.757829, 0.647249, -0.082243), (0.806272, 0.585792, -0.082301), (0.806376, 0.585866, 0.080744), (0.757926, 0.647324, 0.080746), (0.757829, 0.647249, -0.082243), (0.647327, 0.757922, 0.080751), (0.585866, 0.806375, 0.080749), (0.58579, 0.806273, -0.082301), (0.647247, 0.757831, -0.082236), (0.58579, 0.806273, -0.082301), (0.577737, 0.795193, -0.184087), (0.638381, 0.747451, -0.183812), (0.647247, 0.757831, -0.082236), (0.638381, 0.747451, -0.183812), (0.695021, 0.695024, -0.184086), (0.704706, 0.704709, -0.082302), (0.647247, 0.757831, -0.082236), (0.704706, 0.704709, -0.082302), (0.7048, 0.704795, 0.080751), (0.647327, 0.757922, 0.080751), (0.647247, 0.757831, -0.082236), (0.520791, 0.849857, 0.080746), (0.452508, 0.888097, 0.080745), (0.452452, 0.887983, -0.082302), (0.520729, 0.849752, -0.082239), (0.452452, 0.887983, -0.082302), (0.446234, 0.875779, -0.184086), (0.513595, 0.838114, -0.183811), (0.520729, 0.849752, -0.082239), (0.513595, 0.838114, -0.183811), (0.577737, 0.795193, -0.184087), (0.58579, 0.806273, -0.082301), (0.520729, 0.849752, -0.082239), (0.58579, 0.806273, -0.082301), (0.585866, 0.806375, 0.080749), (0.520791, 0.849857, 0.080746), (0.520729, 0.849752, -0.082239), (0.381437, 0.920862, 0.080744), (0.30801, 0.94795, 0.080752), (0.307969, 0.94783, -0.082301), (0.381388, 0.92075, -0.082239), (0.307969, 0.94783, -0.082301), (0.303738, 0.934803, -0.184084), (0.376166, 0.908137, -0.18381), (0.381388, 0.92075, -0.082239), (0.376166, 0.908137, -0.18381), (0.446234, 0.875779, -0.184086), (0.452452, 0.887983, -0.082302), (0.381388, 0.92075, -0.082239), (0.452452, 0.887983, -0.082302), (0.452508, 0.888097, 0.080745), (0.381437, 0.920862, 0.080744), (0.381388, 0.92075, -0.082239), (0.232683, 0.969194, 0.080754), (0.155922, 0.984463, 0.080749), (0.155903, 0.984338, -0.082301), (0.232654, 0.969076, -0.082237), (0.155903, 0.984338, -0.082301), (0.153761, 0.970809, -0.184086), (0.229468, 0.955802, -0.18381), (0.232654, 0.969076, -0.082237), (0.229468, 0.955802, -0.18381), (0.303738, 0.934803, -0.184084), (0.307969, 0.94783, -0.082301), (0.232654, 0.969076, -0.082237), (0.307969, 0.94783, -0.082301), (0.30801, 0.94795, 0.080752), (0.232683, 0.969194, 0.080754), (0.232654, 0.969076, -0.082237), (0.078203, 0.993662, 0.080749), (0, 0.996734, 0.080754), (-0, 0.996608, -0.082299), (0.078192, 0.993541, -0.082237), (-0, 0.996608, -0.082299), (0, 0.982911, -0.184083), (0.077121, 0.979932, -0.183809), (0.078192, 0.993541, -0.082237), (0.077121, 0.979932, -0.183809), (0.153761, 0.970809, -0.184086), (0.155903, 0.984338, -0.082301), (0.078192, 0.993541, -0.082237), (0.155903, 0.984338, -0.082301), (0.155922, 0.984463, 0.080749), (0.078203, 0.993662, 0.080749), (0.078192, 0.993541, -0.082237), (-0.078203, 0.993661, 0.080754), (-0.155922, 0.984463, 0.080752), (-0.155903, 0.984338, -0.082301), (-0.078192, 0.993541, -0.082237), (-0.155903, 0.984338, -0.082301), (-0.153761, 0.970809, -0.184086), (-0.077121, 0.979932, -0.183809), (-0.078192, 0.993541, -0.082237), (-0.077121, 0.979932, -0.183809), (0, 0.982911, -0.184083), (-0, 0.996608, -0.082299), (-0.078192, 0.993541, -0.082237), (-0, 0.996608, -0.082299), (0, 0.996734, 0.080754), (-0.078203, 0.993661, 0.080754), (-0.078192, 0.993541, -0.082237), (-0.232683, 0.969194, 0.080754), (-0.308009, 0.94795, 0.080758), (-0.307968, 0.94783, -0.082302), (-0.232654, 0.969077, -0.082238), (-0.307968, 0.94783, -0.082302), (-0.303738, 0.934803, -0.184084), (-0.229468, 0.955803, -0.183809), (-0.232654, 0.969077, -0.082238), (-0.229468, 0.955803, -0.183809), (-0.153761, 0.970809, -0.184086), (-0.155903, 0.984338, -0.082301), (-0.232654, 0.969077, -0.082238), (-0.155903, 0.984338, -0.082301), (-0.155922, 0.984463, 0.080752), (-0.232683, 0.969194, 0.080754), (-0.232654, 0.969077, -0.082238), (-0.381435, 0.920861, 0.080756), (-0.452507, 0.888097, 0.080752), (-0.452451, 0.887983, -0.082302), (-0.381388, 0.920749, -0.08224), (-0.452451, 0.887983, -0.082302), (-0.446234, 0.875778, -0.184087), (-0.376166, 0.908137, -0.183811), (-0.381388, 0.920749, -0.08224), (-0.376166, 0.908137, -0.183811), (-0.303738, 0.934803, -0.184084), (-0.307968, 0.94783, -0.082302), (-0.381388, 0.920749, -0.08224), (-0.307968, 0.94783, -0.082302), (-0.308009, 0.94795, 0.080758), (-0.381435, 0.920861, 0.080756), (-0.381388, 0.920749, -0.08224), (-0.520793, 0.849855, 0.080744), (-0.585869, 0.806373, 0.080741), (-0.585791, 0.806273, -0.082301), (-0.520728, 0.849752, -0.082239), (-0.585791, 0.806273, -0.082301), (-0.577738, 0.795192, -0.184087), (-0.513594, 0.838113, -0.183812), (-0.520728, 0.849752, -0.082239), (-0.513594, 0.838113, -0.183812), (-0.446234, 0.875778, -0.184087), (-0.452451, 0.887983, -0.082302), (-0.520728, 0.849752, -0.082239), (-0.452451, 0.887983, -0.082302), (-0.452507, 0.888097, 0.080752), (-0.520793, 0.849855, 0.080744), (-0.520728, 0.849752, -0.082239), (-0.647329, 0.757922, 0.080742), (-0.7048, 0.704795, 0.080751), (-0.704707, 0.704708, -0.082304), (-0.647249, 0.75783, -0.082237), (-0.704707, 0.704708, -0.082304), (-0.695023, 0.695023, -0.184083), (-0.638384, 0.747449, -0.183809), (-0.647249, 0.75783, -0.082237), (-0.638384, 0.747449, -0.183809), (-0.577738, 0.795192, -0.184087), (-0.585791, 0.806273, -0.082301), (-0.647249, 0.75783, -0.082237), (-0.585791, 0.806273, -0.082301), (-0.585869, 0.806373, 0.080741), (-0.647329, 0.757922, 0.080742), (-0.647249, 0.75783, -0.082237), (-0.757926, 0.647324, 0.080748), (-0.806376, 0.585865, 0.080744), (-0.806271, 0.585792, -0.082308), (-0.757829, 0.647249, -0.082245), (-0.806271, 0.585792, -0.082308), (-0.79519, 0.577743, -0.184083), (-0.747448, 0.638384, -0.183811), (-0.757829, 0.647249, -0.082245), (-0.747448, 0.638384, -0.183811), (-0.695023, 0.695023, -0.184083), (-0.704707, 0.704708, -0.082304), (-0.757829, 0.647249, -0.082245), (-0.704707, 0.704708, -0.082304), (-0.7048, 0.704795, 0.080751), (-0.757926, 0.647324, 0.080748), (-0.757829, 0.647249, -0.082245), (-0.849856, 0.520792, 0.080753), (-0.888098, 0.452506, 0.080749), (-0.887984, 0.452451, -0.0823), (-0.849751, 0.520729, -0.082241), (-0.887984, 0.452451, -0.0823), (-0.875779, 0.446233, -0.184083), (-0.838112, 0.513597, -0.183808), (-0.849751, 0.520729, -0.082241), (-0.838112, 0.513597, -0.183808), (-0.79519, 0.577743, -0.184083), (-0.806271, 0.585792, -0.082308), (-0.849751, 0.520729, -0.082241), (-0.806271, 0.585792, -0.082308), (-0.806376, 0.585865, 0.080744), (-0.849856, 0.520792, 0.080753), (-0.849751, 0.520729, -0.082241), (-0.920864, 0.381432, 0.080743), (-0.947951, 0.308007, 0.08075), (-0.947829, 0.307969, -0.082309), (-0.920749, 0.381388, -0.082243), (-0.947829, 0.307969, -0.082309), (-0.934803, 0.303735, -0.184086), (-0.908139, 0.376164, -0.183808), (-0.920749, 0.381388, -0.082243), (-0.908139, 0.376164, -0.183808), (-0.875779, 0.446233, -0.184083), (-0.887984, 0.452451, -0.0823), (-0.920749, 0.381388, -0.082243), (-0.887984, 0.452451, -0.0823), (-0.888098, 0.452506, 0.080749), (-0.920864, 0.381432, 0.080743), (-0.920749, 0.381388, -0.082243), (-0.969194, 0.232683, 0.08076), (-0.984462, 0.155926, 0.080759), (-0.984338, 0.155903, -0.082304), (-0.969076, 0.232654, -0.082245), (-0.984338, 0.155903, -0.082304), (-0.970809, 0.153759, -0.184086), (-0.955803, 0.229466, -0.183811), (-0.969076, 0.232654, -0.082245), (-0.955803, 0.229466, -0.183811), (-0.934803, 0.303735, -0.184086), (-0.947829, 0.307969, -0.082309), (-0.969076, 0.232654, -0.082245), (-0.947829, 0.307969, -0.082309), (-0.947951, 0.308007, 0.08075), (-0.969194, 0.232683, 0.08076), (-0.969076, 0.232654, -0.082245), (-0.993662, 0.078205, 0.080741), (-0.996736, 0.000003, 0.080734), (-0.996608, 0.000003, -0.082297), (-0.993541, 0.078194, -0.082236), (-0.996608, 0.000003, -0.082297), (-0.982913, 0.000003, -0.184068), (-0.979932, 0.077123, -0.183805), (-0.993541, 0.078194, -0.082236), (-0.979932, 0.077123, -0.183805), (-0.970809, 0.153759, -0.184086), (-0.984338, 0.155903, -0.082304), (-0.993541, 0.078194, -0.082236), (-0.984338, 0.155903, -0.082304), (-0.984462, 0.155926, 0.080759), (-0.993662, 0.078205, 0.080741), (-0.993541, 0.078194, -0.082236), (-0.993662, -0.078197, 0.080746), (-0.984463, -0.15592, 0.080756), (-0.984338, -0.155901, -0.082305), (-0.993541, -0.078188, -0.082237), (-0.984338, -0.155901, -0.082305), (-0.970807, -0.153757, -0.184098), (-0.979933, -0.077117, -0.183805), (-0.993541, -0.078188, -0.082237), (-0.979933, -0.077117, -0.183805), (-0.982913, 0.000003, -0.184068), (-0.996608, 0.000003, -0.082297), (-0.993541, -0.078188, -0.082237), (-0.996608, 0.000003, -0.082297), (-0.996736, 0.000003, 0.080734), (-0.993662, -0.078197, 0.080746), (-0.993541, -0.078188, -0.082237), (0, -0, -1), (0, -0, -1), (0.004948, 0.001607, -0.999987), (0.005059, 0.001214, -0.999987), (0.004948, 0.001607, -0.999987), (0.047338, 0.01538, -0.998761), (0.048399, 0.01162, -0.99876), (0.005059, 0.001214, -0.999987), (0.048399, 0.01162, -0.99876), (0.049161, 0.007787, -0.998761), (0.005139, 0.000813, -0.999986), (0.005059, 0.001214, -0.999987), (0.005139, 0.000813, -0.999986), (0, -0.000001, -1), (0, -0, -1), (0.005059, 0.001214, -0.999987), (0, -0, -1), (0, 0, -1), (0.004636, 0.002362, -0.999987), (0.004807, 0.001991, -0.999987), (0.004636, 0.002362, -0.999987), (0.044349, 0.022596, -0.99876), (0.045985, 0.019048, -0.998761), (0.004807, 0.001991, -0.999987), (0.045985, 0.019048, -0.998761), (0.047338, 0.01538, -0.998761), (0.004948, 0.001607, -0.999987), (0.004807, 0.001991, -0.999987), (0.004948, 0.001607, -0.999987), (0, -0, -1), (0, -0, -1), (0.004807, 0.001991, -0.999987), (0, -0, -1), (0, 0, -1), (0.004209, 0.003058, -0.999987), (0.004436, 0.002718, -0.999987), (0.004209, 0.003058, -0.999987), (0.040268, 0.029256, -0.998761), (0.042439, 0.026006, -0.998761), (0.004436, 0.002718, -0.999987), (0.042439, 0.026006, -0.998761), (0.044349, 0.022596, -0.99876), (0.004636, 0.002362, -0.999987), (0.004436, 0.002718, -0.999987), (0.004636, 0.002362, -0.999987), (0, 0, -1), (0, -0, -1), (0.004436, 0.002718, -0.999987), (0, 0.000001, -1), (0, -0, -1), (0.003679, 0.003679, -0.999987), (0.003956, 0.003379, -0.999987), (0.003679, 0.003679, -0.999987), (0.035195, 0.035194, -0.998761), (0.037848, 0.032326, -0.998761), (0.003956, 0.003379, -0.999987), (0.037848, 0.032326, -0.998761), (0.040268, 0.029256, -0.998761), (0.004209, 0.003058, -0.999987), (0.003956, 0.003379, -0.999987), (0.004209, 0.003058, -0.999987), (0, 0, -1), (0, 0.000001, -1), (0.003956, 0.003379, -0.999987), (0, -0.000001, -1), (0, -0, -1), (0.003058, 0.004209, -0.999987), (0.003379, 0.003956, -0.999987), (0.003058, 0.004209, -0.999987), (0.029256, 0.040266, -0.998761), (0.032326, 0.037846, -0.998761), (0.003379, 0.003956, -0.999987), (0.032326, 0.037846, -0.998761), (0.035195, 0.035194, -0.998761), (0.003679, 0.003679, -0.999987), (0.003379, 0.003956, -0.999987), (0.003679, 0.003679, -0.999987), (0, -0, -1), (0, -0.000001, -1), (0.003379, 0.003956, -0.999987), (0, -0, -1), (0, -0, -1), (0.002362, 0.004636, -0.999987), (0.002718, 0.004436, -0.999987), (0.002362, 0.004636, -0.999987), (0.022597, 0.044348, -0.998761), (0.026007, 0.04244, -0.99876), (0.002718, 0.004436, -0.999987), (0.026007, 0.04244, -0.99876), (0.029256, 0.040266, -0.998761), (0.003058, 0.004209, -0.999987), (0.002718, 0.004436, -0.999987), (0.003058, 0.004209, -0.999987), (0, -0, -1), (0, -0, -1), (0.002718, 0.004436, -0.999987), (0, -0.000001, -1), (0, -0, -1), (0.001608, 0.004948, -0.999987), (0.001991, 0.004806, -0.999987), (0.001608, 0.004948, -0.999987), (0.015381, 0.047339, -0.998761), (0.019048, 0.045985, -0.998761), (0.001991, 0.004806, -0.999987), (0.019048, 0.045985, -0.998761), (0.022597, 0.044348, -0.998761), (0.002362, 0.004636, -0.999987), (0.001991, 0.004806, -0.999987), (0.002362, 0.004636, -0.999987), (0, -0, -1), (0, -0.000001, -1), (0.001991, 0.004806, -0.999987), (0, -0.000001, -1), (0, -0, -1), (0.000814, 0.005138, -0.999987), (0.001215, 0.005058, -0.999987), (0.000814, 0.005138, -0.999987), (0.007786, 0.049161, -0.99876), (0.011619, 0.0484, -0.99876), (0.001215, 0.005058, -0.999987), (0.011619, 0.0484, -0.99876), (0.015381, 0.047339, -0.998761), (0.001608, 0.004948, -0.999987), (0.001215, 0.005058, -0.999987), (0.001608, 0.004948, -0.999987), (0, -0, -1), (0, -0.000001, -1), (0.001215, 0.005058, -0.999987), (0, 0.000001, -1), (0, 0, -1), (-0, 0.005201, -0.999987), (0.000408, 0.005186, -0.999987), (-0, 0.005201, -0.999987), (0, 0.049774, -0.998761), (0.003905, 0.049617, -0.998761), (0.000408, 0.005186, -0.999987), (0.003905, 0.049617, -0.998761), (0.007786, 0.049161, -0.99876), (0.000814, 0.005138, -0.999987), (0.000408, 0.005186, -0.999987), (0.000814, 0.005138, -0.999987), (0, -0, -1), (0, 0.000001, -1), (0.000408, 0.005186, -0.999987), (0, 0, -1), (0, -0, -1), (-0.000814, 0.005138, -0.999987), (-0.000408, 0.005186, -0.999987), (-0.000814, 0.005138, -0.999987), (-0.007786, 0.049163, -0.99876), (-0.003905, 0.049623, -0.99876), (-0.000408, 0.005186, -0.999987), (-0.003905, 0.049623, -0.99876), (0, 0.049774, -0.998761), (-0, 0.005201, -0.999987), (-0.000408, 0.005186, -0.999987), (-0, 0.005201, -0.999987), (0, 0, -1), (0, 0, -1), (-0.000408, 0.005186, -0.999987), (0, -0.000001, -1), (0, -0, -1), (-0.001608, 0.004948, -0.999987), (-0.001215, 0.005059, -0.999987), (-0.001608, 0.004948, -0.999987), (-0.015381, 0.047336, -0.998761), (-0.01162, 0.048399, -0.998761), (-0.001215, 0.005059, -0.999987), (-0.01162, 0.048399, -0.998761), (-0.007786, 0.049163, -0.99876), (-0.000814, 0.005138, -0.999987), (-0.001215, 0.005059, -0.999987), (-0.000814, 0.005138, -0.999987), (0, -0, -1), (0, -0.000001, -1), (-0.001215, 0.005059, -0.999987), (0, -0, -1), (0, 0, -1), (-0.002362, 0.004636, -0.999987), (-0.001991, 0.004806, -0.999987), (-0.002362, 0.004636, -0.999987), (-0.022597, 0.044347, -0.998761), (-0.019048, 0.045984, -0.998761), (-0.001991, 0.004806, -0.999987), (-0.019048, 0.045984, -0.998761), (-0.015381, 0.047336, -0.998761), (-0.001608, 0.004948, -0.999987), (-0.001991, 0.004806, -0.999987), (-0.001608, 0.004948, -0.999987), (0, -0, -1), (0, -0, -1), (-0.001991, 0.004806, -0.999987), (0, 0, -1), (0, -0, -1), (-0.003058, 0.004209, -0.999987), (-0.002718, 0.004436, -0.999987), (-0.003058, 0.004209, -0.999987), (-0.029256, 0.040266, -0.998761), (-0.026007, 0.042438, -0.998761), (-0.002718, 0.004436, -0.999987), (-0.026007, 0.042438, -0.998761), (-0.022597, 0.044347, -0.998761), (-0.002362, 0.004636, -0.999987), (-0.002718, 0.004436, -0.999987), (-0.002362, 0.004636, -0.999987), (0, 0, -1), (0, 0, -1), (-0.002718, 0.004436, -0.999987), (0, -0.000001, -1), (0, -0, -1), (-0.003679, 0.003679, -0.999987), (-0.003379, 0.003956, -0.999987), (-0.003679, 0.003679, -0.999987), (-0.035195, 0.035194, -0.998761), (-0.032326, 0.037846, -0.998761), (-0.003379, 0.003956, -0.999987), (-0.032326, 0.037846, -0.998761), (-0.029256, 0.040266, -0.998761), (-0.003058, 0.004209, -0.999987), (-0.003379, 0.003956, -0.999987), (-0.003058, 0.004209, -0.999987), (0, -0, -1), (0, -0.000001, -1), (-0.003379, 0.003956, -0.999987), (0, 0, -1), (0, 0.000001, -1), (-0.004209, 0.003058, -0.999987), (-0.003956, 0.003379, -0.999987), (-0.004209, 0.003058, -0.999987), (-0.040268, 0.029256, -0.998761), (-0.037848, 0.032326, -0.998761), (-0.003956, 0.003379, -0.999987), (-0.037848, 0.032326, -0.998761), (-0.035195, 0.035194, -0.998761), (-0.003679, 0.003679, -0.999987), (-0.003956, 0.003379, -0.999987), (-0.003679, 0.003679, -0.999987), (0, -0, -1), (0, 0, -1), (-0.003956, 0.003379, -0.999987), (0, 0, -1), (0, 0, -1), (-0.004636, 0.002362, -0.999987), (-0.004436, 0.002718, -0.999987), (-0.004636, 0.002362, -0.999987), (-0.044349, 0.022595, -0.998761), (-0.042439, 0.026006, -0.998761), (-0.004436, 0.002718, -0.999987), (-0.042439, 0.026006, -0.998761), (-0.040268, 0.029256, -0.998761), (-0.004209, 0.003058, -0.999987), (-0.004436, 0.002718, -0.999987), (-0.004209, 0.003058, -0.999987), (0, 0.000001, -1), (0, 0, -1), (-0.004436, 0.002718, -0.999987), (0, 0.000001, -1), (0, 0, -1), (-0.004948, 0.001608, -0.999987), (-0.004807, 0.001992, -0.999987), (-0.004948, 0.001608, -0.999987), (-0.047338, 0.015381, -0.998761), (-0.045985, 0.019046, -0.998761), (-0.004807, 0.001992, -0.999987), (-0.045985, 0.019046, -0.998761), (-0.044349, 0.022595, -0.998761), (-0.004636, 0.002362, -0.999987), (-0.004807, 0.001992, -0.999987), (-0.004636, 0.002362, -0.999987), (0, 0, -1), (0, 0.000001, -1), (-0.004807, 0.001992, -0.999987), (0, -0, -1), (0, -0, -1), (-0.005139, 0.000814, -0.999987), (-0.005059, 0.001214, -0.999987), (-0.005139, 0.000814, -0.999987), (-0.049161, 0.007786, -0.998761), (-0.048399, 0.01162, -0.998761), (-0.005059, 0.001214, -0.999987), (-0.048399, 0.01162, -0.998761), (-0.047338, 0.015381, -0.998761), (-0.004948, 0.001608, -0.999987), (-0.005059, 0.001214, -0.999987), (-0.004948, 0.001608, -0.999987), (0, 0, -1), (0, -0, -1), (-0.005059, 0.001214, -0.999987), (0, -0, -1), (0, -0, -1), (-0.005203, -0, -0.999987), (-0.005187, 0.000408, -0.999987), (-0.005203, -0, -0.999987), (-0.049774, -0, -0.998761), (-0.049621, 0.003905, -0.998761), (-0.005187, 0.000408, -0.999987), (-0.049621, 0.003905, -0.998761), (-0.049161, 0.007786, -0.998761), (-0.005139, 0.000814, -0.999987), (-0.005187, 0.000408, -0.999987), (-0.005139, 0.000814, -0.999987), (0, -0, -1), (0, -0, -1), (-0.005187, 0.000408, -0.999987), (0, -0, -1), (0, -0, -1), (-0.005139, -0.000814, -0.999987), (-0.005187, -0.000409, -0.999987), (-0.005139, -0.000814, -0.999987), (-0.049161, -0.007786, -0.998761), (-0.049621, -0.003905, -0.99876), (-0.005187, -0.000409, -0.999987), (-0.049621, -0.003905, -0.99876), (-0.049774, -0, -0.998761), (-0.005203, -0, -0.999987), (-0.005187, -0.000409, -0.999987), (-0.005203, -0, -0.999987), (0, -0, -1), (0, -0, -1), (-0.005187, -0.000409, -0.999987), (0, 0, -1), (0, 0, -1), (-0.004948, -0.001607, -0.999987), (-0.005059, -0.001214, -0.999987), (-0.004948, -0.001607, -0.999987), (-0.047338, -0.01538, -0.998761), (-0.048399, -0.01162, -0.998761), (-0.005059, -0.001214, -0.999987), (-0.048399, -0.01162, -0.998761), (-0.049161, -0.007786, -0.998761), (-0.005139, -0.000814, -0.999987), (-0.005059, -0.001214, -0.999987), (-0.005139, -0.000814, -0.999987), (0, -0, -1), (0, 0, -1), (-0.005059, -0.001214, -0.999987), (0, -0, -1), (0, 0, -1), (-0.004636, -0.002361, -0.999987), (-0.004807, -0.001991, -0.999987), (-0.004636, -0.002361, -0.999987), (-0.044348, -0.022596, -0.998761), (-0.045985, -0.019047, -0.998761), (-0.004807, -0.001991, -0.999987), (-0.045985, -0.019047, -0.998761), (-0.047338, -0.01538, -0.998761), (-0.004948, -0.001607, -0.999987), (-0.004807, -0.001991, -0.999987), (-0.004948, -0.001607, -0.999987), (0, 0, -1), (0, -0, -1), (-0.004807, -0.001991, -0.999987), (0, 0, -1), (0, -0, -1), (-0.004209, -0.003058, -0.999987), (-0.004436, -0.002718, -0.999987), (-0.004209, -0.003058, -0.999987), (-0.040268, -0.029257, -0.998761), (-0.042439, -0.026005, -0.998761), (-0.004436, -0.002718, -0.999987), (-0.042439, -0.026005, -0.998761), (-0.044348, -0.022596, -0.998761), (-0.004636, -0.002361, -0.999987), (-0.004436, -0.002718, -0.999987), (-0.004636, -0.002361, -0.999987), (0, 0, -1), (0, 0, -1), (-0.004436, -0.002718, -0.999987), (0, 0, -1), (0, -0, -1), (-0.003679, -0.003679, -0.999987), (-0.003956, -0.003379, -0.999987), (-0.003679, -0.003679, -0.999987), (-0.035195, -0.035195, -0.998761), (-0.037848, -0.032327, -0.99876), (-0.003956, -0.003379, -0.999987), (-0.037848, -0.032327, -0.99876), (-0.040268, -0.029257, -0.998761), (-0.004209, -0.003058, -0.999987), (-0.003956, -0.003379, -0.999987), (-0.004209, -0.003058, -0.999987), (0, -0, -1), (0, 0, -1), (-0.003956, -0.003379, -0.999987), (0, -0, -1), (0, -0, -1), (-0.003058, -0.004209, -0.999987), (-0.003379, -0.003957, -0.999987), (-0.003058, -0.004209, -0.999987), (-0.029256, -0.040266, -0.998761), (-0.032326, -0.037847, -0.998761), (-0.003379, -0.003957, -0.999987), (-0.032326, -0.037847, -0.998761), (-0.035195, -0.035195, -0.998761), (-0.003679, -0.003679, -0.999987), (-0.003379, -0.003957, -0.999987), (-0.003679, -0.003679, -0.999987), (0, -0, -1), (0, -0, -1), (-0.003379, -0.003957, -0.999987), (0, -0, -1), (0, 0, -1), (-0.002362, -0.004635, -0.999986), (-0.002718, -0.004436, -0.999987), (-0.002362, -0.004635, -0.999986), (-0.022597, -0.044348, -0.998761), (-0.026007, -0.042438, -0.998761), (-0.002718, -0.004436, -0.999987), (-0.026007, -0.042438, -0.998761), (-0.029256, -0.040266, -0.998761), (-0.003058, -0.004209, -0.999987), (-0.002718, -0.004436, -0.999987), (-0.003058, -0.004209, -0.999987), (0, -0, -1), (0, -0, -1), (-0.002718, -0.004436, -0.999987), (0, -0, -1), (0, -0.000001, -1), (-0.001608, -0.004948, -0.999987), (-0.001991, -0.004806, -0.999987), (-0.001608, -0.004948, -0.999987), (-0.015381, -0.047338, -0.99876), (-0.019048, -0.045986, -0.99876), (-0.001991, -0.004806, -0.999987), (-0.019048, -0.045986, -0.99876), (-0.022597, -0.044348, -0.998761), (-0.002362, -0.004635, -0.999986), (-0.001991, -0.004806, -0.999987), (-0.002362, -0.004635, -0.999986), (0, 0, -1), (0, -0, -1), (-0.001991, -0.004806, -0.999987), (0, 0.000001, -1), (0, 0.000001, -1), (-0.000814, -0.005138, -0.999987), (-0.001215, -0.005058, -0.999987), (-0.000814, -0.005138, -0.999987), (-0.007786, -0.049161, -0.99876), (-0.011619, -0.048399, -0.998761), (-0.001215, -0.005058, -0.999987), (-0.011619, -0.048399, -0.998761), (-0.015381, -0.047338, -0.99876), (-0.001608, -0.004948, -0.999987), (-0.001215, -0.005058, -0.999987), (-0.001608, -0.004948, -0.999987), (0, -0.000001, -1), (0, 0.000001, -1), (-0.001215, -0.005058, -0.999987), (0, -0, -1), (0, -0.000001, -1), (-0, -0.005203, -0.999987), (-0.000408, -0.005187, -0.999987), (-0, -0.005203, -0.999987), (-0, -0.049771, -0.998761), (-0.003905, -0.049618, -0.998761), (-0.000408, -0.005187, -0.999987), (-0.003905, -0.049618, -0.998761), (-0.007786, -0.049161, -0.99876), (-0.000814, -0.005138, -0.999987), (-0.000408, -0.005187, -0.999987), (-0.000814, -0.005138, -0.999987), (0, 0.000001, -1), (0, -0, -1), (-0.000408, -0.005187, -0.999987), (0, -0.000001, -1), (0, 0, -1), (0.000814, -0.005139, -0.999987), (0.000408, -0.005187, -0.999987), (0.000814, -0.005139, -0.999987), (0.007786, -0.04916, -0.998761), (0.003905, -0.049619, -0.998761), (0.000408, -0.005187, -0.999987), (0.003905, -0.049619, -0.998761), (-0, -0.049771, -0.998761), (-0, -0.005203, -0.999987), (0.000408, -0.005187, -0.999987), (-0, -0.005203, -0.999987), (0, -0.000001, -1), (0, -0.000001, -1), (0.000408, -0.005187, -0.999987), (0, -0, -1), (0, -0.000001, -1), (0.001608, -0.004949, -0.999986), (0.001215, -0.005059, -0.999987), (0.001608, -0.004949, -0.999986), (0.015381, -0.047338, -0.998761), (0.011619, -0.048397, -0.998761), (0.001215, -0.005059, -0.999987), (0.011619, -0.048397, -0.998761), (0.007786, -0.04916, -0.998761), (0.000814, -0.005139, -0.999987), (0.001215, -0.005059, -0.999987), (0.000814, -0.005139, -0.999987), (0, 0, -1), (0, -0, -1), (0.001215, -0.005059, -0.999987), (0, -0, -1), (0, -0, -1), (0.002362, -0.004635, -0.999987), (0.001991, -0.004806, -0.999987), (0.002362, -0.004635, -0.999987), (0.022597, -0.04435, -0.99876), (0.019048, -0.045987, -0.99876), (0.001991, -0.004806, -0.999987), (0.019048, -0.045987, -0.99876), (0.015381, -0.047338, -0.998761), (0.001608, -0.004949, -0.999986), (0.001991, -0.004806, -0.999987), (0.001608, -0.004949, -0.999986), (0, -0.000001, -1), (0, -0, -1), (0.001991, -0.004806, -0.999987), (0, -0.000001, -1), (0, -0, -1), (0.003058, -0.004209, -0.999987), (0.002718, -0.004436, -0.999987), (0.003058, -0.004209, -0.999987), (0.029256, -0.040265, -0.998761), (0.026007, -0.042439, -0.998761), (0.002718, -0.004436, -0.999987), (0.026007, -0.042439, -0.998761), (0.022597, -0.04435, -0.99876), (0.002362, -0.004635, -0.999987), (0.002718, -0.004436, -0.999987), (0.002362, -0.004635, -0.999987), (0, -0, -1), (0, -0.000001, -1), (0.002718, -0.004436, -0.999987), (0, 0.000001, -1), (0, 0, -1), (0.003679, -0.003679, -0.999987), (0.003379, -0.003956, -0.999987), (0.003679, -0.003679, -0.999987), (0.035195, -0.035195, -0.998761), (0.032325, -0.037846, -0.998761), (0.003379, -0.003956, -0.999987), (0.032325, -0.037846, -0.998761), (0.029256, -0.040265, -0.998761), (0.003058, -0.004209, -0.999987), (0.003379, -0.003956, -0.999987), (0.003058, -0.004209, -0.999987), (0, -0, -1), (0, 0.000001, -1), (0.003379, -0.003956, -0.999987), (0, -0, -1), (0, -0, -1), (0.004209, -0.003058, -0.999987), (0.003956, -0.00338, -0.999987), (0.004209, -0.003058, -0.999987), (0.040268, -0.029257, -0.99876), (0.037848, -0.032326, -0.998761), (0.003956, -0.00338, -0.999987), (0.037848, -0.032326, -0.998761), (0.035195, -0.035195, -0.998761), (0.003679, -0.003679, -0.999987), (0.003956, -0.00338, -0.999987), (0.003679, -0.003679, -0.999987), (0, 0, -1), (0, -0, -1), (0.003956, -0.00338, -0.999987), (0, -0, -1), (0, -0.000001, -1), (0.004636, -0.002362, -0.999987), (0.004436, -0.002718, -0.999987), (0.004636, -0.002362, -0.999987), (0.044349, -0.022596, -0.998761), (0.042439, -0.026007, -0.998761), (0.004436, -0.002718, -0.999987), (0.042439, -0.026007, -0.998761), (0.040268, -0.029257, -0.99876), (0.004209, -0.003058, -0.999987), (0.004436, -0.002718, -0.999987), (0.004209, -0.003058, -0.999987), (0, -0, -1), (0, -0, -1), (0.004436, -0.002718, -0.999987), (0, -0.000001, -1), (0, -0.000001, -1), (0.004948, -0.001608, -0.999987), (0.004807, -0.001991, -0.999987), (0.004948, -0.001608, -0.999987), (0.047337, -0.01538, -0.998761), (0.045985, -0.019047, -0.998761), (0.004807, -0.001991, -0.999987), (0.045985, -0.019047, -0.998761), (0.044349, -0.022596, -0.998761), (0.004636, -0.002362, -0.999987), (0.004807, -0.001991, -0.999987), (0.004636, -0.002362, -0.999987), (0, -0.000001, -1), (0, -0.000001, -1), (0.004807, -0.001991, -0.999987), (0, -0, -1), (0, 0, -1), (0.005139, -0.000814, -0.999987), (0.005059, -0.001214, -0.999987), (0.005139, -0.000814, -0.999987), (0.049161, -0.007786, -0.998761), (0.048399, -0.011619, -0.998761), (0.005059, -0.001214, -0.999987), (0.048399, -0.011619, -0.998761), (0.047337, -0.01538, -0.998761), (0.004948, -0.001608, -0.999987), (0.005059, -0.001214, -0.999987), (0.004948, -0.001608, -0.999987), (0, -0.000001, -1), (0, -0, -1), (0.005059, -0.001214, -0.999987), (0, -0, -1), (0, 0, -1), (0.005203, -0, -0.999987), (0.005187, -0.000408, -0.999987), (0.005203, -0, -0.999987), (0.049774, -0, -0.998761), (0.049621, -0.003905, -0.99876), (0.005187, -0.000408, -0.999987), (0.049621, -0.003905, -0.99876), (0.049161, -0.007786, -0.998761), (0.005139, -0.000814, -0.999987), (0.005187, -0.000408, -0.999987), (0.005139, -0.000814, -0.999987), (0, 0, -1), (0, -0, -1), (0.005187, -0.000408, -0.999987), (0, -0, -1), (0, -0.000001, -1), (0.005139, 0.000813, -0.999986), (0.005187, 0.000408, -0.999987), (0.005139, 0.000813, -0.999986), (0.049161, 0.007787, -0.998761), (0.04962, 0.003905, -0.99876), (0.005187, 0.000408, -0.999987), (0.04962, 0.003905, -0.99876), (0.049774, -0, -0.998761), (0.005203, -0, -0.999987), (0.005187, 0.000408, -0.999987), (0.005203, -0, -0.999987), (0, 0, -1), (0, -0, -1), (0.005187, 0.000408, -0.999987), (0, -0, -1), (0, -0.000001, -1), (0, -0, -1), (0, 0, -1), (0, -0, -1), (0, -0, -1), (0, -0, -1), (0, 0, -1), (0, -0, -1), (0, 0, -1), (0, 0, -1), (0, 0, -1), (0, 0, -1), (0, -0, -1), (0, -0, -1), (0, 0, -1), (0, -0, -1), (0, -0, -1), (0, 0, -1), (0, 0, -1), (0, 0, -1), (0, 0, -1), (0, 0.000001, -1), (0, 0, -1), (0, 0.000001, -1), (0, 0.000001, -1), (0, 0.000001, -1), (0, 0, -1), (0, 0.000001, -1), (0, 0, -1), (0, -0, -1), (0, 0, -1), (0, -0, -1), (0, 0, -1), (0, 0.000001, -1), (0, 0.000001, -1), (0, 0.000001, -1), (0, 0.000001, -1), (0, 0.000001, -1), (0, 0.000001, -1), (0, 0.000001, -1), (0, 0.000001, -1), (0, 0.000001, -1), (0, 0.000001, -1), (0, 0.000001, -1), (0, 0, -1), (0, -0, -1), (0, 0.000001, -1), (0, 0.000001, -1), (0, 0, -1), (0, 0.000001, -1), (0, 0.000001, -1), (0, 0.000001, -1), (0, 0.000001, -1), (0, 0.000001, -1), (0, 0.000001, -1), (0, 0.000001, -1), (0, 0.000001, -1), (0, 0, -1), (0, 0.000001, -1), (0, 0, -1), (0, -0, -1), (0, 0.000001, -1), (0, 0.000001, -1), (0, -0.000001, -1), (0, -0, -1), (0, 0, -1), (0, 0, -1), (0, 0, -1), (0, 0.000001, -1), (0, 0.000001, -1), (0, 0, -1), (0, 0.000001, -1), (0, -0.000001, -1), (0, -0, -1), (0, 0, -1), (0, -0, -1), (0, -0, -1), (0, -0.000001, -1), (0, 0, -1), (0, -0, -1), (0, -0, -1), (0, -0, -1), (0, -0, -1), (0, -0, -1), (0, -0.000001, -1), (0, -0, -1), (0, -0, -1), (0, -0, -1), (0, -0.000001, -1), (0, -0.000001, -1), (0, -0, -1), (0, -0.000001, -1), (0, -0, -1), (0, -0, -1), (0, -0, -1), (0, -0.000001, -1), (0, -0, -1), (0, -0.000001, -1), (0, -0.000001, -1), (0, -0.000001, -1), (0, -0.000001, -1), (0, -0.000001, -1), (0, -0.000001, -1), (0, -0.000001, -1), (0, 0, -1), (0, -0, -1), (0, -0.000001, -1), (0, -0, -1), (0, -0, -1), (0, -0.000001, -1), (0, -0.000001, -1), (0, -0.000001, -1), (0, -0, -1), (0, -0, -1), (0, -0, -1), (0, -0, -1), (0, 0, -1), (0, 0.000001, -1), (0, -0, -1), (0, 0.000001, -1), (0, -0, -1), (0, -0, -1), (0, -0, -1), (0, -0, -1), (0, -0, -1), (0, -0.000001, -1), (0, -0, -1), (0, 0.000001, -1), (0, -0, -1), (0, -0, -1), (0, -0, -1), (0, -0, -1), (0, -0, -1), (0, -0.000001, -1), (0, -0, -1), (0, -0.000001, -1), (0, -0, -1), (0, -0, -1), (0, -0, -1), (0, -0, -1), (0, 0, -1), (0, 0.000001, -1), (0, -0, -1), (0, 0, -1), (0, 0, -1), (0, -0, -1), (0, 0, -1), (0, -0, -1), (0, -0, -1), (0, -0.000001, -1), (0, 0, -1), (0, -0.000001, -1), (0, 0, -1), (0, 0, -1), (0, 0, -1), (0, 0, -1), (0, -0, -1), (0, 0, -1), (0, 0, -1), (0, -0.000001, -1), (0, -0, -1), (0, 0, -1), (0, 0, -1), (0, 0, -1), (0, 0, -1), (0, 0.000002, -1), (0, 0, -1), (0, 0.000002, -1), (0, 0, -1), (0, 0, -1), (0, 0, -1), (0, 0, -1), (0, -0, -1), (0, -0.000001, -1), (0, 0, -1), (0, -0, -1), (0, -0, -1), (0, 0, -1), (0, 0, -1), (0, 0, -1), (0, 0, -1), (0, 0.000001, -1), (0, 0, -1), (0, 0.000001, -1), (0, -0, -1), (0, 0, -1), (0, 0, -1), (0, 0, -1), (0, 0, -1), (0, -0, -1), (0, 0, -1), (0, 0, -1), (0, 0, -1), (0, 0, -1), (0, 0, -1), (0, 0, -1), (0, -0, -1), (0, 0, -1), (0, 0, -1), (0, 0, -1), (0, 0.000001, -1), (0, 0, -1), (0, 0, -1), (0, 0, -1), (0, -0, -1), (0, 0, -1), (0, 0, -1), (0, -0.000001, -1), (0, -0, -1), (0, 0, -1), (0, 0, -1), (0, 0, -1), (0, 0.000001, -1), (0, 0.000001, -1), (0, 0, -1), (0, 0.000001, -1), (0, 0.000001, -1), (0, 0, -1), (0, 0, -1), (0, 0, -1), (0, -0, -1), (0, -0.000001, -1), (0, 0, -1), (0, 0, -1), (0, -0, -1), (0, 0, -1), (0, 0, -1), (0, 0, -1), (0, 0.000001, -1), (0, 0.000001, -1), (0, 0, -1), (0, 0.000001, -1), (0, 0.000001, -1), (0, 0, -1), (0, 0, -1), (0, 0, -1), (0, 0.000001, -1), (0, 0, -1), (0, 0, -1), (0, 0, -1), (0, 0.000001, -1), (0, 0, -1), (0, 0.000001, -1), (0, 0, -1), (0, 0.000001, -1), (0, 0.000001, -1), (0, 0.000001, -1), (0, 0.000001, -1), (0, 0.000001, -1), (0, 0, -1), (0, 0.000001, -1), (0, 0, -1), (0, 0, -1), (0, 0, -1), (0, 0.000001, -1), (0, 0.000001, -1), (0, 0, -1), (0, 0, -1), (0, 0.000001, -1), (0, 0, -1), (0, 0.000001, -1), (0, 0.000001, -1), (0, 0.000001, -1), (0, 0.000001, -1), (0, 0.000001, -1), (0, 0.000001, -1), (0, 0.000001, -1), (0, 0.000001, -1), (0, 0, -1), (0, 0.000001, -1), (0, 0.000001, -1), (0, -0, -1), (0, 0, -1), (0, 0.000001, -1), (0, -0, -1), (0, 0.000001, -1), (0, 0.000001, -1), (0, -0, -1), (0, -0, -1), (0, -0, -1), (0, -0, -1), (0, -0, -1), (0, -0, -1), (0, -0, -1), (0, -0, -1), (0, -0, -1), (0, -0, -1), (0, -0, -1), (0, -0, -1), (0, -0, -1), (0, -0.000001, -1), (0, -0, -1), (0, -0, -1), (0, -0, -1), (0, -0.000001, -1), (0, -0, -1), (0, -0, -1), (0, -0, -1), (0, -0.000001, -1), (0, -0, -1), (0, -0, -1), (0, -0, -1), (0, -0.000001, -1), (0, -0, -1), (0, -0, -1), (0, -0, -1), (0, 0, -1), (0, -0, -1), (0, -0, -1), (0, 0, -1), (0, 0, -1), (0, 0, -1), (0, 0, -1), (0, 0, -1), (0, 0, -1), (0, 0, -1), (0, -0, -1), (0, -0, -1), (0, 0, -1), (0, 0, -1), (0, -0, -1), (0, 0, -1), (0, -0, -1), (0, 0, -1), (0, 0, -1), (0, -0, -1), (0, -0, -1), (0, -0, -1), (0, -0, -1), (0, -0, -1), (0, -0, -1), (0, -0, -1), (0, 0, -1), (0, 0, -1), (0, -0, -1), (0, -0, -1), (0, 0, -1), (0, -0, -1), (0, -0, -1), (0, -0, -1), (0, -0, -1), (0, -0.000001, -1), (0, -0, -1), (0, -0.000001, -1), (0, 0, -1), (0, -0, -1), (0, -0, -1), (0, -0, -1), (0, 0, -1), (0, -0, -1), (0, -0, -1), (0, 0, -1), (0, 0, -1), (0, -0, -1), (0, 0, -1), (0, -0, -1), (0, 0, -1), (0, 0.000001, -1), (0, 0, -1), (0, 0.000001, -1), (0, -0.000001, -1), (0, -0, -1), (0, 0, -1), (0, -0, -1), (0, -0, -1), (0, 0, -1), (0, 0, -1), (0, 0, -1), (0, -0, -1), (0, -0, -1), (0, -0.000001, -1), (0, -0, -1), (0, -0.000001, -1), (0, -0.000001, -1), (0, -0.000001, -1), (0, -0.000001, -1), (0, 0.000001, -1), (0, 0, -1), (0, -0.000001, -1), (0, 0, -1), (0, -0, -1), (0, 0, -1), (0, -0.000001, -1), (0, -0, -1), (0, -0, -1), (0, 0, -1), (0, 0, -1), (0, 0, -1), (0, 0.000001, -1), (0, 0.000001, -1), (0, 0, -1), (0, 0.000001, -1), (0, 0.000001, -1), (0, 0, -1), (0, 0, -1), (0, 0, -1), (0, -0, -1), (0, -0, -1), (0, 0, -1), (0, -0, -1), (0, -0, -1), (0, 0, -1), (0, 0, -1), (0, 0, -1), (0, 0.000001, -1), (0, 0.000001, -1), (0, 0, -1), (0, 0.000001, -1), (0, 0, -1), (0, 0, -1), (0, 0, -1), (0, 0, -1), (0, 0, -1), (0, -0, -1), (0, 0, -1), (0, -0, -1), (0, 0, -1), (0, 0, -1), (0, 0, -1), (0, 0, -1), (0, 0, -1), (0, 0.000001, -1), (0, 0, -1), (0, 0.000001, -1), (0, 0.000002, -1), (0, 0.000001, -1), (0, 0, -1), (0, 0.000001, -1), (0, -0.000001, -1), (0, -0, -1), (0, 0, -1), (0, 0.000001, -1), (0, -0.000001, -1), (0, 0.000001, -1), (0, 0.000002, -1), (0, 0.000001, -1), (0, 0.000002, -1), (0, 0.000002, -1), (0, 0.000002, -1), (0, 0.000002, -1), (0, 0, -1), (0, 0.000001, -1), (0, 0.000002, -1), (0, 0.000001, -1), (0, 0.000001, -1), (0, 0.000001, -1), (0, 0.000002, -1), (0, -0, -1), (0, 0.000001, -1), (0, 0.000001, -1), (0, -0, -1), (0, 0.000001, -1), (0, 0, -1), (0, -0.000001, -1), (0, -0, -1), (0, -0.000001, -1), (0, 0, -1), (0, 0, -1), (0, -0, -1), (0, 0, -1), (0, -0.000001, -1), (0, -0, -1), (0, -0, -1), (0, -0.000001, -1), (0, -0.000001, -1), (0, 0, -1), (0, 0, -1), (0, 0, -1), (0, 0, -1), (0, 0.000001, -1), (0, 0, -1), (0, 0.000001, -1), (0, -0, -1), (0, 0, -1), (0, 0, -1), (0, 0, -1), (0, 0, -1), (0, -0.000001, -1), (0, 0, -1), (0, -0, -1), (0, 0, -1), (0, 0, -1), (0, 0.000001, -1), (0, 0, -1), (0, -0, -1), (0, 0.000001, -1), (0, 0.000001, -1), (0, 0.000001, -1), (0, 0.000001, -1), (0, 0, -1), (0, 0.000001, -1), (0, 0, -1), (0, -0.000001, -1), (0, -0, -1), (0, 0.000001, -1), (0, -0, -1), (0, -0.000001, -1), (0, 0, -1), (0, -0, -1), (0, 0, -1), (0, 0.000001, -1), (0, -0.000001, -1), (0, -0, -1), (0, -0.000001, -1), (0, -0.000001, -1), (0, -0, -1), (0, -0, -1), (0, -0, -1), (0, -0, -1), (0, -0, -1), (0, -0, -1), (0, -0.000001, -1), (0, -0, -1), (0, -0, -1), (0, -0, -1), (0, -0, -1), (0, -0.000001, -1), (0, 0, -1), (0, -0, -1), (0, 0, -1), (0, 0, -1), (0, 0, -1), (0, -0, -1), (0, 0, -1), (0, -0, -1), (0, -0.000001, -1), (0, -0, -1), (0, 0.000001, -1), (0, -0, -1), (0, 0, -1), (0, 0, -1), (0, 0, -1), (0, 0, -1), (0, -0.000001, -1), (0, 0, -1), (0, -0.000001, -1), (0, -0.000001, -1), (0, -0.000001, -1), (0, 0, -1), (0, -0.000001, -1), (0, 0, -1), (0, 0.000001, -1), (0, 0, -1), (0, -0, -1), (0, 0, -1), (0, -0.000001, -1), (0, -0, -1), (0, -0.000001, -1), (0, -0.000001, -1), (0, -0.000001, -1), (0, -0, -1), (0, -0.000001, -1), (0, -0.000001, -1), (0, -0, -1), (0, -0, -1), (0, -0, -1), (0, -0, -1), (0, -0, -1), (0, -0, -1), (0, -0, -1), (0, -0, -1), (0, -0, -1), (0, -0, -1), (0, -0, -1), (0, -0.000001, -1), (0, -0, -1), (0, -0, -1), (0, -0, -1), (0, -0, -1), (0, -0, -1), (0, -0, -1), (0, -0, -1), (0, -0.000001, -1), (0, -0, -1), (0, -0, -1), (0, -0.000001, -1), (0, -0.000001, -1), (0, -0, -1), (0, -0, -1), (0, -0, -1), (0, -0, -1), (0, -0, -1), (0, -0, -1), (0, -0, -1), (0, -0, -1), (0, -0, -1), (0, -0, -1), (0, -0, -1), (0, -0.000001, -1), (0, -0.000001, -1), (0, -0, -1), (0, -0, -1), (0, -0.000001, -1), (0, -0, -1), (0, -0, -1), (0, -0, -1), (0, -0, -1), (0, -0, -1), (0, -0, -1), (0, -0, -1), (0, -0, -1), (0, -0, -1), (0, -0, -1), (0, -0, -1), (0, 0, -1), (0, -0, -1), (0, -0, -1), (0, -0, -1), (0, 0, -1), (0, -0, -1), (0, 0, -1), (0, -0, -1), (0, -0, -1), (0, 0, -1), (0, 0, -1), (0, 0, -1), (0, 0.000001, -1), (0, 0.000001, -1), (0, 0, -1), (0, 0.000001, -1), (0, 0, -1), (0, -0, -1), (0, 0, -1), (0, -0, -1), (0, 0, -1), (0, 0.000001, -1), (0, -0, -1), (0, 0.000001, -1), (0, 0.000001, -1), (0, -0, -1), (0, -0, -1), (0, -0, -1), (0, -0, -1), (0, -0, -1), (0, -0, -1), (0, -0, -1), (0, -0.000001, -1), (0, -0, -1), (0, -0, -1), (0.87168, 0.283226, 0.399945), (0.707435, 0.229859, 0.668356), (0.723289, 0.173646, 0.668356), (0.891218, 0.213961, 0.399939), (0.723289, 0.173646, 0.668356), (0.734683, 0.116361, 0.668357), (0.905256, 0.143376, 0.399944), (0.891218, 0.213961, 0.399939), (0.905256, 0.143376, 0.399944), (0.985895, 0.156147, 0.060245), (0.970604, 0.23302, 0.060239), (0.891218, 0.213961, 0.399939), (0.970604, 0.23302, 0.060239), (0.949329, 0.308456, 0.060244), (0.87168, 0.283226, 0.399945), (0.891218, 0.213961, 0.399939), (0.87168, 0.283226, 0.399945), (0.949329, 0.308456, 0.060244), (0.922201, 0.381989, 0.060247), (0.846771, 0.350743, 0.399947), (0.922201, 0.381989, 0.060247), (0.889387, 0.453168, 0.060243), (0.816644, 0.416101, 0.399941), (0.846771, 0.350743, 0.399947), (0.816644, 0.416101, 0.399941), (0.66277, 0.337696, 0.668355), (0.687223, 0.284654, 0.668354), (0.846771, 0.350743, 0.399947), (0.687223, 0.284654, 0.668354), (0.707435, 0.229859, 0.668356), (0.87168, 0.283226, 0.399945), (0.846771, 0.350743, 0.399947), (0.905256, 0.143376, 0.399944), (0.734683, 0.116361, 0.668357), (0.741551, 0.058359, 0.668353), (0.913712, 0.071907, 0.39995), (0.741551, 0.058359, 0.668353), (0.743842, -0.000002, 0.668355), (0.916537, -0.000002, 0.39995), (0.913712, 0.071907, 0.39995), (0.916537, -0.000002, 0.39995), (0.998183, -0.000002, 0.060255), (0.995106, 0.078312, 0.060257), (0.913712, 0.071907, 0.39995), (0.995106, 0.078312, 0.060257), (0.985895, 0.156147, 0.060245), (0.905256, 0.143376, 0.399944), (0.913712, 0.071907, 0.39995), (0.916537, -0.000002, 0.39995), (0.743842, -0.000002, 0.668355), (0.741548, -0.058362, 0.668356), (0.913712, -0.071911, 0.399949), (0.741548, -0.058362, 0.668356), (0.734679, -0.116361, 0.668361), (0.905252, -0.143377, 0.399951), (0.913712, -0.071911, 0.399949), (0.905252, -0.143377, 0.399951), (0.985895, -0.15615, 0.060241), (0.995106, -0.078317, 0.060247), (0.913712, -0.071911, 0.399949), (0.995106, -0.078317, 0.060247), (0.998183, -0.000002, 0.060255), (0.916537, -0.000002, 0.39995), (0.913712, -0.071911, 0.399949), (0.816644, 0.416101, 0.399941), (0.889387, 0.453168, 0.060243), (0.851092, 0.52155, 0.060238), (0.781483, 0.478896, 0.399929), (0.851092, 0.52155, 0.060238), (0.807548, 0.586717, 0.060245), (0.741501, 0.53873, 0.399934), (0.781483, 0.478896, 0.399929), (0.741501, 0.53873, 0.399934), (0.601786, 0.437223, 0.668348), (0.634234, 0.38866, 0.668349), (0.781483, 0.478896, 0.399929), (0.634234, 0.38866, 0.668349), (0.66277, 0.337696, 0.668355), (0.816644, 0.416101, 0.399941), (0.781483, 0.478896, 0.399929), (0.741501, 0.53873, 0.399934), (0.807548, 0.586717, 0.060245), (0.759024, 0.648269, 0.060248), (0.696945, 0.595246, 0.399937), (0.759024, 0.648269, 0.060248), (0.705821, 0.705824, 0.060244), (0.648091, 0.648095, 0.399939), (0.696945, 0.595246, 0.399937), (0.648091, 0.648095, 0.399939), (0.525979, 0.525978, 0.668351), (0.565628, 0.483092, 0.668347), (0.696945, 0.595246, 0.399937), (0.565628, 0.483092, 0.668347), (0.601786, 0.437223, 0.668348), (0.741501, 0.53873, 0.399934), (0.696945, 0.595246, 0.399937), (0.648091, 0.648095, 0.399939), (0.705821, 0.705824, 0.060244), (0.648268, 0.759026, 0.060244), (0.595245, 0.696945, 0.39994), (0.648268, 0.759026, 0.060244), (0.586717, 0.807548, 0.060248), (0.538728, 0.741496, 0.399944), (0.595245, 0.696945, 0.39994), (0.538728, 0.741496, 0.399944), (0.437222, 0.601782, 0.668352), (0.483089, 0.565624, 0.668352), (0.595245, 0.696945, 0.39994), (0.483089, 0.565624, 0.668352), (0.525979, 0.525978, 0.668351), (0.648091, 0.648095, 0.399939), (0.595245, 0.696945, 0.39994), (0.538728, 0.741496, 0.399944), (0.586717, 0.807548, 0.060248), (0.521548, 0.851092, 0.060247), (0.478893, 0.781479, 0.39994), (0.521548, 0.851092, 0.060247), (0.453165, 0.889389, 0.060245), (0.416102, 0.816646, 0.399937), (0.478893, 0.781479, 0.39994), (0.416102, 0.816646, 0.399937), (0.3377, 0.66277, 0.668352), (0.388661, 0.634231, 0.668351), (0.478893, 0.781479, 0.39994), (0.388661, 0.634231, 0.668351), (0.437222, 0.601782, 0.668352), (0.538728, 0.741496, 0.399944), (0.478893, 0.781479, 0.39994), (0.416102, 0.816646, 0.399937), (0.453165, 0.889389, 0.060245), (0.381986, 0.922202, 0.060245), (0.350744, 0.846776, 0.399937), (0.381986, 0.922202, 0.060245), (0.308457, 0.949328, 0.06025), (0.283227, 0.87168, 0.399945), (0.350744, 0.846776, 0.399937), (0.283227, 0.87168, 0.399945), (0.22986, 0.707436, 0.668355), (0.284658, 0.687222, 0.668353), (0.350744, 0.846776, 0.399937), (0.284658, 0.687222, 0.668353), (0.3377, 0.66277, 0.668352), (0.416102, 0.816646, 0.399937), (0.350744, 0.846776, 0.399937), (0.283227, 0.87168, 0.399945), (0.308457, 0.949328, 0.06025), (0.233024, 0.970603, 0.060253), (0.213965, 0.891214, 0.399946), (0.233024, 0.970603, 0.060253), (0.156151, 0.985894, 0.060249), (0.143379, 0.905255, 0.399944), (0.213965, 0.891214, 0.399946), (0.143379, 0.905255, 0.399944), (0.116363, 0.734685, 0.668354), (0.173646, 0.723293, 0.668352), (0.213965, 0.891214, 0.399946), (0.173646, 0.723293, 0.668352), (0.22986, 0.707436, 0.668355), (0.283227, 0.87168, 0.399945), (0.213965, 0.891214, 0.399946), (0.143379, 0.905255, 0.399944), (0.156151, 0.985894, 0.060249), (0.078316, 0.995107, 0.060245), (0.07191, 0.913717, 0.399939), (0.078316, 0.995107, 0.060245), (0, 0.998184, 0.060244), (-0, 0.916541, 0.39994), (0.07191, 0.913717, 0.399939), (-0, 0.916541, 0.39994), (0, 0.743842, 0.668355), (0.058362, 0.741551, 0.668353), (0.07191, 0.913717, 0.399939), (0.058362, 0.741551, 0.668353), (0.116363, 0.734685, 0.668354), (0.143379, 0.905255, 0.399944), (0.07191, 0.913717, 0.399939), (-0, 0.916541, 0.39994), (0, 0.998184, 0.060244), (-0.078317, 0.995107, 0.060245), (-0.071911, 0.913717, 0.399937), (-0.078317, 0.995107, 0.060245), (-0.156151, 0.985894, 0.060247), (-0.143379, 0.905258, 0.399938), (-0.071911, 0.913717, 0.399937), (-0.143379, 0.905258, 0.399938), (-0.116363, 0.734689, 0.66835), (-0.058361, 0.741553, 0.668351), (-0.071911, 0.913717, 0.399937), (-0.058361, 0.741553, 0.668351), (0, 0.743842, 0.668355), (-0, 0.916541, 0.39994), (-0.071911, 0.913717, 0.399937), (-0.143379, 0.905258, 0.399938), (-0.156151, 0.985894, 0.060247), (-0.233023, 0.970603, 0.060245), (-0.213963, 0.891219, 0.399935), (-0.233023, 0.970603, 0.060245), (-0.308456, 0.949329, 0.060244), (-0.283227, 0.871683, 0.39994), (-0.213963, 0.891219, 0.399935), (-0.283227, 0.871683, 0.39994), (-0.22986, 0.707437, 0.668354), (-0.173647, 0.723296, 0.668349), (-0.213963, 0.891219, 0.399935), (-0.173647, 0.723296, 0.668349), (-0.116363, 0.734689, 0.66835), (-0.143379, 0.905258, 0.399938), (-0.213963, 0.891219, 0.399935), (-0.283227, 0.871683, 0.39994), (-0.308456, 0.949329, 0.060244), (-0.381986, 0.922203, 0.06024), (-0.350744, 0.846775, 0.399938), (-0.381986, 0.922203, 0.06024), (-0.453164, 0.889389, 0.06024), (-0.416099, 0.816647, 0.399936), (-0.350744, 0.846775, 0.399938), (-0.416099, 0.816647, 0.399936), (-0.337697, 0.662768, 0.668355), (-0.284656, 0.687221, 0.668355), (-0.350744, 0.846775, 0.399938), (-0.284656, 0.687221, 0.668355), (-0.22986, 0.707437, 0.668354), (-0.283227, 0.871683, 0.39994), (-0.350744, 0.846775, 0.399938), (-0.416099, 0.816647, 0.399936), (-0.453164, 0.889389, 0.06024), (-0.521549, 0.851092, 0.060242), (-0.478889, 0.781483, 0.399937), (-0.521549, 0.851092, 0.060242), (-0.586719, 0.807546, 0.060244), (-0.538729, 0.741497, 0.399941), (-0.478889, 0.781483, 0.399937), (-0.538729, 0.741497, 0.399941), (-0.437221, 0.601781, 0.668354), (-0.388658, 0.63423, 0.668354), (-0.478889, 0.781483, 0.399937), (-0.388658, 0.63423, 0.668354), (-0.337697, 0.662768, 0.668355), (-0.416099, 0.816647, 0.399936), (-0.478889, 0.781483, 0.399937), (-0.538729, 0.741497, 0.399941), (-0.586719, 0.807546, 0.060244), (-0.64827, 0.759023, 0.060244), (-0.595248, 0.696942, 0.399941), (-0.64827, 0.759023, 0.060244), (-0.705823, 0.705822, 0.060246), (-0.648092, 0.648092, 0.399942), (-0.595248, 0.696942, 0.399941), (-0.648092, 0.648092, 0.399942), (-0.525977, 0.525977, 0.668353), (-0.483089, 0.565624, 0.668352), (-0.595248, 0.696942, 0.399941), (-0.483089, 0.565624, 0.668352), (-0.437221, 0.601781, 0.668354), (-0.538729, 0.741497, 0.399941), (-0.595248, 0.696942, 0.399941), (-0.648092, 0.648092, 0.399942), (-0.705823, 0.705822, 0.060246), (-0.759027, 0.648265, 0.060251), (-0.696943, 0.595246, 0.39994), (-0.759027, 0.648265, 0.060251), (-0.807549, 0.586716, 0.06025), (-0.741496, 0.53873, 0.399942), (-0.696943, 0.595246, 0.39994), (-0.741496, 0.53873, 0.399942), (-0.601782, 0.437223, 0.668351), (-0.565624, 0.483092, 0.66835), (-0.696943, 0.595246, 0.39994), (-0.565624, 0.483092, 0.66835), (-0.525977, 0.525977, 0.668353), (-0.648092, 0.648092, 0.399942), (-0.696943, 0.595246, 0.39994), (-0.741496, 0.53873, 0.399942), (-0.807549, 0.586716, 0.06025), (-0.85109, 0.521552, 0.060247), (-0.781479, 0.478895, 0.399939), (-0.85109, 0.521552, 0.060247), (-0.889387, 0.453168, 0.060243), (-0.816645, 0.416102, 0.399937), (-0.781479, 0.478895, 0.399939), (-0.816645, 0.416102, 0.399937), (-0.662769, 0.337697, 0.668355), (-0.634233, 0.38866, 0.66835), (-0.781479, 0.478895, 0.399939), (-0.634233, 0.38866, 0.66835), (-0.601782, 0.437223, 0.668351), (-0.741496, 0.53873, 0.399942), (-0.781479, 0.478895, 0.399939), (-0.816645, 0.416102, 0.399937), (-0.889387, 0.453168, 0.060243), (-0.922201, 0.381989, 0.060239), (-0.846778, 0.350743, 0.399933), (-0.922201, 0.381989, 0.060239), (-0.949329, 0.308457, 0.060247), (-0.871683, 0.283225, 0.399941), (-0.846778, 0.350743, 0.399933), (-0.871683, 0.283225, 0.399941), (-0.707436, 0.229858, 0.668356), (-0.687222, 0.284653, 0.668355), (-0.846778, 0.350743, 0.399933), (-0.687222, 0.284653, 0.668355), (-0.662769, 0.337697, 0.668355), (-0.816645, 0.416102, 0.399937), (-0.846778, 0.350743, 0.399933), (-0.871683, 0.283225, 0.399941), (-0.949329, 0.308457, 0.060247), (-0.970603, 0.233022, 0.060246), (-0.891215, 0.213963, 0.399945), (-0.970603, 0.233022, 0.060246), (-0.985894, 0.156151, 0.060247), (-0.905257, 0.14338, 0.39994), (-0.891215, 0.213963, 0.399945), (-0.905257, 0.14338, 0.39994), (-0.734686, 0.116363, 0.668353), (-0.723289, 0.173647, 0.668356), (-0.891215, 0.213963, 0.399945), (-0.723289, 0.173647, 0.668356), (-0.707436, 0.229858, 0.668356), (-0.871683, 0.283225, 0.399941), (-0.891215, 0.213963, 0.399945), (-0.905257, 0.14338, 0.39994), (-0.985894, 0.156151, 0.060247), (-0.995106, 0.078317, 0.060253), (-0.913716, 0.071912, 0.39994), (-0.995106, 0.078317, 0.060253), (-0.998183, 0, 0.060256), (-0.916535, 0, 0.399955), (-0.913716, 0.071912, 0.39994), (-0.916535, 0, 0.399955), (-0.743844, 0, 0.668354), (-0.741557, 0.058363, 0.668346), (-0.913716, 0.071912, 0.39994), (-0.741557, 0.058363, 0.668346), (-0.734686, 0.116363, 0.668353), (-0.905257, 0.14338, 0.39994), (-0.913716, 0.071912, 0.39994), (-0.916535, 0, 0.399955), (-0.998183, 0, 0.060256), (-0.995106, -0.078316, 0.060257), (-0.913712, -0.071911, 0.39995), (-0.995106, -0.078316, 0.060257), (-0.985894, -0.15615, 0.060247), (-0.905257, -0.143379, 0.39994), (-0.913712, -0.071911, 0.39995), (-0.905257, -0.143379, 0.39994), (-0.734685, -0.116363, 0.668355), (-0.741553, -0.058362, 0.668351), (-0.913712, -0.071911, 0.39995), (-0.741553, -0.058362, 0.668351), (-0.743844, 0, 0.668354), (-0.916535, 0, 0.399955), (-0.913712, -0.071911, 0.39995), (-0.905257, -0.143379, 0.39994), (-0.985894, -0.15615, 0.060247), (-0.970604, -0.233021, 0.060243), (-0.891219, -0.213964, 0.399935), (-0.970604, -0.233021, 0.060243), (-0.949329, -0.308456, 0.060246), (-0.871686, -0.283228, 0.399933), (-0.891219, -0.213964, 0.399935), (-0.871686, -0.283228, 0.399933), (-0.707439, -0.22986, 0.668352), (-0.723291, -0.173649, 0.668353), (-0.891219, -0.213964, 0.399935), (-0.723291, -0.173649, 0.668353), (-0.734685, -0.116363, 0.668355), (-0.905257, -0.143379, 0.39994), (-0.891219, -0.213964, 0.399935), (-0.871686, -0.283228, 0.399933), (-0.949329, -0.308456, 0.060246), (-0.922201, -0.381989, 0.060248), (-0.846777, -0.350744, 0.399934), (-0.922201, -0.381989, 0.060248), (-0.889388, -0.453165, 0.060251), (-0.816646, -0.416099, 0.399939), (-0.846777, -0.350744, 0.399934), (-0.816646, -0.416099, 0.399939), (-0.662772, -0.337697, 0.668352), (-0.687226, -0.284654, 0.66835), (-0.846777, -0.350744, 0.399934), (-0.687226, -0.284654, 0.66835), (-0.707439, -0.22986, 0.668352), (-0.871686, -0.283228, 0.399933), (-0.846777, -0.350744, 0.399934), (-0.816646, -0.416099, 0.399939), (-0.889388, -0.453165, 0.060251), (-0.851093, -0.521547, 0.060247), (-0.781482, -0.478891, 0.399937), (-0.851093, -0.521547, 0.060247), (-0.807548, -0.586717, 0.060243), (-0.741497, -0.538731, 0.399939), (-0.781482, -0.478891, 0.399937), (-0.741497, -0.538731, 0.399939), (-0.601782, -0.437223, 0.668352), (-0.634233, -0.388659, 0.668351), (-0.781482, -0.478891, 0.399937), (-0.634233, -0.388659, 0.668351), (-0.662772, -0.337697, 0.668352), (-0.816646, -0.416099, 0.399939), (-0.781482, -0.478891, 0.399937), (-0.741497, -0.538731, 0.399939), (-0.807548, -0.586717, 0.060243), (-0.759024, -0.648269, 0.060244), (-0.696941, -0.595249, 0.39994), (-0.759024, -0.648269, 0.060244), (-0.705821, -0.705824, 0.060248), (-0.648089, -0.648094, 0.399943), (-0.696941, -0.595249, 0.39994), (-0.648089, -0.648094, 0.399943), (-0.525979, -0.525978, 0.668352), (-0.565624, -0.483092, 0.66835), (-0.696941, -0.595249, 0.39994), (-0.565624, -0.483092, 0.66835), (-0.601782, -0.437223, 0.668352), (-0.741497, -0.538731, 0.399939), (-0.696941, -0.595249, 0.39994), (-0.648089, -0.648094, 0.399943), (-0.705821, -0.705824, 0.060248), (-0.648268, -0.759025, 0.060244), (-0.595246, -0.696946, 0.399936), (-0.648268, -0.759025, 0.060244), (-0.586718, -0.807548, 0.060239), (-0.53873, -0.7415, 0.399935), (-0.595246, -0.696946, 0.399936), (-0.53873, -0.7415, 0.399935), (-0.437221, -0.60178, 0.668355), (-0.483091, -0.565625, 0.66835), (-0.595246, -0.696946, 0.399936), (-0.483091, -0.565625, 0.66835), (-0.525979, -0.525978, 0.668352), (-0.648089, -0.648094, 0.399943), (-0.595246, -0.696946, 0.399936), (-0.53873, -0.7415, 0.399935), (-0.586718, -0.807548, 0.060239), (-0.521549, -0.851092, 0.06024), (-0.478893, -0.781481, 0.399937), (-0.521549, -0.851092, 0.06024), (-0.453164, -0.889389, 0.060244), (-0.4161, -0.816645, 0.39994), (-0.478893, -0.781481, 0.399937), (-0.4161, -0.816645, 0.39994), (-0.337698, -0.662768, 0.668355), (-0.388659, -0.634228, 0.668356), (-0.478893, -0.781481, 0.399937), (-0.388659, -0.634228, 0.668356), (-0.437221, -0.60178, 0.668355), (-0.53873, -0.7415, 0.399935), (-0.478893, -0.781481, 0.399937), (-0.4161, -0.816645, 0.39994), (-0.453164, -0.889389, 0.060244), (-0.381985, -0.922203, 0.060246), (-0.350742, -0.846775, 0.39994), (-0.381985, -0.922203, 0.060246), (-0.308456, -0.949328, 0.060251), (-0.283227, -0.871682, 0.399942), (-0.350742, -0.846775, 0.39994), (-0.283227, -0.871682, 0.399942), (-0.229861, -0.707438, 0.668353), (-0.284658, -0.687222, 0.668353), (-0.350742, -0.846775, 0.39994), (-0.284658, -0.687222, 0.668353), (-0.337698, -0.662768, 0.668355), (-0.4161, -0.816645, 0.39994), (-0.350742, -0.846775, 0.39994), (-0.283227, -0.871682, 0.399942), (-0.308456, -0.949328, 0.060251), (-0.233024, -0.970603, 0.060253), (-0.213965, -0.891216, 0.399942), (-0.233024, -0.970603, 0.060253), (-0.156152, -0.985894, 0.06025), (-0.143379, -0.905255, 0.399945), (-0.213965, -0.891216, 0.399942), (-0.143379, -0.905255, 0.399945), (-0.116362, -0.734686, 0.668354), (-0.173647, -0.723295, 0.668349), (-0.213965, -0.891216, 0.399942), (-0.173647, -0.723295, 0.668349), (-0.229861, -0.707438, 0.668353), (-0.283227, -0.871682, 0.399942), (-0.213965, -0.891216, 0.399942), (-0.143379, -0.905255, 0.399945), (-0.156152, -0.985894, 0.06025), (-0.078317, -0.995106, 0.060247), (-0.07191, -0.913713, 0.399947), (-0.078317, -0.995106, 0.060247), (0, -0.998183, 0.060251), (0, -0.916538, 0.399949), (-0.07191, -0.913713, 0.399947), (0, -0.916538, 0.399949), (-0, -0.743841, 0.668357), (-0.058361, -0.741548, 0.668356), (-0.07191, -0.913713, 0.399947), (-0.058361, -0.741548, 0.668356), (-0.116362, -0.734686, 0.668354), (-0.143379, -0.905255, 0.399945), (-0.07191, -0.913713, 0.399947), (0, -0.916538, 0.399949), (0, -0.998183, 0.060251), (0.078316, -0.995106, 0.060251), (0.07191, -0.913714, 0.399944), (0.078316, -0.995106, 0.060251), (0.156151, -0.985894, 0.060251), (0.143378, -0.905256, 0.399944), (0.07191, -0.913714, 0.399944), (0.143378, -0.905256, 0.399944), (0.116362, -0.734686, 0.668353), (0.058361, -0.741551, 0.668353), (0.07191, -0.913714, 0.399944), (0.058361, -0.741551, 0.668353), (-0, -0.743841, 0.668357), (0, -0.916538, 0.399949), (0.07191, -0.913714, 0.399944), (0.143378, -0.905256, 0.399944), (0.156151, -0.985894, 0.060251), (0.233023, -0.970603, 0.060252), (0.213964, -0.891217, 0.39994), (0.233023, -0.970603, 0.060252), (0.308456, -0.949328, 0.060253), (0.283227, -0.871682, 0.399942), (0.213964, -0.891217, 0.39994), (0.283227, -0.871682, 0.399942), (0.229861, -0.70744, 0.66835), (0.173647, -0.723296, 0.668349), (0.213964, -0.891217, 0.39994), (0.173647, -0.723296, 0.668349), (0.116362, -0.734686, 0.668353), (0.143378, -0.905256, 0.399944), (0.213964, -0.891217, 0.39994), (0.283227, -0.871682, 0.399942), (0.308456, -0.949328, 0.060253), (0.381987, -0.922202, 0.060253), (0.350744, -0.846774, 0.399942), (0.381987, -0.922202, 0.060253), (0.453166, -0.889388, 0.060248), (0.416102, -0.816644, 0.399939), (0.350744, -0.846774, 0.399942), (0.416102, -0.816644, 0.399939), (0.337699, -0.662771, 0.668352), (0.284658, -0.687226, 0.668348), (0.350744, -0.846774, 0.399942), (0.284658, -0.687226, 0.668348), (0.229861, -0.70744, 0.66835), (0.283227, -0.871682, 0.399942), (0.350744, -0.846774, 0.399942), (0.416102, -0.816644, 0.399939), (0.453166, -0.889388, 0.060248), (0.521551, -0.851091, 0.060246), (0.478892, -0.781481, 0.399937), (0.521551, -0.851091, 0.060246), (0.586719, -0.807546, 0.06025), (0.538729, -0.741497, 0.399942), (0.478892, -0.781481, 0.399937), (0.538729, -0.741497, 0.399942), (0.437221, -0.601781, 0.668355), (0.38866, -0.634231, 0.668352), (0.478892, -0.781481, 0.399937), (0.38866, -0.634231, 0.668352), (0.337699, -0.662771, 0.668352), (0.416102, -0.816644, 0.399939), (0.478892, -0.781481, 0.399937), (0.538729, -0.741497, 0.399942), (0.586719, -0.807546, 0.06025), (0.648269, -0.759024, 0.060252), (0.595246, -0.696943, 0.399941), (0.648269, -0.759024, 0.060252), (0.705822, -0.705823, 0.060249), (0.648091, -0.648094, 0.39994), (0.595246, -0.696943, 0.399941), (0.648091, -0.648094, 0.39994), (0.525977, -0.525979, 0.668352), (0.483089, -0.565625, 0.668351), (0.595246, -0.696943, 0.399941), (0.483089, -0.565625, 0.668351), (0.437221, -0.601781, 0.668355), (0.538729, -0.741497, 0.399942), (0.595246, -0.696943, 0.399941), (0.648091, -0.648094, 0.39994), (0.705822, -0.705823, 0.060249), (0.759026, -0.648267, 0.060249), (0.696944, -0.595248, 0.399937), (0.759026, -0.648267, 0.060249), (0.807548, -0.586716, 0.06025), (0.741498, -0.538731, 0.399938), (0.696944, -0.595248, 0.399937), (0.741498, -0.538731, 0.399938), (0.601783, -0.437224, 0.66835), (0.565625, -0.483093, 0.668348), (0.696944, -0.595248, 0.399937), (0.565625, -0.483093, 0.668348), (0.525977, -0.525979, 0.668352), (0.648091, -0.648094, 0.39994), (0.696944, -0.595248, 0.399937), (0.741498, -0.538731, 0.399938), (0.807548, -0.586716, 0.06025), (0.851091, -0.52155, 0.060246), (0.78148, -0.478891, 0.39994), (0.851091, -0.52155, 0.060246), (0.889389, -0.453164, 0.060241), (0.816646, -0.416099, 0.39994), (0.78148, -0.478891, 0.39994), (0.816646, -0.416099, 0.39994), (0.662769, -0.337697, 0.668354), (0.634232, -0.388659, 0.668352), (0.78148, -0.478891, 0.39994), (0.634232, -0.388659, 0.668352), (0.601783, -0.437224, 0.66835), (0.741498, -0.538731, 0.399938), (0.78148, -0.478891, 0.39994), (0.816646, -0.416099, 0.39994), (0.889389, -0.453164, 0.060241), (0.922202, -0.381988, 0.06024), (0.846777, -0.350744, 0.399934), (0.922202, -0.381988, 0.06024), (0.949329, -0.308457, 0.060242), (0.871685, -0.283226, 0.399936), (0.846777, -0.350744, 0.399934), (0.871685, -0.283226, 0.399936), (0.707438, -0.229859, 0.668353), (0.687226, -0.284655, 0.66835), (0.846777, -0.350744, 0.399934), (0.687226, -0.284655, 0.66835), (0.662769, -0.337697, 0.668354), (0.816646, -0.416099, 0.39994), (0.846777, -0.350744, 0.399934), (0.871685, -0.283226, 0.399936), (0.949329, -0.308457, 0.060242), (0.970604, -0.233022, 0.060237), (0.891218, -0.213961, 0.39994), (0.970604, -0.233022, 0.060237), (0.985895, -0.15615, 0.060241), (0.905252, -0.143377, 0.399951), (0.891218, -0.213961, 0.39994), (0.905252, -0.143377, 0.399951), (0.734679, -0.116361, 0.668361), (0.723288, -0.173645, 0.668358), (0.891218, -0.213961, 0.39994), (0.723288, -0.173645, 0.668358), (0.707438, -0.229859, 0.668353), (0.871685, -0.283226, 0.399936), (0.891218, -0.213961, 0.39994), (-0.796224, -0.258709, 0.546897), (-0.452108, -0.1469, 0.879783), (-0.439188, -0.181923, 0.879783), (-0.773469, -0.320383, 0.546901), (-0.439188, -0.181923, 0.879783), (-0.423559, -0.215812, 0.879786), (-0.74595, -0.380077, 0.546901), (-0.773469, -0.320383, 0.546901), (-0.74595, -0.380077, 0.546901), (-0.888098, -0.452506, 0.08075), (-0.920863, -0.381431, 0.080754), (-0.773469, -0.320383, 0.546901), (-0.920863, -0.381431, 0.080754), (-0.947951, -0.308006, 0.08075), (-0.796224, -0.258709, 0.546897), (-0.773469, -0.320383, 0.546901), (-0.796224, -0.258709, 0.546897), (-0.947951, -0.308006, 0.08075), (-0.969195, -0.232682, 0.080747), (-0.814075, -0.195442, 0.546887), (-0.969195, -0.232682, 0.080747), (-0.984463, -0.15592, 0.080756), (-0.826891, -0.130964, 0.546901), (-0.814075, -0.195442, 0.546887), (-0.826891, -0.130964, 0.546901), (-0.469523, -0.074364, 0.879783), (-0.462245, -0.110976, 0.879781), (-0.814075, -0.195442, 0.546887), (-0.462245, -0.110976, 0.879781), (-0.452108, -0.1469, 0.879783), (-0.796224, -0.258709, 0.546897), (-0.814075, -0.195442, 0.546887), (-0.74595, -0.380077, 0.546901), (-0.423559, -0.215812, 0.879786), (-0.405326, -0.248379, 0.879783), (-0.713827, -0.437434, 0.546902), (-0.405326, -0.248379, 0.879783), (-0.384584, -0.279414, 0.879786), (-0.677303, -0.492095, 0.546903), (-0.713827, -0.437434, 0.546902), (-0.677303, -0.492095, 0.546903), (-0.806373, -0.585868, 0.080754), (-0.849854, -0.520793, 0.080759), (-0.713827, -0.437434, 0.546902), (-0.849854, -0.520793, 0.080759), (-0.888098, -0.452506, 0.08075), (-0.74595, -0.380077, 0.546901), (-0.713827, -0.437434, 0.546902), (-0.826891, -0.130964, 0.546901), (-0.984463, -0.15592, 0.080756), (-0.993662, -0.078197, 0.080746), (-0.834616, -0.065681, 0.546902), (-0.993662, -0.078197, 0.080746), (-0.996736, 0.000003, 0.080734), (-0.8372, 0.000003, 0.546897), (-0.834616, -0.065681, 0.546902), (-0.8372, 0.000003, 0.546897), (-0.475368, 0.000001, 0.879787), (-0.473906, -0.037295, 0.879785), (-0.834616, -0.065681, 0.546902), (-0.473906, -0.037295, 0.879785), (-0.469523, -0.074364, 0.879783), (-0.826891, -0.130964, 0.546901), (-0.834616, -0.065681, 0.546902), (-0.677303, -0.492095, 0.546903), (-0.384584, -0.279414, 0.879786), (-0.361472, -0.308725, 0.879788), (-0.636609, -0.543712, 0.546906), (-0.361472, -0.308725, 0.879788), (-0.336133, -0.336137, 0.879788), (-0.591985, -0.591981, 0.546912), (-0.636609, -0.543712, 0.546906), (-0.591985, -0.591981, 0.546912), (-0.7048, -0.704795, 0.080753), (-0.757924, -0.647327, 0.080744), (-0.636609, -0.543712, 0.546906), (-0.757924, -0.647327, 0.080744), (-0.806373, -0.585868, 0.080754), (-0.677303, -0.492095, 0.546903), (-0.636609, -0.543712, 0.546906), (-0.591985, -0.591981, 0.546912), (-0.336133, -0.336137, 0.879788), (-0.308729, -0.361475, 0.879785), (-0.543714, -0.636608, 0.546905), (-0.308729, -0.361475, 0.879785), (-0.279418, -0.384584, 0.879784), (-0.492094, -0.677306, 0.5469), (-0.543714, -0.636608, 0.546905), (-0.492094, -0.677306, 0.5469), (-0.585869, -0.806373, 0.08075), (-0.647327, -0.757922, 0.080753), (-0.543714, -0.636608, 0.546905), (-0.647327, -0.757922, 0.080753), (-0.7048, -0.704795, 0.080753), (-0.591985, -0.591981, 0.546912), (-0.543714, -0.636608, 0.546905), (-0.492094, -0.677306, 0.5469), (-0.279418, -0.384584, 0.879784), (-0.248385, -0.405327, 0.879781), (-0.437436, -0.713832, 0.546894), (-0.248385, -0.405327, 0.879781), (-0.215816, -0.423571, 0.879779), (-0.380077, -0.745956, 0.546892), (-0.437436, -0.713832, 0.546894), (-0.380077, -0.745956, 0.546892), (-0.452507, -0.888097, 0.080751), (-0.520793, -0.849855, 0.080749), (-0.437436, -0.713832, 0.546894), (-0.520793, -0.849855, 0.080749), (-0.585869, -0.806373, 0.08075), (-0.492094, -0.677306, 0.5469), (-0.437436, -0.713832, 0.546894), (-0.380077, -0.745956, 0.546892), (-0.215816, -0.423571, 0.879779), (-0.181917, -0.4392, 0.879778), (-0.320382, -0.773478, 0.546888), (-0.181917, -0.4392, 0.879778), (-0.146897, -0.452112, 0.879782), (-0.258709, -0.796227, 0.546893), (-0.320382, -0.773478, 0.546888), (-0.258709, -0.796227, 0.546893), (-0.308011, -0.94795, 0.080749), (-0.381437, -0.920861, 0.080748), (-0.320382, -0.773478, 0.546888), (-0.381437, -0.920861, 0.080748), (-0.452507, -0.888097, 0.080751), (-0.380077, -0.745956, 0.546892), (-0.320382, -0.773478, 0.546888), (-0.258709, -0.796227, 0.546893), (-0.146897, -0.452112, 0.879782), (-0.110973, -0.462241, 0.879783), (-0.195439, -0.81407, 0.546894), (-0.110973, -0.462241, 0.879783), (-0.074364, -0.469519, 0.879785), (-0.130965, -0.826893, 0.546897), (-0.195439, -0.81407, 0.546894), (-0.130965, -0.826893, 0.546897), (-0.155922, -0.984463, 0.08075), (-0.232683, -0.969194, 0.08075), (-0.195439, -0.81407, 0.546894), (-0.232683, -0.969194, 0.08075), (-0.308011, -0.94795, 0.080749), (-0.258709, -0.796227, 0.546893), (-0.195439, -0.81407, 0.546894), (-0.130965, -0.826893, 0.546897), (-0.074364, -0.469519, 0.879785), (-0.037297, -0.473907, 0.879785), (-0.065686, -0.834617, 0.546899), (-0.037297, -0.473907, 0.879785), (0, -0.47537, 0.879786), (-0, -0.837194, 0.546906), (-0.065686, -0.834617, 0.546899), (-0, -0.837194, 0.546906), (-0, -0.996734, 0.080753), (-0.078203, -0.993662, 0.08075), (-0.065686, -0.834617, 0.546899), (-0.078203, -0.993662, 0.08075), (-0.155922, -0.984463, 0.08075), (-0.130965, -0.826893, 0.546897), (-0.065686, -0.834617, 0.546899), (-0, -0.837194, 0.546906), (0, -0.47537, 0.879786), (0.037297, -0.473908, 0.879784), (0.065685, -0.834616, 0.546902), (0.037297, -0.473908, 0.879784), (0.074364, -0.469519, 0.879785), (0.130965, -0.826892, 0.546898), (0.065685, -0.834616, 0.546902), (0.130965, -0.826892, 0.546898), (0.155922, -0.984463, 0.08075), (0.078203, -0.993662, 0.080753), (0.065685, -0.834616, 0.546902), (0.078203, -0.993662, 0.080753), (-0, -0.996734, 0.080753), (-0, -0.837194, 0.546906), (0.065685, -0.834616, 0.546902), (0.130965, -0.826892, 0.546898), (0.074364, -0.469519, 0.879785), (0.110975, -0.462243, 0.879782), (0.195441, -0.81407, 0.546894), (0.110975, -0.462243, 0.879782), (0.146899, -0.452121, 0.879777), (0.258709, -0.796232, 0.546886), (0.195441, -0.81407, 0.546894), (0.258709, -0.796232, 0.546886), (0.30801, -0.94795, 0.080753), (0.232683, -0.969195, 0.080751), (0.195441, -0.81407, 0.546894), (0.232683, -0.969195, 0.080751), (0.155922, -0.984463, 0.08075), (0.130965, -0.826892, 0.546898), (0.195441, -0.81407, 0.546894), (0.258709, -0.796232, 0.546886), (0.146899, -0.452121, 0.879777), (0.181918, -0.439204, 0.879776), (0.320382, -0.773483, 0.546882), (0.181918, -0.439204, 0.879776), (0.215815, -0.423562, 0.879784), (0.380079, -0.745952, 0.546896), (0.320382, -0.773483, 0.546882), (0.380079, -0.745952, 0.546896), (0.452508, -0.888097, 0.080751), (0.381435, -0.920862, 0.08075), (0.320382, -0.773483, 0.546882), (0.381435, -0.920862, 0.08075), (0.30801, -0.94795, 0.080753), (0.258709, -0.796232, 0.546886), (0.320382, -0.773483, 0.546882), (0.380079, -0.745952, 0.546896), (0.215815, -0.423562, 0.879784), (0.248383, -0.405318, 0.879786), (0.437436, -0.71383, 0.546897), (0.248383, -0.405318, 0.879786), (0.279416, -0.384583, 0.879786), (0.492094, -0.677307, 0.546899), (0.437436, -0.71383, 0.546897), (0.492094, -0.677307, 0.546899), (0.585869, -0.806373, 0.080747), (0.520793, -0.849855, 0.080747), (0.437436, -0.71383, 0.546897), (0.520793, -0.849855, 0.080747), (0.452508, -0.888097, 0.080751), (0.380079, -0.745952, 0.546896), (0.437436, -0.71383, 0.546897), (0.492094, -0.677307, 0.546899), (0.279416, -0.384583, 0.879786), (0.30873, -0.361479, 0.879783), (0.543716, -0.63661, 0.546901), (0.30873, -0.361479, 0.879783), (0.336138, -0.336143, 0.879784), (0.591986, -0.591984, 0.546907), (0.543716, -0.63661, 0.546901), (0.591986, -0.591984, 0.546907), (0.7048, -0.704794, 0.080759), (0.647329, -0.757921, 0.080753), (0.543716, -0.63661, 0.546901), (0.647329, -0.757921, 0.080753), (0.585869, -0.806373, 0.080747), (0.492094, -0.677307, 0.546899), (0.543716, -0.63661, 0.546901), (0.591986, -0.591984, 0.546907), (0.336138, -0.336143, 0.879784), (0.361478, -0.308736, 0.879782), (0.636607, -0.543715, 0.546906), (0.361478, -0.308736, 0.879782), (0.384586, -0.27942, 0.879783), (0.677305, -0.492094, 0.546901), (0.636607, -0.543715, 0.546906), (0.677305, -0.492094, 0.546901), (0.806376, -0.585864, 0.080754), (0.757925, -0.647323, 0.08076), (0.636607, -0.543715, 0.546906), (0.757925, -0.647323, 0.08076), (0.7048, -0.704794, 0.080759), (0.591986, -0.591984, 0.546907), (0.636607, -0.543715, 0.546906), (0.677305, -0.492094, 0.546901), (0.384586, -0.27942, 0.879783), (0.405326, -0.248384, 0.879782), (0.71383, -0.437437, 0.546897), (0.405326, -0.248384, 0.879782), (0.423563, -0.215818, 0.879782), (0.745948, -0.380082, 0.5469), (0.71383, -0.437437, 0.546897), (0.745948, -0.380082, 0.5469), (0.888096, -0.45251, 0.080748), (0.849856, -0.520792, 0.08075), (0.71383, -0.437437, 0.546897), (0.849856, -0.520792, 0.08075), (0.806376, -0.585864, 0.080754), (0.677305, -0.492094, 0.546901), (0.71383, -0.437437, 0.546897), (0.745948, -0.380082, 0.5469), (0.423563, -0.215818, 0.879782), (0.43919, -0.18192, 0.879783), (0.773463, -0.320383, 0.546908), (0.43919, -0.18192, 0.879783), (0.452108, -0.146902, 0.879783), (0.796215, -0.258709, 0.546911), (0.773463, -0.320383, 0.546908), (0.796215, -0.258709, 0.546911), (0.94795, -0.308006, 0.08076), (0.920861, -0.381436, 0.080757), (0.773463, -0.320383, 0.546908), (0.920861, -0.381436, 0.080757), (0.888096, -0.45251, 0.080748), (0.745948, -0.380082, 0.5469), (0.773463, -0.320383, 0.546908), (0.796215, -0.258709, 0.546911), (0.452108, -0.146902, 0.879783), (0.462238, -0.110976, 0.879784), (0.814063, -0.195442, 0.546904), (0.462238, -0.110976, 0.879784), (0.469518, -0.074365, 0.879785), (0.826883, -0.130968, 0.546911), (0.814063, -0.195442, 0.546904), (0.826883, -0.130968, 0.546911), (0.984462, -0.155924, 0.080761), (0.969195, -0.232682, 0.080751), (0.814063, -0.195442, 0.546904), (0.969195, -0.232682, 0.080751), (0.94795, -0.308006, 0.08076), (0.796215, -0.258709, 0.546911), (0.814063, -0.195442, 0.546904), (0.826883, -0.130968, 0.546911), (0.469518, -0.074365, 0.879785), (0.473905, -0.037297, 0.879786), (0.834619, -0.065687, 0.546898), (0.473905, -0.037297, 0.879786), (0.475366, -0, 0.879788), (0.837203, 0, 0.546893), (0.834619, -0.065687, 0.546898), (0.837203, 0, 0.546893), (0.996735, -0, 0.080745), (0.993661, -0.078203, 0.080753), (0.834619, -0.065687, 0.546898), (0.993661, -0.078203, 0.080753), (0.984462, -0.155924, 0.080761), (0.826883, -0.130968, 0.546911), (0.834619, -0.065687, 0.546898), (0.837203, 0, 0.546893), (0.475366, -0, 0.879788), (0.4739, 0.037296, 0.879789), (0.834613, 0.065686, 0.546906), (0.4739, 0.037296, 0.879789), (0.469516, 0.074364, 0.879787), (0.826885, 0.130969, 0.546908), (0.834613, 0.065686, 0.546906), (0.826885, 0.130969, 0.546908), (0.984463, 0.155925, 0.080751), (0.993661, 0.078203, 0.080754), (0.834613, 0.065686, 0.546906), (0.993661, 0.078203, 0.080754), (0.996735, -0, 0.080745), (0.837203, 0, 0.546893), (0.834613, 0.065686, 0.546906), (0.826885, 0.130969, 0.546908), (0.469516, 0.074364, 0.879787), (0.462245, 0.110976, 0.879781), (0.814067, 0.195442, 0.546897), (0.462245, 0.110976, 0.879781), (0.45211, 0.146901, 0.879782), (0.796219, 0.25871, 0.546905), (0.814067, 0.195442, 0.546897), (0.796219, 0.25871, 0.546905), (0.947951, 0.308008, 0.080753), (0.969195, 0.232683, 0.080746), (0.814067, 0.195442, 0.546897), (0.969195, 0.232683, 0.080746), (0.984463, 0.155925, 0.080751), (0.826885, 0.130969, 0.546908), (0.814067, 0.195442, 0.546897), (0.796219, 0.25871, 0.546905), (0.45211, 0.146901, 0.879782), (0.439191, 0.181923, 0.879781), (0.773469, 0.320385, 0.5469), (0.439191, 0.181923, 0.879781), (0.423561, 0.215817, 0.879784), (0.745952, 0.380082, 0.546894), (0.773469, 0.320385, 0.5469), (0.745952, 0.380082, 0.546894), (0.888098, 0.452506, 0.080742), (0.920863, 0.381433, 0.08075), (0.773469, 0.320385, 0.5469), (0.920863, 0.381433, 0.08075), (0.947951, 0.308008, 0.080753), (0.796219, 0.25871, 0.546905), (0.773469, 0.320385, 0.5469), (0.745952, 0.380082, 0.546894), (0.423561, 0.215817, 0.879784), (0.405323, 0.248379, 0.879785), (0.713832, 0.437437, 0.546894), (0.405323, 0.248379, 0.879785), (0.384582, 0.279416, 0.879786), (0.677308, 0.492094, 0.546898), (0.713832, 0.437437, 0.546894), (0.677308, 0.492094, 0.546898), (0.806376, 0.585866, 0.080744), (0.849855, 0.520794, 0.080744), (0.713832, 0.437437, 0.546894), (0.849855, 0.520794, 0.080744), (0.888098, 0.452506, 0.080742), (0.745952, 0.380082, 0.546894), (0.713832, 0.437437, 0.546894), (0.677308, 0.492094, 0.546898), (0.384582, 0.279416, 0.879786), (0.361476, 0.308734, 0.879783), (0.636613, 0.543715, 0.546898), (0.361476, 0.308734, 0.879783), (0.33614, 0.336141, 0.879784), (0.59199, 0.591986, 0.5469), (0.636613, 0.543715, 0.546898), (0.59199, 0.591986, 0.5469), (0.7048, 0.704795, 0.080751), (0.757926, 0.647324, 0.080746), (0.636613, 0.543715, 0.546898), (0.757926, 0.647324, 0.080746), (0.806376, 0.585866, 0.080744), (0.677308, 0.492094, 0.546898), (0.636613, 0.543715, 0.546898), (0.59199, 0.591986, 0.5469), (0.33614, 0.336141, 0.879784), (0.30873, 0.361476, 0.879784), (0.543717, 0.636611, 0.546898), (0.30873, 0.361476, 0.879784), (0.279416, 0.384578, 0.879788), (0.492093, 0.677305, 0.546903), (0.543717, 0.636611, 0.546898), (0.492093, 0.677305, 0.546903), (0.585866, 0.806375, 0.080749), (0.647327, 0.757922, 0.080751), (0.543717, 0.636611, 0.546898), (0.647327, 0.757922, 0.080751), (0.7048, 0.704795, 0.080751), (0.59199, 0.591986, 0.5469), (0.543717, 0.636611, 0.546898), (0.492093, 0.677305, 0.546903), (0.279416, 0.384578, 0.879788), (0.248382, 0.405317, 0.879787), (0.437433, 0.71383, 0.5469), (0.248382, 0.405317, 0.879787), (0.215814, 0.423559, 0.879785), (0.380079, 0.745952, 0.546896), (0.437433, 0.71383, 0.5469), (0.380079, 0.745952, 0.546896), (0.452508, 0.888097, 0.080745), (0.520791, 0.849857, 0.080746), (0.437433, 0.71383, 0.5469), (0.520791, 0.849857, 0.080746), (0.585866, 0.806375, 0.080749), (0.492093, 0.677305, 0.546903), (0.437433, 0.71383, 0.5469), (0.380079, 0.745952, 0.546896), (0.215814, 0.423559, 0.879785), (0.181917, 0.439191, 0.879783), (0.320384, 0.773476, 0.54689), (0.181917, 0.439191, 0.879783), (0.146897, 0.452111, 0.879782), (0.258708, 0.796226, 0.546894), (0.320384, 0.773476, 0.54689), (0.258708, 0.796226, 0.546894), (0.30801, 0.94795, 0.080752), (0.381437, 0.920862, 0.080744), (0.320384, 0.773476, 0.54689), (0.381437, 0.920862, 0.080744), (0.452508, 0.888097, 0.080745), (0.380079, 0.745952, 0.546896), (0.320384, 0.773476, 0.54689), (0.258708, 0.796226, 0.546894), (0.146897, 0.452111, 0.879782), (0.110973, 0.462242, 0.879782), (0.195439, 0.814069, 0.546896), (0.110973, 0.462242, 0.879782), (0.074364, 0.46952, 0.879784), (0.130965, 0.826893, 0.546897), (0.195439, 0.814069, 0.546896), (0.130965, 0.826893, 0.546897), (0.155922, 0.984463, 0.080749), (0.232683, 0.969194, 0.080754), (0.195439, 0.814069, 0.546896), (0.232683, 0.969194, 0.080754), (0.30801, 0.94795, 0.080752), (0.258708, 0.796226, 0.546894), (0.195439, 0.814069, 0.546896), (0.130965, 0.826893, 0.546897), (0.074364, 0.46952, 0.879784), (0.037297, 0.473909, 0.879783), (0.065686, 0.834618, 0.546898), (0.037297, 0.473909, 0.879783), (-0, 0.475373, 0.879784), (0, 0.837196, 0.546904), (0.065686, 0.834618, 0.546898), (0, 0.837196, 0.546904), (0, 0.996734, 0.080754), (0.078203, 0.993662, 0.080749), (0.065686, 0.834618, 0.546898), (0.078203, 0.993662, 0.080749), (0.155922, 0.984463, 0.080749), (0.130965, 0.826893, 0.546897), (0.065686, 0.834618, 0.546898), (0, 0.837196, 0.546904), (-0, 0.475373, 0.879784), (-0.037297, 0.473911, 0.879783), (-0.065685, 0.834617, 0.546901), (-0.037297, 0.473911, 0.879783), (-0.074364, 0.469519, 0.879785), (-0.130965, 0.82689, 0.546901), (-0.065685, 0.834617, 0.546901), (-0.130965, 0.82689, 0.546901), (-0.155922, 0.984463, 0.080752), (-0.078203, 0.993661, 0.080754), (-0.065685, 0.834617, 0.546901), (-0.078203, 0.993661, 0.080754), (0, 0.996734, 0.080754), (0, 0.837196, 0.546904), (-0.065685, 0.834617, 0.546901), (-0.130965, 0.82689, 0.546901), (-0.074364, 0.469519, 0.879785), (-0.110974, 0.462239, 0.879784), (-0.19544, 0.814065, 0.546902), (-0.110974, 0.462239, 0.879784), (-0.146899, 0.452112, 0.879782), (-0.258709, 0.796221, 0.546901), (-0.19544, 0.814065, 0.546902), (-0.258709, 0.796221, 0.546901), (-0.308009, 0.94795, 0.080758), (-0.232683, 0.969194, 0.080754), (-0.19544, 0.814065, 0.546902), (-0.232683, 0.969194, 0.080754), (-0.155922, 0.984463, 0.080752), (-0.130965, 0.82689, 0.546901), (-0.19544, 0.814065, 0.546902), (-0.258709, 0.796221, 0.546901), (-0.146899, 0.452112, 0.879782), (-0.181919, 0.4392, 0.879778), (-0.320382, 0.773474, 0.546894), (-0.181919, 0.4392, 0.879778), (-0.215816, 0.423564, 0.879782), (-0.380079, 0.745952, 0.546896), (-0.320382, 0.773474, 0.546894), (-0.380079, 0.745952, 0.546896), (-0.452507, 0.888097, 0.080752), (-0.381435, 0.920861, 0.080756), (-0.320382, 0.773474, 0.546894), (-0.381435, 0.920861, 0.080756), (-0.308009, 0.94795, 0.080758), (-0.258709, 0.796221, 0.546901), (-0.320382, 0.773474, 0.546894), (-0.380079, 0.745952, 0.546896), (-0.215816, 0.423564, 0.879782), (-0.248383, 0.405319, 0.879785), (-0.437437, 0.713832, 0.546894), (-0.248383, 0.405319, 0.879785), (-0.279417, 0.384584, 0.879785), (-0.492097, 0.677311, 0.546892), (-0.437437, 0.713832, 0.546894), (-0.492097, 0.677311, 0.546892), (-0.585869, 0.806373, 0.080741), (-0.520793, 0.849855, 0.080744), (-0.437437, 0.713832, 0.546894), (-0.520793, 0.849855, 0.080744), (-0.452507, 0.888097, 0.080752), (-0.380079, 0.745952, 0.546896), (-0.437437, 0.713832, 0.546894), (-0.492097, 0.677311, 0.546892), (-0.279417, 0.384584, 0.879785), (-0.308729, 0.361478, 0.879784), (-0.543719, 0.636614, 0.546893), (-0.308729, 0.361478, 0.879784), (-0.336137, 0.336142, 0.879784), (-0.591987, 0.591986, 0.546905), (-0.543719, 0.636614, 0.546893), (-0.591987, 0.591986, 0.546905), (-0.7048, 0.704795, 0.080751), (-0.647329, 0.757922, 0.080742), (-0.543719, 0.636614, 0.546893), (-0.647329, 0.757922, 0.080742), (-0.585869, 0.806373, 0.080741), (-0.492097, 0.677311, 0.546892), (-0.543719, 0.636614, 0.546893), (-0.591987, 0.591986, 0.546905), (-0.336137, 0.336142, 0.879784), (-0.361477, 0.308737, 0.879782), (-0.636609, 0.543717, 0.5469), (-0.361477, 0.308737, 0.879782), (-0.384584, 0.27942, 0.879784), (-0.677305, 0.492094, 0.546902), (-0.636609, 0.543717, 0.5469), (-0.677305, 0.492094, 0.546902), (-0.806376, 0.585865, 0.080744), (-0.757926, 0.647324, 0.080748), (-0.636609, 0.543717, 0.5469), (-0.757926, 0.647324, 0.080748), (-0.7048, 0.704795, 0.080751), (-0.591987, 0.591986, 0.546905), (-0.636609, 0.543717, 0.5469), (-0.677305, 0.492094, 0.546902), (-0.384584, 0.27942, 0.879784), (-0.405325, 0.24838, 0.879783), (-0.713828, 0.437431, 0.546904), (-0.405325, 0.24838, 0.879783), (-0.423562, 0.215815, 0.879783), (-0.745952, 0.380079, 0.546896), (-0.713828, 0.437431, 0.546904), (-0.745952, 0.380079, 0.546896), (-0.888098, 0.452506, 0.080749), (-0.849856, 0.520792, 0.080753), (-0.713828, 0.437431, 0.546904), (-0.849856, 0.520792, 0.080753), (-0.806376, 0.585865, 0.080744), (-0.677305, 0.492094, 0.546902), (-0.713828, 0.437431, 0.546904), (-0.745952, 0.380079, 0.546896), (-0.423562, 0.215815, 0.879783), (-0.439188, 0.181922, 0.879783), (-0.773471, 0.320386, 0.546896), (-0.439188, 0.181922, 0.879783), (-0.452103, 0.1469, 0.879786), (-0.796216, 0.258709, 0.546909), (-0.773471, 0.320386, 0.546896), (-0.796216, 0.258709, 0.546909), (-0.947951, 0.308007, 0.08075), (-0.920864, 0.381432, 0.080743), (-0.773471, 0.320386, 0.546896), (-0.920864, 0.381432, 0.080743), (-0.888098, 0.452506, 0.080749), (-0.745952, 0.380079, 0.546896), (-0.773471, 0.320386, 0.546896), (-0.796216, 0.258709, 0.546909), (-0.452103, 0.1469, 0.879786), (-0.462235, 0.110976, 0.879786), (-0.814054, 0.195441, 0.546918), (-0.462235, 0.110976, 0.879786), (-0.469516, 0.074365, 0.879787), (-0.82688, 0.130967, 0.546915), (-0.814054, 0.195441, 0.546918), (-0.82688, 0.130967, 0.546915), (-0.984462, 0.155926, 0.080759), (-0.969194, 0.232683, 0.08076), (-0.814054, 0.195441, 0.546918), (-0.969194, 0.232683, 0.08076), (-0.947951, 0.308007, 0.08075), (-0.796216, 0.258709, 0.546909), (-0.814054, 0.195441, 0.546918), (-0.82688, 0.130967, 0.546915), (-0.469516, 0.074365, 0.879787), (-0.473904, 0.037297, 0.879786), (-0.834618, 0.065686, 0.546898), (-0.473904, 0.037297, 0.879786), (-0.475368, 0.000001, 0.879787), (-0.8372, 0.000003, 0.546897), (-0.834618, 0.065686, 0.546898), (-0.8372, 0.000003, 0.546897), (-0.996736, 0.000003, 0.080734), (-0.993662, 0.078205, 0.080741), (-0.834618, 0.065686, 0.546898), (-0.993662, 0.078205, 0.080741), (-0.984462, 0.155926, 0.080759), (-0.82688, 0.130967, 0.546915), (-0.834618, 0.065686, 0.546898), (0.675118, 0.106925, -0.72992), (0.984466, 0.155919, -0.080715), (0.993665, 0.078199, -0.080716), (0.681429, 0.053626, -0.729917), (0.993665, 0.078199, -0.080716), (0.996736, -0.000002, -0.080729), (0.683525, -0.000002, -0.729927), (0.681429, 0.053626, -0.729917), (0.683525, -0.000002, -0.729927), (0.049774, -0, -0.998761), (0.04962, 0.003905, -0.99876), (0.681429, 0.053626, -0.729917), (0.04962, 0.003905, -0.99876), (0.049161, 0.007787, -0.998761), (0.675118, 0.106925, -0.72992), (0.681429, 0.053626, -0.729917), (0.675118, 0.106925, -0.72992), (0.049161, 0.007787, -0.998761), (0.048399, 0.01162, -0.99876), (0.664645, 0.159565, -0.729922), (0.048399, 0.01162, -0.99876), (0.047338, 0.01538, -0.998761), (0.650076, 0.211222, -0.729922), (0.664645, 0.159565, -0.729922), (0.650076, 0.211222, -0.729922), (0.947953, 0.308009, -0.080718), (0.969197, 0.232681, -0.08072), (0.664645, 0.159565, -0.729922), (0.969197, 0.232681, -0.08072), (0.984466, 0.155919, -0.080715), (0.675118, 0.106925, -0.72992), (0.664645, 0.159565, -0.729922), (0.650076, 0.211222, -0.729922), (0.047338, 0.01538, -0.998761), (0.045985, 0.019048, -0.998761), (0.631506, 0.261577, -0.729916), (0.045985, 0.019048, -0.998761), (0.044349, 0.022596, -0.99876), (0.609037, 0.310313, -0.729918), (0.631506, 0.261577, -0.729916), (0.609037, 0.310313, -0.729918), (0.8881, 0.452507, -0.080716), (0.920865, 0.381434, -0.080715), (0.631506, 0.261577, -0.729916), (0.920865, 0.381434, -0.080715), (0.947953, 0.308009, -0.080718), (0.650076, 0.211222, -0.729922), (0.631506, 0.261577, -0.729916), (0.609037, 0.310313, -0.729918), (0.044349, 0.022596, -0.99876), (0.042439, 0.026006, -0.998761), (0.582809, 0.357142, -0.72992), (0.042439, 0.026006, -0.998761), (0.040268, 0.029256, -0.998761), (0.552992, 0.401769, -0.729919), (0.582809, 0.357142, -0.72992), (0.552992, 0.401769, -0.729919), (0.806377, 0.585867, -0.080718), (0.849858, 0.520793, -0.08072), (0.582809, 0.357142, -0.72992), (0.849858, 0.520793, -0.08072), (0.8881, 0.452507, -0.080716), (0.609037, 0.310313, -0.729918), (0.582809, 0.357142, -0.72992), (0.552992, 0.401769, -0.729919), (0.040268, 0.029256, -0.998761), (0.037848, 0.032326, -0.998761), (0.519769, 0.443917, -0.729916), (0.037848, 0.032326, -0.998761), (0.035195, 0.035194, -0.998761), (0.483337, 0.483328, -0.729918), (0.519769, 0.443917, -0.729916), (0.483337, 0.483328, -0.729918), (0.704802, 0.704797, -0.080719), (0.757926, 0.647327, -0.080716), (0.519769, 0.443917, -0.729916), (0.757926, 0.647327, -0.080716), (0.806377, 0.585867, -0.080718), (0.552992, 0.401769, -0.729919), (0.519769, 0.443917, -0.729916), (0.483337, 0.483328, -0.729918), (0.035195, 0.035194, -0.998761), (0.032326, 0.037846, -0.998761), (0.443925, 0.519761, -0.729917), (0.032326, 0.037846, -0.998761), (0.029256, 0.040266, -0.998761), (0.401776, 0.552988, -0.729918), (0.443925, 0.519761, -0.729917), (0.401776, 0.552988, -0.729918), (0.585868, 0.806377, -0.080715), (0.647331, 0.757923, -0.080717), (0.443925, 0.519761, -0.729917), (0.647331, 0.757923, -0.080717), (0.704802, 0.704797, -0.080719), (0.483337, 0.483328, -0.729918), (0.443925, 0.519761, -0.729917), (0.401776, 0.552988, -0.729918), (0.029256, 0.040266, -0.998761), (0.026007, 0.04244, -0.99876), (0.357154, 0.58281, -0.729914), (0.026007, 0.04244, -0.99876), (0.022597, 0.044348, -0.998761), (0.310326, 0.609032, -0.729917), (0.357154, 0.58281, -0.729914), (0.310326, 0.609032, -0.729917), (0.452513, 0.888097, -0.080715), (0.520796, 0.849857, -0.080713), (0.357154, 0.58281, -0.729914), (0.520796, 0.849857, -0.080713), (0.585868, 0.806377, -0.080715), (0.401776, 0.552988, -0.729918), (0.357154, 0.58281, -0.729914), (0.310326, 0.609032, -0.729917), (0.022597, 0.044348, -0.998761), (0.019048, 0.045985, -0.998761), (0.261584, 0.631502, -0.729917), (0.019048, 0.045985, -0.998761), (0.015381, 0.047339, -0.998761), (0.211227, 0.650077, -0.72992), (0.261584, 0.631502, -0.729917), (0.211227, 0.650077, -0.72992), (0.30801, 0.947952, -0.080721), (0.381438, 0.920863, -0.080718), (0.261584, 0.631502, -0.729917), (0.381438, 0.920863, -0.080718), (0.452513, 0.888097, -0.080715), (0.310326, 0.609032, -0.729917), (0.261584, 0.631502, -0.729917), (0.211227, 0.650077, -0.72992), (0.015381, 0.047339, -0.998761), (0.011619, 0.0484, -0.99876), (0.159569, 0.664648, -0.729918), (0.011619, 0.0484, -0.99876), (0.007786, 0.049161, -0.99876), (0.10693, 0.675117, -0.72992), (0.159569, 0.664648, -0.729918), (0.10693, 0.675117, -0.72992), (0.155926, 0.984465, -0.080721), (0.232684, 0.969197, -0.080721), (0.159569, 0.664648, -0.729918), (0.232684, 0.969197, -0.080721), (0.30801, 0.947952, -0.080721), (0.211227, 0.650077, -0.72992), (0.159569, 0.664648, -0.729918), (0.10693, 0.675117, -0.72992), (0.007786, 0.049161, -0.99876), (0.003905, 0.049617, -0.998761), (0.053631, 0.681425, -0.729921), (0.003905, 0.049617, -0.998761), (0, 0.049774, -0.998761), (0, 0.683534, -0.729918), (0.053631, 0.681425, -0.729921), (0, 0.683534, -0.729918), (-0, 0.996737, -0.08072), (0.078204, 0.993664, -0.08072), (0.053631, 0.681425, -0.729921), (0.078204, 0.993664, -0.08072), (0.155926, 0.984465, -0.080721), (0.10693, 0.675117, -0.72992), (0.053631, 0.681425, -0.729921), (0, 0.683534, -0.729918), (0, 0.049774, -0.998761), (-0.003905, 0.049623, -0.99876), (-0.05363, 0.681429, -0.729916), (-0.003905, 0.049623, -0.99876), (-0.007786, 0.049163, -0.99876), (-0.10693, 0.675118, -0.729919), (-0.05363, 0.681429, -0.729916), (-0.10693, 0.675118, -0.729919), (-0.155926, 0.984465, -0.08072), (-0.078204, 0.993664, -0.080719), (-0.05363, 0.681429, -0.729916), (-0.078204, 0.993664, -0.080719), (-0, 0.996737, -0.08072), (0, 0.683534, -0.729918), (-0.05363, 0.681429, -0.729916), (-0.10693, 0.675118, -0.729919), (-0.007786, 0.049163, -0.99876), (-0.01162, 0.048399, -0.998761), (-0.159569, 0.664648, -0.729919), (-0.01162, 0.048399, -0.998761), (-0.015381, 0.047336, -0.998761), (-0.211226, 0.650075, -0.729922), (-0.159569, 0.664648, -0.729919), (-0.211226, 0.650075, -0.729922), (-0.30801, 0.947952, -0.08072), (-0.232685, 0.969197, -0.08072), (-0.159569, 0.664648, -0.729919), (-0.232685, 0.969197, -0.08072), (-0.155926, 0.984465, -0.08072), (-0.10693, 0.675118, -0.729919), (-0.159569, 0.664648, -0.729919), (-0.211226, 0.650075, -0.729922), (-0.015381, 0.047336, -0.998761), (-0.019048, 0.045984, -0.998761), (-0.26158, 0.631501, -0.729919), (-0.019048, 0.045984, -0.998761), (-0.022597, 0.044347, -0.998761), (-0.310319, 0.609031, -0.72992), (-0.26158, 0.631501, -0.729919), (-0.310319, 0.609031, -0.72992), (-0.452509, 0.888099, -0.080719), (-0.381437, 0.920864, -0.080719), (-0.26158, 0.631501, -0.729919), (-0.381437, 0.920864, -0.080719), (-0.30801, 0.947952, -0.08072), (-0.211226, 0.650075, -0.729922), (-0.26158, 0.631501, -0.729919), (-0.310319, 0.609031, -0.72992), (-0.022597, 0.044347, -0.998761), (-0.026007, 0.042438, -0.998761), (-0.357148, 0.58281, -0.729917), (-0.026007, 0.042438, -0.998761), (-0.029256, 0.040266, -0.998761), (-0.401775, 0.552986, -0.72992), (-0.357148, 0.58281, -0.729917), (-0.401775, 0.552986, -0.72992), (-0.585868, 0.806377, -0.080718), (-0.520792, 0.849859, -0.080717), (-0.357148, 0.58281, -0.729917), (-0.520792, 0.849859, -0.080717), (-0.452509, 0.888099, -0.080719), (-0.310319, 0.609031, -0.72992), (-0.357148, 0.58281, -0.729917), (-0.401775, 0.552986, -0.72992), (-0.029256, 0.040266, -0.998761), (-0.032326, 0.037846, -0.998761), (-0.443925, 0.519757, -0.72992), (-0.032326, 0.037846, -0.998761), (-0.035195, 0.035194, -0.998761), (-0.483334, 0.483329, -0.729919), (-0.443925, 0.519757, -0.72992), (-0.483334, 0.483329, -0.729919), (-0.704801, 0.704798, -0.080716), (-0.647331, 0.757923, -0.080719), (-0.443925, 0.519757, -0.72992), (-0.647331, 0.757923, -0.080719), (-0.585868, 0.806377, -0.080718), (-0.401775, 0.552986, -0.72992), (-0.443925, 0.519757, -0.72992), (-0.483334, 0.483329, -0.729919), (-0.035195, 0.035194, -0.998761), (-0.037848, 0.032326, -0.998761), (-0.519769, 0.443924, -0.729912), (-0.037848, 0.032326, -0.998761), (-0.040268, 0.029256, -0.998761), (-0.552996, 0.401773, -0.729914), (-0.519769, 0.443924, -0.729912), (-0.552996, 0.401773, -0.729914), (-0.806379, 0.585866, -0.080709), (-0.757925, 0.64733, -0.08071), (-0.519769, 0.443924, -0.729912), (-0.757925, 0.64733, -0.08071), (-0.704801, 0.704798, -0.080716), (-0.483334, 0.483329, -0.729919), (-0.519769, 0.443924, -0.729912), (-0.552996, 0.401773, -0.729914), (-0.040268, 0.029256, -0.998761), (-0.042439, 0.026006, -0.998761), (-0.582816, 0.357142, -0.729914), (-0.042439, 0.026006, -0.998761), (-0.044349, 0.022595, -0.998761), (-0.609036, 0.310311, -0.72992), (-0.582816, 0.357142, -0.729914), (-0.609036, 0.310311, -0.72992), (-0.888101, 0.452506, -0.080718), (-0.849861, 0.52079, -0.08071), (-0.582816, 0.357142, -0.729914), (-0.849861, 0.52079, -0.08071), (-0.806379, 0.585866, -0.080709), (-0.552996, 0.401773, -0.729914), (-0.582816, 0.357142, -0.729914), (-0.609036, 0.310311, -0.72992), (-0.044349, 0.022595, -0.998761), (-0.045985, 0.019046, -0.998761), (-0.631502, 0.261572, -0.729922), (-0.045985, 0.019046, -0.998761), (-0.047338, 0.015381, -0.998761), (-0.650078, 0.211221, -0.729921), (-0.631502, 0.261572, -0.729922), (-0.650078, 0.211221, -0.729921), (-0.947953, 0.308008, -0.08072), (-0.920865, 0.381433, -0.080723), (-0.631502, 0.261572, -0.729922), (-0.920865, 0.381433, -0.080723), (-0.888101, 0.452506, -0.080718), (-0.609036, 0.310311, -0.72992), (-0.631502, 0.261572, -0.729922), (-0.650078, 0.211221, -0.729921), (-0.047338, 0.015381, -0.998761), (-0.048399, 0.01162, -0.998761), (-0.664648, 0.159567, -0.729919), (-0.048399, 0.01162, -0.998761), (-0.049161, 0.007786, -0.998761), (-0.675119, 0.106928, -0.729918), (-0.664648, 0.159567, -0.729919), (-0.675119, 0.106928, -0.729918), (-0.984466, 0.155924, -0.080717), (-0.969197, 0.232683, -0.08072), (-0.664648, 0.159567, -0.729919), (-0.969197, 0.232683, -0.08072), (-0.947953, 0.308008, -0.08072), (-0.650078, 0.211221, -0.729921), (-0.664648, 0.159567, -0.729919), (-0.675119, 0.106928, -0.729918), (-0.049161, 0.007786, -0.998761), (-0.049621, 0.003905, -0.998761), (-0.681425, 0.053629, -0.72992), (-0.049621, 0.003905, -0.998761), (-0.049774, -0, -0.998761), (-0.683521, -0, -0.729931), (-0.681425, 0.053629, -0.72992), (-0.683521, -0, -0.729931), (-0.996736, -0, -0.080732), (-0.993664, 0.078202, -0.080721), (-0.681425, 0.053629, -0.72992), (-0.993664, 0.078202, -0.080721), (-0.984466, 0.155924, -0.080717), (-0.675119, 0.106928, -0.729918), (-0.681425, 0.053629, -0.72992), (-0.683521, -0, -0.729931), (-0.049774, -0, -0.998761), (-0.049621, -0.003905, -0.99876), (-0.681425, -0.053628, -0.729921), (-0.049621, -0.003905, -0.99876), (-0.049161, -0.007786, -0.998761), (-0.675117, -0.106927, -0.72992), (-0.681425, -0.053628, -0.729921), (-0.675117, -0.106927, -0.72992), (-0.984466, -0.155923, -0.080719), (-0.993664, -0.078202, -0.080722), (-0.681425, -0.053628, -0.729921), (-0.993664, -0.078202, -0.080722), (-0.996736, -0, -0.080732), (-0.683521, -0, -0.729931), (-0.681425, -0.053628, -0.729921), (-0.675117, -0.106927, -0.72992), (-0.049161, -0.007786, -0.998761), (-0.048399, -0.01162, -0.998761), (-0.664644, -0.159567, -0.729923), (-0.048399, -0.01162, -0.998761), (-0.047338, -0.01538, -0.998761), (-0.650076, -0.211221, -0.729922), (-0.664644, -0.159567, -0.729923), (-0.650076, -0.211221, -0.729922), (-0.947953, -0.308009, -0.080723), (-0.969197, -0.232683, -0.080723), (-0.664644, -0.159567, -0.729923), (-0.969197, -0.232683, -0.080723), (-0.984466, -0.155923, -0.080719), (-0.675117, -0.106927, -0.72992), (-0.664644, -0.159567, -0.729923), (-0.650076, -0.211221, -0.729922), (-0.047338, -0.01538, -0.998761), (-0.045985, -0.019047, -0.998761), (-0.63151, -0.261577, -0.729913), (-0.045985, -0.019047, -0.998761), (-0.044348, -0.022596, -0.998761), (-0.609042, -0.310317, -0.729912), (-0.63151, -0.261577, -0.729913), (-0.609042, -0.310317, -0.729912), (-0.8881, -0.452508, -0.080709), (-0.920865, -0.381436, -0.080712), (-0.63151, -0.261577, -0.729913), (-0.920865, -0.381436, -0.080712), (-0.947953, -0.308009, -0.080723), (-0.650076, -0.211221, -0.729922), (-0.63151, -0.261577, -0.729913), (-0.609042, -0.310317, -0.729912), (-0.044348, -0.022596, -0.998761), (-0.042439, -0.026005, -0.998761), (-0.58281, -0.357143, -0.729919), (-0.042439, -0.026005, -0.998761), (-0.040268, -0.029257, -0.998761), (-0.552991, -0.40177, -0.729919), (-0.58281, -0.357143, -0.729919), (-0.552991, -0.40177, -0.729919), (-0.806377, -0.585867, -0.080716), (-0.849858, -0.520794, -0.080718), (-0.58281, -0.357143, -0.729919), (-0.849858, -0.520794, -0.080718), (-0.8881, -0.452508, -0.080709), (-0.609042, -0.310317, -0.729912), (-0.58281, -0.357143, -0.729919), (-0.552991, -0.40177, -0.729919), (-0.040268, -0.029257, -0.998761), (-0.037848, -0.032327, -0.99876), (-0.519764, -0.443921, -0.729917), (-0.037848, -0.032327, -0.99876), (-0.035195, -0.035195, -0.998761), (-0.48333, -0.483328, -0.729922), (-0.519764, -0.443921, -0.729917), (-0.48333, -0.483328, -0.729922), (-0.704799, -0.7048, -0.08072), (-0.757925, -0.647329, -0.080716), (-0.519764, -0.443921, -0.729917), (-0.757925, -0.647329, -0.080716), (-0.806377, -0.585867, -0.080716), (-0.552991, -0.40177, -0.729919), (-0.519764, -0.443921, -0.729917), (-0.48333, -0.483328, -0.729922), (-0.035195, -0.035195, -0.998761), (-0.032326, -0.037847, -0.998761), (-0.443922, -0.519759, -0.729921), (-0.032326, -0.037847, -0.998761), (-0.029256, -0.040266, -0.998761), (-0.401772, -0.552985, -0.729922), (-0.443922, -0.519759, -0.729921), (-0.401772, -0.552985, -0.729922), (-0.585867, -0.806377, -0.080721), (-0.64733, -0.757923, -0.08072), (-0.443922, -0.519759, -0.729921), (-0.64733, -0.757923, -0.08072), (-0.704799, -0.7048, -0.08072), (-0.48333, -0.483328, -0.729922), (-0.443922, -0.519759, -0.729921), (-0.401772, -0.552985, -0.729922), (-0.029256, -0.040266, -0.998761), (-0.026007, -0.042438, -0.998761), (-0.357148, -0.582807, -0.729919), (-0.026007, -0.042438, -0.998761), (-0.022597, -0.044348, -0.998761), (-0.31032, -0.609029, -0.729922), (-0.357148, -0.582807, -0.729919), (-0.31032, -0.609029, -0.729922), (-0.45251, -0.888099, -0.080721), (-0.520793, -0.849859, -0.080718), (-0.357148, -0.582807, -0.729919), (-0.520793, -0.849859, -0.080718), (-0.585867, -0.806377, -0.080721), (-0.401772, -0.552985, -0.729922), (-0.357148, -0.582807, -0.729919), (-0.31032, -0.609029, -0.729922), (-0.022597, -0.044348, -0.998761), (-0.019048, -0.045986, -0.99876), (-0.261581, -0.631499, -0.729921), (-0.019048, -0.045986, -0.99876), (-0.015381, -0.047338, -0.99876), (-0.211227, -0.650078, -0.729919), (-0.261581, -0.631499, -0.729921), (-0.211227, -0.650078, -0.729919), (-0.30801, -0.947953, -0.080719), (-0.381437, -0.920863, -0.080723), (-0.261581, -0.631499, -0.729921), (-0.381437, -0.920863, -0.080723), (-0.45251, -0.888099, -0.080721), (-0.31032, -0.609029, -0.729922), (-0.261581, -0.631499, -0.729921), (-0.211227, -0.650078, -0.729919), (-0.015381, -0.047338, -0.99876), (-0.011619, -0.048399, -0.998761), (-0.159569, -0.66465, -0.729917), (-0.011619, -0.048399, -0.998761), (-0.007786, -0.049161, -0.99876), (-0.10693, -0.675116, -0.72992), (-0.159569, -0.66465, -0.729917), (-0.10693, -0.675116, -0.72992), (-0.155926, -0.984465, -0.08072), (-0.232684, -0.969197, -0.080719), (-0.159569, -0.66465, -0.729917), (-0.232684, -0.969197, -0.080719), (-0.30801, -0.947953, -0.080719), (-0.211227, -0.650078, -0.729919), (-0.159569, -0.66465, -0.729917), (-0.10693, -0.675116, -0.72992), (-0.007786, -0.049161, -0.99876), (-0.003905, -0.049618, -0.998761), (-0.053631, -0.681427, -0.729919), (-0.003905, -0.049618, -0.998761), (-0, -0.049771, -0.998761), (0.000001, -0.683534, -0.729919), (-0.053631, -0.681427, -0.729919), (0.000001, -0.683534, -0.729919), (0, -0.996737, -0.080716), (-0.078205, -0.993664, -0.080717), (-0.053631, -0.681427, -0.729919), (-0.078205, -0.993664, -0.080717), (-0.155926, -0.984465, -0.08072), (-0.10693, -0.675116, -0.72992), (-0.053631, -0.681427, -0.729919), (0.000001, -0.683534, -0.729919), (-0, -0.049771, -0.998761), (0.003905, -0.049619, -0.998761), (0.053631, -0.681427, -0.729919), (0.003905, -0.049619, -0.998761), (0.007786, -0.04916, -0.998761), (0.10693, -0.675116, -0.729921), (0.053631, -0.681427, -0.729919), (0.10693, -0.675116, -0.729921), (0.155926, -0.984465, -0.08072), (0.078204, -0.993664, -0.080718), (0.053631, -0.681427, -0.729919), (0.078204, -0.993664, -0.080718), (0, -0.996737, -0.080716), (0.000001, -0.683534, -0.729919), (0.053631, -0.681427, -0.729919), (0.10693, -0.675116, -0.729921), (0.007786, -0.04916, -0.998761), (0.011619, -0.048397, -0.998761), (0.15957, -0.664645, -0.729921), (0.011619, -0.048397, -0.998761), (0.015381, -0.047338, -0.998761), (0.211226, -0.650076, -0.729921), (0.15957, -0.664645, -0.729921), (0.211226, -0.650076, -0.729921), (0.30801, -0.947953, -0.08072), (0.232685, -0.969197, -0.080721), (0.15957, -0.664645, -0.729921), (0.232685, -0.969197, -0.080721), (0.155926, -0.984465, -0.08072), (0.10693, -0.675116, -0.729921), (0.15957, -0.664645, -0.729921), (0.211226, -0.650076, -0.729921), (0.015381, -0.047338, -0.998761), (0.019048, -0.045987, -0.99876), (0.26158, -0.631505, -0.729916), (0.019048, -0.045987, -0.99876), (0.022597, -0.04435, -0.99876), (0.310322, -0.609034, -0.729917), (0.26158, -0.631505, -0.729916), (0.310322, -0.609034, -0.729917), (0.452512, -0.888098, -0.080715), (0.381436, -0.920864, -0.080718), (0.26158, -0.631505, -0.729916), (0.381436, -0.920864, -0.080718), (0.30801, -0.947953, -0.08072), (0.211226, -0.650076, -0.729921), (0.26158, -0.631505, -0.729916), (0.310322, -0.609034, -0.729917), (0.022597, -0.04435, -0.99876), (0.026007, -0.042439, -0.998761), (0.357151, -0.58281, -0.729915), (0.026007, -0.042439, -0.998761), (0.029256, -0.040265, -0.998761), (0.401773, -0.552991, -0.729917), (0.357151, -0.58281, -0.729915), (0.401773, -0.552991, -0.729917), (0.585867, -0.806378, -0.080714), (0.520795, -0.849857, -0.080714), (0.357151, -0.58281, -0.729915), (0.520795, -0.849857, -0.080714), (0.452512, -0.888098, -0.080715), (0.310322, -0.609034, -0.729917), (0.357151, -0.58281, -0.729915), (0.401773, -0.552991, -0.729917), (0.029256, -0.040265, -0.998761), (0.032325, -0.037846, -0.998761), (0.443923, -0.519764, -0.729917), (0.032325, -0.037846, -0.998761), (0.035195, -0.035195, -0.998761), (0.483334, -0.483327, -0.729921), (0.443923, -0.519764, -0.729917), (0.483334, -0.483327, -0.729921), (0.704801, -0.704798, -0.080721), (0.64733, -0.757924, -0.080716), (0.443923, -0.519764, -0.729917), (0.64733, -0.757924, -0.080716), (0.585867, -0.806378, -0.080714), (0.401773, -0.552991, -0.729917), (0.443923, -0.519764, -0.729917), (0.483334, -0.483327, -0.729921), (0.035195, -0.035195, -0.998761), (0.037848, -0.032326, -0.998761), (0.519765, -0.443915, -0.72992), (0.037848, -0.032326, -0.998761), (0.040268, -0.029257, -0.99876), (0.552994, -0.401768, -0.729918), (0.519765, -0.443915, -0.72992), (0.552994, -0.401768, -0.729918), (0.806378, -0.585865, -0.080719), (0.757926, -0.647327, -0.080722), (0.519765, -0.443915, -0.72992), (0.757926, -0.647327, -0.080722), (0.704801, -0.704798, -0.080721), (0.483334, -0.483327, -0.729921), (0.519765, -0.443915, -0.72992), (0.552994, -0.401768, -0.729918), (0.040268, -0.029257, -0.99876), (0.042439, -0.026007, -0.998761), (0.582815, -0.357142, -0.729915), (0.042439, -0.026007, -0.998761), (0.044349, -0.022596, -0.998761), (0.609037, -0.310315, -0.729917), (0.582815, -0.357142, -0.729915), (0.609037, -0.310315, -0.729917), (0.8881, -0.452508, -0.080714), (0.849859, -0.520792, -0.080715), (0.582815, -0.357142, -0.729915), (0.849859, -0.520792, -0.080715), (0.806378, -0.585865, -0.080719), (0.552994, -0.401768, -0.729918), (0.582815, -0.357142, -0.729915), (0.609037, -0.310315, -0.729917), (0.044349, -0.022596, -0.998761), (0.045985, -0.019047, -0.998761), (0.631505, -0.261577, -0.729917), (0.045985, -0.019047, -0.998761), (0.047337, -0.01538, -0.998761), (0.650078, -0.21122, -0.729921), (0.631505, -0.261577, -0.729917), (0.650078, -0.21122, -0.729921), (0.947953, -0.308008, -0.08072), (0.920865, -0.381434, -0.080717), (0.631505, -0.261577, -0.729917), (0.920865, -0.381434, -0.080717), (0.8881, -0.452508, -0.080714), (0.609037, -0.310315, -0.729917), (0.631505, -0.261577, -0.729917), (0.650078, -0.21122, -0.729921), (0.047337, -0.01538, -0.998761), (0.048399, -0.011619, -0.998761), (0.664648, -0.159566, -0.729919), (0.048399, -0.011619, -0.998761), (0.049161, -0.007786, -0.998761), (0.675115, -0.106928, -0.729922), (0.664648, -0.159566, -0.729919), (0.675115, -0.106928, -0.729922), (0.984465, -0.155924, -0.08072), (0.969197, -0.232683, -0.08072), (0.664648, -0.159566, -0.729919), (0.969197, -0.232683, -0.08072), (0.947953, -0.308008, -0.08072), (0.650078, -0.21122, -0.729921), (0.664648, -0.159566, -0.729919), (0.675115, -0.106928, -0.729922), (0.049161, -0.007786, -0.998761), (0.049621, -0.003905, -0.99876), (0.681421, -0.053629, -0.729925), (0.049621, -0.003905, -0.99876), (0.049774, -0, -0.998761), (0.683525, -0.000002, -0.729927), (0.681421, -0.053629, -0.729925), (0.683525, -0.000002, -0.729927), (0.996736, -0.000002, -0.080729), (0.993664, -0.078204, -0.080725), (0.681421, -0.053629, -0.729925), (0.993664, -0.078204, -0.080725), (0.984465, -0.155924, -0.08072), (0.675115, -0.106928, -0.729922), (0.681421, -0.053629, -0.729925), (-0.023655, -0.300563, 0.953469), (0, -0.301492, 0.953469), (-0, 0.220924, 0.975291), (0.017333, 0.220244, 0.975291), (-0, 0.220924, 0.975291), (-0, 0.475373, 0.879784), (0.037297, 0.473909, 0.879783), (0.017333, 0.220244, 0.975291), (0.037297, 0.473909, 0.879783), (0.074364, 0.46952, 0.879784), (0.03456, 0.2182, 0.975292), (0.017333, 0.220244, 0.975291), (0.03456, 0.2182, 0.975292), (-0.047163, -0.297779, 0.953469), (-0.023655, -0.300563, 0.953469), (0.017333, 0.220244, 0.975291), (-0.070382, -0.293165, 0.953468), (-0.047163, -0.297779, 0.953469), (0.03456, 0.2182, 0.975292), (0.051574, 0.214814, 0.975292), (0.03456, 0.2182, 0.975292), (0.074364, 0.46952, 0.879784), (0.110973, 0.462242, 0.879782), (0.051574, 0.214814, 0.975292), (0.110973, 0.462242, 0.879782), (0.146897, 0.452111, 0.879782), (0.068269, 0.210106, 0.975292), (0.051574, 0.214814, 0.975292), (0.068269, 0.210106, 0.975292), (-0.093166, -0.286737, 0.953468), (-0.070382, -0.293165, 0.953468), (0.051574, 0.214814, 0.975292), (-0.115377, -0.278541, 0.953469), (-0.093166, -0.286737, 0.953468), (0.068269, 0.210106, 0.975292), (0.084544, 0.204107, 0.975291), (0.068269, 0.210106, 0.975292), (0.146897, 0.452111, 0.879782), (0.181917, 0.439191, 0.879783), (0.084544, 0.204107, 0.975291), (0.181917, 0.439191, 0.879783), (0.215814, 0.423559, 0.879785), (0.100296, 0.196844, 0.975291), (0.084544, 0.204107, 0.975291), (0.100296, 0.196844, 0.975291), (-0.136874, -0.26863, 0.953469), (-0.115377, -0.278541, 0.953469), (0.084544, 0.204107, 0.975291), (-0.157529, -0.257065, 0.953469), (-0.136874, -0.26863, 0.953469), (0.100296, 0.196844, 0.975291), (0.115432, 0.188366, 0.975291), (0.100296, 0.196844, 0.975291), (0.215814, 0.423559, 0.879785), (0.248382, 0.405317, 0.879787), (0.115432, 0.188366, 0.975291), (0.248382, 0.405317, 0.879787), (0.279416, 0.384578, 0.879788), (0.129856, 0.178728, 0.975292), (0.115432, 0.188366, 0.975291), (0.129856, 0.178728, 0.975292), (-0.177212, -0.243911, 0.953469), (-0.157529, -0.257065, 0.953469), (0.115432, 0.188366, 0.975291), (-0.195805, -0.229258, 0.953468), (-0.177212, -0.243911, 0.953469), (0.129856, 0.178728, 0.975292), (0.143479, 0.167991, 0.975291), (0.129856, 0.178728, 0.975292), (0.279416, 0.384578, 0.879788), (0.30873, 0.361476, 0.879784), (0.143479, 0.167991, 0.975291), (0.30873, 0.361476, 0.879784), (0.33614, 0.336141, 0.879784), (0.156217, 0.156216, 0.975291), (0.143479, 0.167991, 0.975291), (0.156217, 0.156216, 0.975291), (-0.213187, -0.213187, 0.953469), (-0.195805, -0.229258, 0.953468), (0.143479, 0.167991, 0.975291), (-0.229257, -0.195805, 0.953468), (-0.213187, -0.213187, 0.953469), (0.156217, 0.156216, 0.975291), (0.167993, 0.143477, 0.975291), (0.156217, 0.156216, 0.975291), (0.33614, 0.336141, 0.879784), (0.361476, 0.308734, 0.879783), (0.167993, 0.143477, 0.975291), (0.361476, 0.308734, 0.879783), (0.384582, 0.279416, 0.879786), (0.178731, 0.129853, 0.975291), (0.167993, 0.143477, 0.975291), (0.178731, 0.129853, 0.975291), (-0.243911, -0.177215, 0.953468), (-0.229257, -0.195805, 0.953468), (0.167993, 0.143477, 0.975291), (-0.257064, -0.157531, 0.953468), (-0.243911, -0.177215, 0.953468), (0.178731, 0.129853, 0.975291), (0.188369, 0.115431, 0.975291), (0.178731, 0.129853, 0.975291), (0.384582, 0.279416, 0.879786), (0.405323, 0.248379, 0.879785), (0.188369, 0.115431, 0.975291), (0.405323, 0.248379, 0.879785), (0.423561, 0.215817, 0.879784), (0.196844, 0.100297, 0.975291), (0.188369, 0.115431, 0.975291), (0.196844, 0.100297, 0.975291), (-0.268631, -0.136876, 0.953469), (-0.257064, -0.157531, 0.953468), (0.188369, 0.115431, 0.975291), (-0.278543, -0.115377, 0.953468), (-0.268631, -0.136876, 0.953469), (0.196844, 0.100297, 0.975291), (0.204108, 0.084544, 0.975291), (0.196844, 0.100297, 0.975291), (0.423561, 0.215817, 0.879784), (0.439191, 0.181923, 0.879781), (0.204108, 0.084544, 0.975291), (0.439191, 0.181923, 0.879781), (0.45211, 0.146901, 0.879782), (0.210111, 0.068268, 0.975291), (0.204108, 0.084544, 0.975291), (0.210111, 0.068268, 0.975291), (-0.286735, -0.093166, 0.953469), (-0.278543, -0.115377, 0.953468), (0.204108, 0.084544, 0.975291), (-0.293165, -0.070382, 0.953468), (-0.286735, -0.093166, 0.953469), (0.210111, 0.068268, 0.975291), (0.214822, 0.051573, 0.975291), (0.210111, 0.068268, 0.975291), (0.45211, 0.146901, 0.879782), (0.462245, 0.110976, 0.879781), (0.214822, 0.051573, 0.975291), (0.462245, 0.110976, 0.879781), (0.469516, 0.074364, 0.879787), (0.218204, 0.034559, 0.975291), (0.214822, 0.051573, 0.975291), (0.218204, 0.034559, 0.975291), (-0.297782, -0.047164, 0.953468), (-0.293165, -0.070382, 0.953468), (0.214822, 0.051573, 0.975291), (-0.300562, -0.023656, 0.953469), (-0.297782, -0.047164, 0.953468), (0.218204, 0.034559, 0.975291), (0.220243, 0.017332, 0.975291), (0.218204, 0.034559, 0.975291), (0.469516, 0.074364, 0.879787), (0.4739, 0.037296, 0.879789), (0.220243, 0.017332, 0.975291), (0.4739, 0.037296, 0.879789), (0.475366, -0, 0.879788), (0.220926, -0, 0.975291), (0.220243, 0.017332, 0.975291), (0.220926, -0, 0.975291), (-0.301489, -0, 0.95347), (-0.300562, -0.023656, 0.953469), (0.220243, 0.017332, 0.975291), (-0.300562, 0.023655, 0.953469), (-0.301489, -0, 0.95347), (0.220926, -0, 0.975291), (0.220245, -0.017333, 0.975291), (0.220926, -0, 0.975291), (0.475366, -0, 0.879788), (0.473905, -0.037297, 0.879786), (0.220245, -0.017333, 0.975291), (0.473905, -0.037297, 0.879786), (0.469518, -0.074365, 0.879785), (0.218204, -0.034559, 0.975291), (0.220245, -0.017333, 0.975291), (0.218204, -0.034559, 0.975291), (-0.297781, 0.047164, 0.953469), (-0.300562, 0.023655, 0.953469), (0.220245, -0.017333, 0.975291), (-0.293163, 0.070382, 0.953468), (-0.297781, 0.047164, 0.953469), (0.218204, -0.034559, 0.975291), (0.214821, -0.051573, 0.975291), (0.218204, -0.034559, 0.975291), (0.469518, -0.074365, 0.879785), (0.462238, -0.110976, 0.879784), (0.214821, -0.051573, 0.975291), (0.462238, -0.110976, 0.879784), (0.452108, -0.146902, 0.879783), (0.210111, -0.068268, 0.975291), (0.214821, -0.051573, 0.975291), (0.210111, -0.068268, 0.975291), (-0.286735, 0.093167, 0.953469), (-0.293163, 0.070382, 0.953468), (0.214821, -0.051573, 0.975291), (-0.278544, 0.115378, 0.953468), (-0.286735, 0.093167, 0.953469), (0.210111, -0.068268, 0.975291), (0.204108, -0.084543, 0.975291), (0.210111, -0.068268, 0.975291), (0.452108, -0.146902, 0.879783), (0.43919, -0.18192, 0.879783), (0.204108, -0.084543, 0.975291), (0.43919, -0.18192, 0.879783), (0.423563, -0.215818, 0.879782), (0.196844, -0.100297, 0.975291), (0.204108, -0.084543, 0.975291), (0.196844, -0.100297, 0.975291), (-0.268632, 0.136876, 0.953468), (-0.278544, 0.115378, 0.953468), (0.204108, -0.084543, 0.975291), (-0.257065, 0.157531, 0.953468), (-0.268632, 0.136876, 0.953468), (0.196844, -0.100297, 0.975291), (0.188368, -0.115429, 0.975291), (0.196844, -0.100297, 0.975291), (0.423563, -0.215818, 0.879782), (0.405326, -0.248384, 0.879782), (0.188368, -0.115429, 0.975291), (0.405326, -0.248384, 0.879782), (0.384586, -0.27942, 0.879783), (0.17873, -0.12985, 0.975292), (0.188368, -0.115429, 0.975291), (0.17873, -0.12985, 0.975292), (-0.243911, 0.177214, 0.953469), (-0.257065, 0.157531, 0.953468), (0.188368, -0.115429, 0.975291), (-0.229257, 0.195805, 0.953468), (-0.243911, 0.177214, 0.953469), (0.17873, -0.12985, 0.975292), (0.167992, -0.143476, 0.975291), (0.17873, -0.12985, 0.975292), (0.384586, -0.27942, 0.879783), (0.361478, -0.308736, 0.879782), (0.167992, -0.143476, 0.975291), (0.361478, -0.308736, 0.879782), (0.336138, -0.336143, 0.879784), (0.156216, -0.156215, 0.975291), (0.167992, -0.143476, 0.975291), (0.156216, -0.156215, 0.975291), (-0.213186, 0.213186, 0.953469), (-0.229257, 0.195805, 0.953468), (0.167992, -0.143476, 0.975291), (-0.195803, 0.229257, 0.953469), (-0.213186, 0.213186, 0.953469), (0.156216, -0.156215, 0.975291), (0.143479, -0.16799, 0.975291), (0.156216, -0.156215, 0.975291), (0.336138, -0.336143, 0.879784), (0.30873, -0.361479, 0.879783), (0.143479, -0.16799, 0.975291), (0.30873, -0.361479, 0.879783), (0.279416, -0.384583, 0.879786), (0.129855, -0.178726, 0.975292), (0.143479, -0.16799, 0.975291), (0.129855, -0.178726, 0.975292), (-0.177211, 0.243912, 0.953469), (-0.195803, 0.229257, 0.953469), (0.143479, -0.16799, 0.975291), (-0.157529, 0.257066, 0.953468), (-0.177211, 0.243912, 0.953469), (0.129855, -0.178726, 0.975292), (0.115432, -0.188362, 0.975292), (0.129855, -0.178726, 0.975292), (0.279416, -0.384583, 0.879786), (0.248383, -0.405318, 0.879786), (0.115432, -0.188362, 0.975292), (0.248383, -0.405318, 0.879786), (0.215815, -0.423562, 0.879784), (0.100297, -0.196842, 0.975292), (0.115432, -0.188362, 0.975292), (0.100297, -0.196842, 0.975292), (-0.136874, 0.26863, 0.953469), (-0.157529, 0.257066, 0.953468), (0.115432, -0.188362, 0.975292), (-0.115377, 0.27854, 0.953469), (-0.136874, 0.26863, 0.953469), (0.100297, -0.196842, 0.975292), (0.084544, -0.204107, 0.975291), (0.100297, -0.196842, 0.975292), (0.215815, -0.423562, 0.879784), (0.181918, -0.439204, 0.879776), (0.084544, -0.204107, 0.975291), (0.181918, -0.439204, 0.879776), (0.146899, -0.452121, 0.879777), (0.068269, -0.210107, 0.975292), (0.084544, -0.204107, 0.975291), (0.068269, -0.210107, 0.975292), (-0.093166, 0.286735, 0.953469), (-0.115377, 0.27854, 0.953469), (0.084544, -0.204107, 0.975291), (-0.070382, 0.293165, 0.953468), (-0.093166, 0.286735, 0.953469), (0.068269, -0.210107, 0.975292), (0.051574, -0.214815, 0.975292), (0.068269, -0.210107, 0.975292), (0.146899, -0.452121, 0.879777), (0.110975, -0.462243, 0.879782), (0.051574, -0.214815, 0.975292), (0.110975, -0.462243, 0.879782), (0.074364, -0.469519, 0.879785), (0.03456, -0.2182, 0.975292), (0.051574, -0.214815, 0.975292), (0.03456, -0.2182, 0.975292), (-0.047164, 0.29778, 0.953469), (-0.070382, 0.293165, 0.953468), (0.051574, -0.214815, 0.975292), (-0.023655, 0.300561, 0.953469), (-0.047164, 0.29778, 0.953469), (0.03456, -0.2182, 0.975292), (0.017333, -0.220243, 0.975291), (0.03456, -0.2182, 0.975292), (0.074364, -0.469519, 0.879785), (0.037297, -0.473908, 0.879784), (0.017333, -0.220243, 0.975291), (0.037297, -0.473908, 0.879784), (0, -0.47537, 0.879786), (0, -0.220923, 0.975291), (0.017333, -0.220243, 0.975291), (0, -0.220923, 0.975291), (0, 0.30149, 0.953469), (-0.023655, 0.300561, 0.953469), (0.017333, -0.220243, 0.975291), (0.023655, 0.300561, 0.953469), (0, 0.30149, 0.953469), (0, -0.220923, 0.975291), (-0.017333, -0.220242, 0.975291), (0, -0.220923, 0.975291), (0, -0.47537, 0.879786), (-0.037297, -0.473907, 0.879785), (-0.017333, -0.220242, 0.975291), (-0.037297, -0.473907, 0.879785), (-0.074364, -0.469519, 0.879785), (-0.03456, -0.218199, 0.975292), (-0.017333, -0.220242, 0.975291), (-0.03456, -0.218199, 0.975292), (0.047164, 0.297779, 0.953469), (0.023655, 0.300561, 0.953469), (-0.017333, -0.220242, 0.975291), (0.070382, 0.293164, 0.953468), (0.047164, 0.297779, 0.953469), (-0.03456, -0.218199, 0.975292), (-0.051574, -0.214813, 0.975293), (-0.03456, -0.218199, 0.975292), (-0.074364, -0.469519, 0.879785), (-0.110973, -0.462241, 0.879783), (-0.051574, -0.214813, 0.975293), (-0.110973, -0.462241, 0.879783), (-0.146897, -0.452112, 0.879782), (-0.068269, -0.210106, 0.975292), (-0.051574, -0.214813, 0.975293), (-0.068269, -0.210106, 0.975292), (0.093166, 0.286734, 0.953469), (0.070382, 0.293164, 0.953468), (-0.051574, -0.214813, 0.975293), (0.115376, 0.278538, 0.95347), (0.093166, 0.286734, 0.953469), (-0.068269, -0.210106, 0.975292), (-0.084544, -0.204108, 0.975291), (-0.068269, -0.210106, 0.975292), (-0.146897, -0.452112, 0.879782), (-0.181917, -0.4392, 0.879778), (-0.084544, -0.204108, 0.975291), (-0.181917, -0.4392, 0.879778), (-0.215816, -0.423571, 0.879779), (-0.100297, -0.196845, 0.975291), (-0.084544, -0.204108, 0.975291), (-0.100297, -0.196845, 0.975291), (0.136874, 0.268628, 0.95347), (0.115376, 0.278538, 0.95347), (-0.084544, -0.204108, 0.975291), (0.157529, 0.257067, 0.953468), (0.136874, 0.268628, 0.95347), (-0.100297, -0.196845, 0.975291), (-0.115432, -0.188364, 0.975292), (-0.100297, -0.196845, 0.975291), (-0.215816, -0.423571, 0.879779), (-0.248385, -0.405327, 0.879781), (-0.115432, -0.188364, 0.975292), (-0.248385, -0.405327, 0.879781), (-0.279418, -0.384584, 0.879784), (-0.129855, -0.178724, 0.975292), (-0.115432, -0.188364, 0.975292), (-0.129855, -0.178724, 0.975292), (0.177212, 0.243914, 0.953468), (0.157529, 0.257067, 0.953468), (-0.115432, -0.188364, 0.975292), (0.195804, 0.229258, 0.953468), (0.177212, 0.243914, 0.953468), (-0.129855, -0.178724, 0.975292), (-0.143478, -0.167989, 0.975292), (-0.129855, -0.178724, 0.975292), (-0.279418, -0.384584, 0.879784), (-0.308729, -0.361475, 0.879785), (-0.143478, -0.167989, 0.975292), (-0.308729, -0.361475, 0.879785), (-0.336133, -0.336137, 0.879788), (-0.156216, -0.156215, 0.975291), (-0.143478, -0.167989, 0.975292), (-0.156216, -0.156215, 0.975291), (0.213187, 0.213189, 0.953468), (0.195804, 0.229258, 0.953468), (-0.143478, -0.167989, 0.975292), (0.229256, 0.195806, 0.953468), (0.213187, 0.213189, 0.953468), (-0.156216, -0.156215, 0.975291), (-0.167991, -0.143475, 0.975292), (-0.156216, -0.156215, 0.975291), (-0.336133, -0.336137, 0.879788), (-0.361472, -0.308725, 0.879788), (-0.167991, -0.143475, 0.975292), (-0.361472, -0.308725, 0.879788), (-0.384584, -0.279414, 0.879786), (-0.17873, -0.129848, 0.975292), (-0.167991, -0.143475, 0.975292), (-0.17873, -0.129848, 0.975292), (0.243911, 0.177213, 0.953469), (0.229256, 0.195806, 0.953468), (-0.167991, -0.143475, 0.975292), (0.257063, 0.157529, 0.953469), (0.243911, 0.177213, 0.953469), (-0.17873, -0.129848, 0.975292), (-0.188369, -0.115428, 0.975291), (-0.17873, -0.129848, 0.975292), (-0.384584, -0.279414, 0.879786), (-0.405326, -0.248379, 0.879783), (-0.188369, -0.115428, 0.975291), (-0.405326, -0.248379, 0.879783), (-0.423559, -0.215812, 0.879786), (-0.196844, -0.100297, 0.975291), (-0.188369, -0.115428, 0.975291), (-0.196844, -0.100297, 0.975291), (0.26863, 0.136875, 0.953469), (0.257063, 0.157529, 0.953469), (-0.188369, -0.115428, 0.975291), (0.278542, 0.115377, 0.953469), (0.26863, 0.136875, 0.953469), (-0.196844, -0.100297, 0.975291), (-0.204107, -0.084544, 0.975291), (-0.196844, -0.100297, 0.975291), (-0.423559, -0.215812, 0.879786), (-0.439188, -0.181923, 0.879783), (-0.204107, -0.084544, 0.975291), (-0.439188, -0.181923, 0.879783), (-0.452108, -0.1469, 0.879783), (-0.210109, -0.068267, 0.975292), (-0.204107, -0.084544, 0.975291), (-0.210109, -0.068267, 0.975292), (0.286735, 0.093166, 0.953469), (0.278542, 0.115377, 0.953469), (-0.204107, -0.084544, 0.975291), (0.293163, 0.070382, 0.953468), (0.286735, 0.093166, 0.953469), (-0.210109, -0.068267, 0.975292), (-0.214818, -0.051572, 0.975291), (-0.210109, -0.068267, 0.975292), (-0.452108, -0.1469, 0.879783), (-0.462245, -0.110976, 0.879781), (-0.214818, -0.051572, 0.975291), (-0.462245, -0.110976, 0.879781), (-0.469523, -0.074364, 0.879783), (-0.218204, -0.034559, 0.975291), (-0.214818, -0.051572, 0.975291), (-0.218204, -0.034559, 0.975291), (0.297779, 0.047163, 0.953469), (0.293163, 0.070382, 0.953468), (-0.214818, -0.051572, 0.975291), (0.300563, 0.023654, 0.953469), (0.297779, 0.047163, 0.953469), (-0.218204, -0.034559, 0.975291), (-0.220245, -0.017333, 0.975291), (-0.218204, -0.034559, 0.975291), (-0.469523, -0.074364, 0.879783), (-0.473906, -0.037295, 0.879785), (-0.220245, -0.017333, 0.975291), (-0.473906, -0.037295, 0.879785), (-0.475368, 0.000001, 0.879787), (-0.220924, 0, 0.975291), (-0.220245, -0.017333, 0.975291), (-0.220924, 0, 0.975291), (0.301494, -0.000001, 0.953468), (0.300563, 0.023654, 0.953469), (-0.220245, -0.017333, 0.975291), (0.300564, -0.023655, 0.953468), (0.301494, -0.000001, 0.953468), (-0.220924, 0, 0.975291), (-0.220244, 0.017334, 0.975291), (-0.220924, 0, 0.975291), (-0.475368, 0.000001, 0.879787), (-0.473904, 0.037297, 0.879786), (-0.220244, 0.017334, 0.975291), (-0.473904, 0.037297, 0.879786), (-0.469516, 0.074365, 0.879787), (-0.218205, 0.034561, 0.975291), (-0.220244, 0.017334, 0.975291), (-0.218205, 0.034561, 0.975291), (0.29778, -0.047164, 0.953469), (0.300564, -0.023655, 0.953468), (-0.220244, 0.017334, 0.975291), (0.293162, -0.070381, 0.953469), (0.29778, -0.047164, 0.953469), (-0.218205, 0.034561, 0.975291), (-0.214821, 0.051574, 0.975291), (-0.218205, 0.034561, 0.975291), (-0.469516, 0.074365, 0.879787), (-0.462235, 0.110976, 0.879786), (-0.214821, 0.051574, 0.975291), (-0.462235, 0.110976, 0.879786), (-0.452103, 0.1469, 0.879786), (-0.21011, 0.068268, 0.975291), (-0.214821, 0.051574, 0.975291), (-0.21011, 0.068268, 0.975291), (0.286733, -0.093164, 0.95347), (0.293162, -0.070381, 0.953469), (-0.214821, 0.051574, 0.975291), (0.278541, -0.115374, 0.953469), (0.286733, -0.093164, 0.95347), (-0.21011, 0.068268, 0.975291), (-0.204107, 0.084543, 0.975291), (-0.21011, 0.068268, 0.975291), (-0.452103, 0.1469, 0.879786), (-0.439188, 0.181922, 0.879783), (-0.204107, 0.084543, 0.975291), (-0.439188, 0.181922, 0.879783), (-0.423562, 0.215815, 0.879783), (-0.196843, 0.100296, 0.975292), (-0.204107, 0.084543, 0.975291), (-0.196843, 0.100296, 0.975292), (0.26863, -0.136873, 0.953469), (0.278541, -0.115374, 0.953469), (-0.204107, 0.084543, 0.975291), (0.257065, -0.157531, 0.953468), (0.26863, -0.136873, 0.953469), (-0.196843, 0.100296, 0.975292), (-0.188369, 0.11543, 0.975291), (-0.196843, 0.100296, 0.975292), (-0.423562, 0.215815, 0.879783), (-0.405325, 0.24838, 0.879783), (-0.188369, 0.11543, 0.975291), (-0.405325, 0.24838, 0.879783), (-0.384584, 0.27942, 0.879784), (-0.178732, 0.129853, 0.975291), (-0.188369, 0.11543, 0.975291), (-0.178732, 0.129853, 0.975291), (0.243912, -0.177215, 0.953468), (0.257065, -0.157531, 0.953468), (-0.188369, 0.11543, 0.975291), (0.229257, -0.195805, 0.953468), (0.243912, -0.177215, 0.953468), (-0.178732, 0.129853, 0.975291), (-0.167993, 0.143479, 0.975291), (-0.178732, 0.129853, 0.975291), (-0.384584, 0.27942, 0.879784), (-0.361477, 0.308737, 0.879782), (-0.167993, 0.143479, 0.975291), (-0.361477, 0.308737, 0.879782), (-0.336137, 0.336142, 0.879784), (-0.156217, 0.156217, 0.975291), (-0.167993, 0.143479, 0.975291), (-0.156217, 0.156217, 0.975291), (0.213186, -0.213185, 0.953469), (0.229257, -0.195805, 0.953468), (-0.167993, 0.143479, 0.975291), (0.195804, -0.229257, 0.953469), (0.213186, -0.213185, 0.953469), (-0.156217, 0.156217, 0.975291), (-0.143479, 0.167992, 0.975291), (-0.156217, 0.156217, 0.975291), (-0.336137, 0.336142, 0.879784), (-0.308729, 0.361478, 0.879784), (-0.143479, 0.167992, 0.975291), (-0.308729, 0.361478, 0.879784), (-0.279417, 0.384584, 0.879785), (-0.129856, 0.178728, 0.975292), (-0.143479, 0.167992, 0.975291), (-0.129856, 0.178728, 0.975292), (0.177212, -0.243912, 0.953469), (0.195804, -0.229257, 0.953469), (-0.143479, 0.167992, 0.975291), (0.157529, -0.257065, 0.953468), (0.177212, -0.243912, 0.953469), (-0.129856, 0.178728, 0.975292), (-0.115433, 0.188363, 0.975292), (-0.129856, 0.178728, 0.975292), (-0.279417, 0.384584, 0.879785), (-0.248383, 0.405319, 0.879785), (-0.115433, 0.188363, 0.975292), (-0.248383, 0.405319, 0.879785), (-0.215816, 0.423564, 0.879782), (-0.100297, 0.196842, 0.975292), (-0.115433, 0.188363, 0.975292), (-0.100297, 0.196842, 0.975292), (0.136874, -0.268629, 0.95347), (0.157529, -0.257065, 0.953468), (-0.115433, 0.188363, 0.975292), (0.115376, -0.278539, 0.95347), (0.136874, -0.268629, 0.95347), (-0.100297, 0.196842, 0.975292), (-0.084544, 0.204108, 0.975291), (-0.100297, 0.196842, 0.975292), (-0.215816, 0.423564, 0.879782), (-0.181919, 0.4392, 0.879778), (-0.084544, 0.204108, 0.975291), (-0.181919, 0.4392, 0.879778), (-0.146899, 0.452112, 0.879782), (-0.068269, 0.210107, 0.975292), (-0.084544, 0.204108, 0.975291), (-0.068269, 0.210107, 0.975292), (0.093166, -0.286736, 0.953469), (0.115376, -0.278539, 0.95347), (-0.084544, 0.204108, 0.975291), (0.070382, -0.293166, 0.953467), (0.093166, -0.286736, 0.953469), (-0.068269, 0.210107, 0.975292), (-0.051574, 0.214816, 0.975292), (-0.068269, 0.210107, 0.975292), (-0.146899, 0.452112, 0.879782), (-0.110974, 0.462239, 0.879784), (-0.051574, 0.214816, 0.975292), (-0.110974, 0.462239, 0.879784), (-0.074364, 0.469519, 0.879785), (-0.03456, 0.218201, 0.975292), (-0.051574, 0.214816, 0.975292), (-0.03456, 0.218201, 0.975292), (0.047164, -0.297781, 0.953469), (0.070382, -0.293166, 0.953467), (-0.051574, 0.214816, 0.975292), (0.023655, -0.300562, 0.953469), (0.047164, -0.297781, 0.953469), (-0.03456, 0.218201, 0.975292), (-0.017333, 0.220244, 0.975291), (-0.03456, 0.218201, 0.975292), (-0.074364, 0.469519, 0.879785), (-0.037297, 0.473911, 0.879783), (-0.017333, 0.220244, 0.975291), (-0.037297, 0.473911, 0.879783), (-0, 0.475373, 0.879784), (-0, 0.220924, 0.975291), (-0.017333, 0.220244, 0.975291), (-0, 0.220924, 0.975291), (0, -0.301492, 0.953469), (0.023655, -0.300562, 0.953469), (-0.017333, 0.220244, 0.975291)] (
            interpolation = "faceVarying"
        )
        point3f[] points = [(0.01691687, 0.005496592, 0.0005616437), (0.01756845, 0.002782573, 0.0005616437), (0.01584878, 0.008075351, 0.0005616437), (0.014390397, 0.010455197, 0.0005616437), (0.012577664, 0.012577593, 0.0005616437), (0.010455197, 0.014390325, 0.0005616437), (0.008075351, 0.01584871, 0.0005616437), (0.005496663, 0.01691687, 0.0005616437), (0.002782573, 0.01756845, 0.0005616437), (0, 0.017787468, 0.0005616437), (-0.002782573, 0.01756845, 0.0005616437), (-0.005496592, 0.01691687, 0.0005616437), (-0.008075351, 0.01584871, 0.0005616437), (-0.010455197, 0.014390325, 0.0005616437), (-0.012577593, 0.012577593, 0.0005616437), (-0.014390325, 0.010455197, 0.0005616437), (-0.01584871, 0.008075351, 0.0005616437), (-0.01691687, 0.005496592, 0.0005616437), (-0.01756845, 0.002782573, 0.0005616437), (-0.017787468, -0, 0.0005616437), (-0.01756845, -0.002782573, 0.0005616437), (-0.01691687, -0.005496592, 0.0005616437), (-0.01584871, -0.008075351, 0.0005616437), (-0.014390325, -0.010455197, 0.0005616437), (-0.012577593, -0.012577593, 0.0005616437), (-0.010455197, -0.014390325, 0.0005616437), (-0.008075351, -0.01584871, 0.0005616437), (-0.005496592, -0.01691687, 0.0005616437), (-0.002782573, -0.01756845, 0.0005616437), (0, -0.017787468, 0.0005616437), (0.002782573, -0.01756845, 0.0005616437), (0.005496592, -0.01691687, 0.0005616437), (0.008075351, -0.01584871, 0.0005616437), (0.010455197, -0.014390325, 0.0005616437), (0.012577593, -0.012577593, 0.0005616437), (0.014390325, -0.010455197, 0.0005616437), (0.01584871, -0.008075351, 0.0005616437), (0.01691687, -0.005496592, 0.0005616437), (0.01756845, -0.002782573, 0.0005616437), (0.017787468, -0, 0.0005616437), (0.016700126, 0.002645039, 0.0001186371), (0.016080726, 0.0052249343, 0.0001186371), (0.01506542, 0.007676176, 0.0001186371), (0.013679071, 0.0099384505, 0.0001186371), (0.011955991, 0.011955991, 0.0001186371), (0.0099384505, 0.013679071, 0.0001186371), (0.007676176, 0.01506542, 0.0001186371), (0.0052249343, 0.016080726, 0.0001186371), (0.002645039, 0.016700126, 0.0001186371), (0, 0.016908273, 0.0001186371), (-0.002645039, 0.016700126, 0.0001186371), (-0.0052249343, 0.016080726, 0.0001186371), (-0.007676176, 0.01506542, 0.0001186371), (-0.0099384505, 0.013679071, 0.0001186371), (-0.011955991, 0.011955991, 0.0001186371), (-0.013679071, 0.0099384505, 0.0001186371), (-0.01506542, 0.007676176, 0.0001186371), (-0.016080726, 0.0052249343, 0.0001186371), (-0.016700126, 0.002645039, 0.0001186371), (-0.016908273, -0, 0.0001186371), (-0.016700126, -0.002645039, 0.0001186371), (-0.016080726, -0.0052249343, 0.0001186371), (-0.01506542, -0.007676176, 0.0001186371), (-0.013679071, -0.0099384505, 0.0001186371), (-0.011955991, -0.011955991, 0.0001186371), (-0.0099384505, -0.013679071, 0.0001186371), (-0.007676176, -0.01506542, 0.0001186371), (-0.0052249343, -0.016080726, 0.0001186371), (-0.002645039, -0.016700126, 0.0001186371), (0, -0.016908273, 0.0001186371), (0.002645039, -0.016700126, 0.0001186371), (0.0052249343, -0.016080726, 0.0001186371), (0.007676176, -0.01506542, 0.0001186371), (0.0099384505, -0.013679071, 0.0001186371), (0.011955991, -0.011955991, 0.0001186371), (0.013679071, -0.0099384505, 0.0001186371), (0.01506542, -0.007676176, 0.0001186371), (0.016080726, -0.0052249343, 0.0001186371), (0.016700126, -0.002645039, 0.0001186371), (0.016908273, -0, 0.0001186371), (0.015096678, 0.0023910704, 0.0001186371), (0.014536739, 0.0047232485, 0.0001186371), (0.0136189, 0.006939205, 0.0001186371), (0.012365751, 0.008984239, 0.0001186371), (0.010808053, 0.010808053, 0.0001186371), (0.008984239, 0.01236568, 0.0001186371), (0.006939205, 0.0136189, 0.0001186371), (0.00472332, 0.014536739, 0.0001186371), (0.0023910704, 0.015096678, 0.0001186371), (0, 0.015284863, 0.0001186371), (-0.0023910704, 0.015096678, 0.0001186371), (-0.0047232485, 0.014536739, 0.0001186371), (-0.006939205, 0.0136189, 0.0001186371), (-0.008984239, 0.01236568, 0.0001186371), (-0.010808053, 0.010808053, 0.0001186371), (-0.01236568, 0.008984239, 0.0001186371), (-0.0136189, 0.006939205, 0.0001186371), (-0.014536739, 0.0047232485, 0.0001186371), (-0.015096678, 0.0023910704, 0.0001186371), (-0.015284863, -0, 0.0001186371), (-0.015096678, -0.0023910704, 0.0001186371), (-0.014536739, -0.0047232485, 0.0001186371), (-0.0136189, -0.006939205, 0.0001186371), (-0.01236568, -0.008984239, 0.0001186371), (-0.010808053, -0.010808053, 0.0001186371), (-0.008984239, -0.01236568, 0.0001186371), (-0.006939205, -0.0136189, 0.0001186371), (-0.0047232485, -0.014536739, 0.0001186371), (-0.0023910704, -0.015096678, 0.0001186371), (0, -0.015284863, 0.0001186371), (0.0023910704, -0.015096678, 0.0001186371), (0.0047232485, -0.014536739, 0.0001186371), (0.006939205, -0.0136189, 0.0001186371), (0.008984239, -0.01236568, 0.0001186371), (0.010808053, -0.010808053, 0.0001186371), (0.01236568, -0.008984239, 0.0001186371), (0.0136189, -0.006939205, 0.0001186371), (0.014536739, -0.0047232485, 0.0001186371), (0.015096678, -0.0023910704, 0.0001186371), (0.015284863, -0, 0.0001186371), (0.017505722, 0.0056879744, 0.00067246635), (0.017563904, 0.0057067997, 0.00054423884), (0.018179964, 0.0028794007, 0.00067246635), (0.018240348, 0.002888991, 0.00054423884), (0.018406583, -0, 0.00067246635), (0.018467749, -0, 0.00054423884), (0.016400408, 0.008356386, 0.00067246635), (0.016454896, 0.008384163, 0.00054423884), (0.01489123, 0.010819135, 0.00067246635), (0.014940745, 0.0108550815, 0.00054423884), (0.013015414, 0.013015414, 0.00067246635), (0.013058677, 0.013058677, 0.00054423884), (0.010819135, 0.01489123, 0.00067246635), (0.0108550815, 0.0149406735, 0.00054423884), (0.008356457, 0.016400408, 0.00067246635), (0.008384163, 0.016454896, 0.00054423884), (0.0056879744, 0.017505722, 0.00067246635), (0.005706871, 0.017563833, 0.00054423884), (0.0028794007, 0.018179964, 0.00067246635), (0.002888991, 0.018240348, 0.00054423884), (0, 0.018406583, 0.00067246635), (0, 0.018467749, 0.00054423884), (-0.0028794007, 0.018179964, 0.00067246635), (-0.002888991, 0.018240348, 0.00054423884), (-0.0056879744, 0.017505722, 0.00067246635), (-0.005706871, 0.017563833, 0.00054423884), (-0.008356386, 0.016400408, 0.00067246635), (-0.008384163, 0.016454896, 0.00054423884), (-0.010819135, 0.01489123, 0.00067246635), (-0.0108550815, 0.014940745, 0.00054423884), (-0.013015414, 0.013015414, 0.00067246635), (-0.013058677, 0.013058677, 0.00054423884), (-0.01489123, 0.010819135, 0.00067246635), (-0.0149406735, 0.0108550815, 0.00054423884), (-0.016400408, 0.008356386, 0.00067246635), (-0.016454896, 0.008384163, 0.00054423884), (-0.017505722, 0.0056879744, 0.00067246635), (-0.017563833, 0.005706871, 0.00054423884), (-0.018179964, 0.0028794007, 0.00067246635), (-0.018240348, 0.002888991, 0.00054423884), (-0.018406583, -0, 0.00067246635), (-0.018467749, -0, 0.00054423884), (-0.018179964, -0.0028794007, 0.00067246635), (-0.018240348, -0.002888991, 0.00054423884), (-0.017505722, -0.0056879744, 0.00067246635), (-0.017563833, -0.005706871, 0.00054423884), (-0.016400408, -0.008356457, 0.00067246635), (-0.016454896, -0.008384163, 0.00054423884), (-0.01489123, -0.010819135, 0.00067246635), (-0.0149406735, -0.0108550815, 0.00054423884), (-0.013015414, -0.013015414, 0.00067246635), (-0.013058677, -0.013058677, 0.00054423884), (-0.010819135, -0.01489123, 0.00067246635), (-0.0108550815, -0.014940745, 0.00054423884), (-0.008356386, -0.016400408, 0.00067246635), (-0.008384163, -0.016454896, 0.00054423884), (-0.0056879744, -0.017505722, 0.00067246635), (-0.005706871, -0.017563833, 0.00054423884), (-0.0028794007, -0.018179964, 0.00067246635), (-0.002888991, -0.018240348, 0.00054423884), (0, -0.018406583, 0.00067246635), (0, -0.018467749, 0.00054423884), (0.0028794007, -0.018179964, 0.00067246635), (0.002888991, -0.018240348, 0.00054423884), (0.0056879744, -0.017505722, 0.00067246635), (0.005706871, -0.017563833, 0.00054423884), (0.008356386, -0.016400408, 0.00067246635), (0.008384163, -0.016454896, 0.00054423884), (0.010819135, -0.01489123, 0.00067246635), (0.0108550815, -0.014940745, 0.00054423884), (0.013015414, -0.013015414, 0.00067246635), (0.013058677, -0.013058677, 0.00054423884), (0.01489123, -0.010819135, 0.00067246635), (0.0149406735, -0.0108550815, 0.00054423884), (0.016400408, -0.008356457, 0.00067246635), (0.016454896, -0.008384163, 0.00054423884), (0.017505722, -0.0056879744, 0.00067246635), (0.017563833, -0.005706871, 0.00054423884), (0.018179964, -0.0028794007, 0.00067246635), (0.018240348, -0.002888991, 0.00054423884), (0.016918646, 0.0054971604, 0.000899937), (0.016866999, 0.0054803947, 0.00082150864), (0.015850414, 0.008076132, 0.000899937), (0.015802035, 0.008051552, 0.00082150864), (0.017570296, 0.002782857, 0.000899937), (0.017516661, 0.0027743322, 0.00082150864), (0.014391888, 0.010456262, 0.000899937), (0.014347915, 0.010424365, 0.00082150864), (0.012578943, 0.012578943, 0.000899937), (0.012540582, 0.01254051, 0.00082150864), (0.010456333, 0.014391817, 0.000899937), (0.010424365, 0.014347915, 0.00082150864), (0.008076203, 0.015850343, 0.000899937), (0.008051552, 0.015802035, 0.00082150864), (0.005497231, 0.016918646, 0.000899937), (0.0054803947, 0.016866999, 0.00082150864), (0.002782857, 0.017570296, 0.000899937), (0.0027744032, 0.017516661, 0.00082150864), (0, 0.017789314, 0.000899937), (0, 0.01773504, 0.00082150864), (-0.002782857, 0.017570296, 0.000899937), (-0.0027743322, 0.017516661, 0.00082150864), (-0.0054971604, 0.016918646, 0.000899937), (-0.0054803947, 0.016866999, 0.00082150864), (-0.008076203, 0.015850414, 0.000899937), (-0.008051552, 0.015802035, 0.00082150864), (-0.010456262, 0.014391817, 0.000899937), (-0.010424365, 0.014347915, 0.00082150864), (-0.012578943, 0.012578943, 0.000899937), (-0.01254051, 0.012540582, 0.00082150864), (-0.014391817, 0.010456262, 0.000899937), (-0.014347915, 0.010424365, 0.00082150864), (-0.015850343, 0.008076203, 0.000899937), (-0.015802035, 0.008051552, 0.00082150864), (-0.016918646, 0.005497231, 0.000899937), (-0.016866999, 0.0054803947, 0.00082150864), (-0.017570296, 0.002782857, 0.000899937), (-0.017516661, 0.0027743322, 0.00082150864), (-0.017789314, -0, 0.000899937), (-0.01773504, -0, 0.00082150864), (-0.017570296, -0.002782857, 0.000899937), (-0.017516661, -0.0027744032, 0.00082150864), (-0.016918646, -0.005497231, 0.000899937), (-0.016866999, -0.0054803947, 0.00082150864), (-0.015850343, -0.008076203, 0.000899937), (-0.015802035, -0.008051552, 0.00082150864), (-0.014391817, -0.010456262, 0.000899937), (-0.014347915, -0.010424365, 0.00082150864), (-0.012578943, -0.012578943, 0.000899937), (-0.01254051, -0.01254051, 0.00082150864), (-0.010456262, -0.014391817, 0.000899937), (-0.010424365, -0.014347915, 0.00082150864), (-0.008076203, -0.015850414, 0.000899937), (-0.008051552, -0.015802035, 0.00082150864), (-0.0054971604, -0.016918646, 0.000899937), (-0.0054803947, -0.016866999, 0.00082150864), (-0.002782857, -0.017570296, 0.000899937), (-0.0027743322, -0.017516661, 0.00082150864), (0, -0.017789314, 0.000899937), (0, -0.01773504, 0.00082150864), (0.002782857, -0.017570296, 0.000899937), (0.0027744032, -0.017516661, 0.00082150864), (0.005497231, -0.016918646, 0.000899937), (0.0054803947, -0.016866999, 0.00082150864), (0.008076203, -0.015850414, 0.000899937), (0.008051552, -0.015802035, 0.00082150864), (0.010456262, -0.014391817, 0.000899937), (0.010424365, -0.014347915, 0.00082150864), (0.012578943, -0.012578943, 0.000899937), (0.01254051, -0.012540582, 0.00082150864), (0.014391817, -0.010456262, 0.000899937), (0.014347915, -0.010424365, 0.00082150864), (0.015850414, -0.008076203, 0.000899937), (0.015802035, -0.008051552, 0.00082150864), (0.016918646, -0.005497231, 0.000899937), (0.016866999, -0.0054803947, 0.00082150864), (0.017570296, -0.002782857, 0.000899937), (0.017516661, -0.0027744032, 0.00082150864), (0.017789314, -0, 0.000899937), (0.01773504, -0, 0.00082150864), (0.018239353, 0.002888849, 0.00021361782), (0.018032627, 0.0028560995, 0.00012453344), (0.017562909, 0.0057065156, 0.00021361782), (0.017363854, 0.0056418693, 0.00012453344), (0.016453972, 0.008383665, 0.00021361782), (0.016267492, 0.008288684, 0.00012453344), (0.014939892, 0.010854443, 0.00021361782), (0.014770604, 0.010731401, 0.00012453344), (0.013057967, 0.013057896, 0.00021361782), (0.012909919, 0.012909919, 0.00012453344), (0.010854443, 0.014939892, 0.00021361782), (0.010731472, 0.014770533, 0.00012453344), (0.008383736, 0.016453972, 0.00021361782), (0.008288684, 0.016267492, 0.00012453344), (0.0057065156, 0.017562838, 0.00021361782), (0.0056418693, 0.017363854, 0.00012453344), (0.002888849, 0.018239353, 0.00021361782), (0.0028560995, 0.018032627, 0.00012453344), (0, 0.018466681, 0.00021361782), (0, 0.018257398, 0.00012453344), (-0.002888849, 0.018239353, 0.00021361782), (-0.0028560995, 0.018032627, 0.00012453344), (-0.0057065156, 0.017562838, 0.00021361782), (-0.0056418693, 0.017363854, 0.00012453344), (-0.008383665, 0.016453972, 0.00021361782), (-0.008288684, 0.016267492, 0.00012453344), (-0.010854443, 0.014939892, 0.00021361782), (-0.010731401, 0.014770533, 0.00012453344), (-0.013057896, 0.013057896, 0.00021361782), (-0.012909919, 0.012909919, 0.00012453344), (-0.014939892, 0.010854443, 0.00021361782), (-0.014770533, 0.010731472, 0.00012453344), (-0.016453972, 0.008383736, 0.00021361782), (-0.016267492, 0.008288684, 0.00012453344), (-0.017562838, 0.0057065156, 0.00021361782), (-0.017363854, 0.0056418693, 0.00012453344), (-0.018239353, 0.002888849, 0.00021361782), (-0.018032627, 0.0028560995, 0.00012453344), (-0.018466681, -0, 0.00021361782), (-0.018257398, -0, 0.00012453344), (-0.018239353, -0.002888849, 0.00021361782), (-0.018032627, -0.0028560995, 0.00012453344), (-0.017562838, -0.0057065156, 0.00021361782), (-0.017363854, -0.0056418693, 0.00012453344), (-0.016453972, -0.008383736, 0.00021361782), (-0.016267492, -0.008288684, 0.00012453344), (-0.014939892, -0.010854443, 0.00021361782), (-0.014770533, -0.010731472, 0.00012453344), (-0.013057896, -0.013057896, 0.00021361782), (-0.012909919, -0.012909919, 0.00012453344), (-0.010854443, -0.014939892, 0.00021361782), (-0.010731401, -0.014770533, 0.00012453344), (-0.008383736, -0.016453972, 0.00021361782), (-0.008288684, -0.016267492, 0.00012453344), (-0.0057065156, -0.017562838, 0.00021361782), (-0.0056418693, -0.017363854, 0.00012453344), (-0.002888849, -0.018239353, 0.00021361782), (-0.0028560995, -0.018032627, 0.00012453344), (0, -0.018466681, 0.00021361782), (0, -0.018257398, 0.00012453344), (0.002888849, -0.018239353, 0.00021361782), (0.0028560995, -0.018032627, 0.00012453344), (0.0057065156, -0.017562838, 0.00021361782), (0.0056418693, -0.017363854, 0.00012453344), (0.008383736, -0.016453972, 0.00021361782), (0.008288684, -0.016267492, 0.00012453344), (0.010854443, -0.014939892, 0.00021361782), (0.010731472, -0.014770533, 0.00012453344), (0.013057896, -0.013057896, 0.00021361782), (0.012909919, -0.012909919, 0.00012453344), (0.014939892, -0.010854443, 0.00021361782), (0.014770533, -0.010731472, 0.00012453344), (0.016453972, -0.008383736, 0.00021361782), (0.016267492, -0.008288684, 0.00012453344), (0.017562838, -0.0057065156, 0.00021361782), (0.017363854, -0.0056418693, 0.00012453344), (0.018239353, -0.002888849, 0.00021361782), (0.018032627, -0.0028560995, 0.00012453344), (0.018466681, -0, 0.00021361782), (0.018257398, -0, 0.00012453344), (0, -0.018081289, 0.00095932663), (-0.0028285359, -0.017858649, 0.00095932663), (-0.0055874526, -0.017196342, 0.00095932663), (-0.008208693, -0.016110564, 0.00095932663), (-0.010627896, -0.014628097, 0.00095932663), (-0.012785385, -0.012785385, 0.00095932663), (-0.014628097, -0.010627896, 0.00095932663), (-0.016110564, -0.008208764, 0.00095932663), (-0.017196342, -0.0055874526, 0.00095932663), (-0.017858649, -0.0028285359, 0.00095932663), (-0.018081289, -0, 0.00095932663), (-0.017858649, 0.0028285359, 0.00095932663), (-0.017196342, 0.0055874526, 0.00095932663), (-0.016110564, 0.008208764, 0.00095932663), (-0.014628026, 0.010627896, 0.00095932663), (-0.012785385, 0.012785385, 0.00095932663), (-0.010627896, 0.014628097, 0.00095932663), (-0.008208693, 0.016110564, 0.00095932663), (-0.0055873813, 0.017196342, 0.00095932663), (-0.0028285359, 0.017858649, 0.00095932663), (0, 0.018081289, 0.00095932663), (0.0028285359, 0.017858649, 0.00095932663), (0.0055874526, 0.017196342, 0.00095932663), (0.008208764, 0.016110564, 0.00095932663), (0.010627896, 0.014628097, 0.00095932663), (0.012785385, 0.012785385, 0.00095932663), (0.014628097, 0.010627896, 0.00095932663), (0.016110564, 0.008208693, 0.00095932663), (0.017196342, 0.0055873813, 0.00095932663), (0.017858649, 0.0028285359, 0.00095932663), (0.018081289, -0, 0.00095932663), (0.017858649, -0.0028285359, 0.00095932663), (0.017196342, -0.0055874526, 0.00095932663), (0.016110564, -0.008208764, 0.00095932663), (0.014628097, -0.010627896, 0.00095932663), (0.012785385, -0.012785385, 0.00095932663), (0.010627896, -0.014628097, 0.00095932663), (0.008208764, -0.016110564, 0.00095932663), (0.0055874526, -0.017196342, 0.00095932663), (0.0028285359, -0.017858649, 0.00095932663), (0.01724266, 0.0041395826, 0.0005616437), (0.01638279, 0.006785971, 0.0005616437), (0.015119553, 0.009265274, 0.0005616437), (0.013483995, 0.011516395, 0.0005616437), (0.011516395, 0.013483995, 0.0005616437), (0.009265274, 0.015119553, 0.0005616437), (0.006785971, 0.01638279, 0.0005616437), (0.0041395826, 0.01724266, 0.0005616437), (0.001391322, 0.017677924, 0.0005616437), (-0.0013912509, 0.017677924, 0.0005616437), (-0.0041395826, 0.01724266, 0.0005616437), (-0.006785971, 0.01638279, 0.0005616437), (-0.009265274, 0.015119553, 0.0005616437), (-0.011516395, 0.013483995, 0.0005616437), (-0.013483995, 0.011516395, 0.0005616437), (-0.015119553, 0.009265274, 0.0005616437), (-0.01638279, 0.006785971, 0.0005616437), (-0.01724266, 0.0041395826, 0.0005616437), (-0.017677924, 0.0013912509, 0.0005616437), (-0.017677924, -0.0013912509, 0.0005616437), (-0.01724266, -0.0041395826, 0.0005616437), (-0.01638279, -0.006785971, 0.0005616437), (-0.015119553, -0.009265274, 0.0005616437), (-0.013483995, -0.011516395, 0.0005616437), (-0.011516395, -0.013483995, 0.0005616437), (-0.009265274, -0.015119553, 0.0005616437), (-0.006785971, -0.01638279, 0.0005616437), (-0.0041395826, -0.01724266, 0.0005616437), (-0.0013912509, -0.017677924, 0.0005616437), (0.001391322, -0.017677924, 0.0005616437), (0.0041395826, -0.01724266, 0.0005616437), (0.006785971, -0.01638279, 0.0005616437), (0.009265274, -0.015119553, 0.0005616437), (0.011516395, -0.013483995, 0.0005616437), (0.013483995, -0.011516395, 0.0005616437), (0.015119553, -0.009265274, 0.0005616437), (0.01638279, -0.006785971, 0.0005616437), (0.01724266, -0.0041395826, 0.0005616437), (0.017677924, -0.001391322, 0.0005616437), (0.017677924, 0.0013912509, 0.0005616437), (0.016441042, 0.0039471346, 0.0001186371), (0.015621168, 0.006470482, 0.0001186371), (0.01441661, 0.008834486, 0.0001186371), (0.012857136, 0.010980965, 0.0001186371), (0.010981036, 0.012857066, 0.0001186371), (0.008834486, 0.01441661, 0.0001186371), (0.006470482, 0.015621168, 0.0001186371), (0.0039471346, 0.016441042, 0.0001186371), (0.0013266044, 0.01685606, 0.0001186371), (-0.0013266044, 0.01685606, 0.0001186371), (-0.0039471346, 0.016441042, 0.0001186371), (-0.006470482, 0.015621168, 0.0001186371), (-0.008834486, 0.01441661, 0.0001186371), (-0.010980965, 0.012857066, 0.0001186371), (-0.012857066, 0.010980965, 0.0001186371), (-0.01441661, 0.008834486, 0.0001186371), (-0.015621168, 0.006470482, 0.0001186371), (-0.016441042, 0.0039471346, 0.0001186371), (-0.01685606, 0.0013266044, 0.0001186371), (-0.01685606, -0.0013266044, 0.0001186371), (-0.016441042, -0.0039471346, 0.0001186371), (-0.015621168, -0.006470482, 0.0001186371), (-0.01441661, -0.008834486, 0.0001186371), (-0.012857066, -0.010980965, 0.0001186371), (-0.010980965, -0.012857066, 0.0001186371), (-0.008834486, -0.01441661, 0.0001186371), (-0.006470482, -0.015621168, 0.0001186371), (-0.0039471346, -0.016441042, 0.0001186371), (-0.0013266044, -0.01685606, 0.0001186371), (0.0013266044, -0.01685606, 0.0001186371), (0.0039471346, -0.016441042, 0.0001186371), (0.006470482, -0.015621168, 0.0001186371), (0.008834486, -0.01441661, 0.0001186371), (0.010980965, -0.012857066, 0.0001186371), (0.012857066, -0.010980965, 0.0001186371), (0.01441661, -0.008834486, 0.0001186371), (0.015621168, -0.006470482, 0.0001186371), (0.016441042, -0.0039471346, 0.0001186371), (0.01685606, -0.0013266044, 0.0001186371), (0.01685606, 0.0013266044, 0.0001186371), (0.01588636, 0.0025161721, 0.0001186371), (0.015297153, 0.0049703266, 0.0001186371), (0.014816709, 0.003557195, 0.0001186371), (0.014331291, 0.007302149, 0.0001186371), (0.01407782, 0.0058311913, 0.0001186371), (0.013012501, 0.009454169, 0.0001186371), (0.012992326, 0.007961687, 0.0001186371), (0.011373391, 0.01137332, 0.0001186371), (0.011586866, 0.009896111, 0.0001186371), (0.009454169, 0.013012501, 0.0001186371), (0.009896111, 0.011586866, 0.0001186371), (0.007302149, 0.014331291, 0.0001186371), (0.007961687, 0.012992326, 0.0001186371), (0.0049703266, 0.015297153, 0.0001186371), (0.005831262, 0.01407782, 0.0001186371), (0.0025161721, 0.01588636, 0.0001186371), (0.003557195, 0.014816709, 0.0001186371), (0, 0.016084349, 0.0001186371), (0.0011955352, 0.015190735, 0.0001186371), (-0.0025161721, 0.01588636, 0.0001186371), (-0.0011955352, 0.015190735, 0.0001186371), (-0.0049703266, 0.015297153, 0.0001186371), (-0.003557195, 0.014816709, 0.0001186371), (-0.007302149, 0.014331291, 0.0001186371), (-0.0058311913, 0.01407782, 0.0001186371), (-0.009454169, 0.013012501, 0.0001186371), (-0.007961687, 0.012992326, 0.0001186371), (-0.01137332, 0.011373391, 0.0001186371), (-0.009896111, 0.011586866, 0.0001186371), (-0.013012501, 0.009454169, 0.0001186371), (-0.011586866, 0.009896111, 0.0001186371), (-0.014331291, 0.007302149, 0.0001186371), (-0.012992326, 0.007961687, 0.0001186371), (-0.015297153, 0.0049703266, 0.0001186371), (-0.01407782, 0.005831262, 0.0001186371), (-0.01588636, 0.0025161721, 0.0001186371), (-0.014816709, 0.003557195, 0.0001186371), (-0.016084349, -0, 0.0001186371), (-0.015190735, 0.0011955352, 0.0001186371), (-0.01588636, -0.0025161721, 0.0001186371), (-0.015190735, -0.0011955352, 0.0001186371), (-0.015297153, -0.0049703266, 0.0001186371), (-0.014816709, -0.003557195, 0.0001186371), (-0.014331291, -0.007302149, 0.0001186371), (-0.01407782, -0.005831262, 0.0001186371), (-0.013012501, -0.009454169, 0.0001186371), (-0.012992326, -0.007961687, 0.0001186371), (-0.01137332, -0.011373391, 0.0001186371), (-0.011586866, -0.009896111, 0.0001186371), (-0.009454169, -0.013012501, 0.0001186371), (-0.009896111, -0.011586866, 0.0001186371), (-0.007302149, -0.014331291, 0.0001186371), (-0.007961687, -0.012992326, 0.0001186371), (-0.0049703266, -0.015297153, 0.0001186371), (-0.005831262, -0.01407782, 0.0001186371), (-0.0025161721, -0.01588636, 0.0001186371), (-0.003557195, -0.014816709, 0.0001186371), (0, -0.016084349, 0.0001186371), (-0.0011955352, -0.015190735, 0.0001186371), (0.0025161721, -0.01588636, 0.0001186371), (0.0011955352, -0.015190735, 0.0001186371), (0.0049703266, -0.015297153, 0.0001186371), (0.003557195, -0.014816709, 0.0001186371), (0.007302149, -0.014331291, 0.0001186371), (0.005831262, -0.01407782, 0.0001186371), (0.009454169, -0.013012501, 0.0001186371), (0.007961687, -0.012992326, 0.0001186371), (0.011373391, -0.011373391, 0.0001186371), (0.009896111, -0.011586866, 0.0001186371), (0.013012501, -0.009454169, 0.0001186371), (0.011586866, -0.009896111, 0.0001186371), (0.014331291, -0.007302149, 0.0001186371), (0.012992326, -0.007961687, 0.0001186371), (0.015297153, -0.0049703266, 0.0001186371), (0.01407782, -0.005831262, 0.0001186371), (0.01588636, -0.0025161721, 0.0001186371), (0.014816709, -0.003557195, 0.0001186371), (0.016084349, -0, 0.0001186371), (0.015190735, -0.0011955352, 0.0001186371), (0.015190735, 0.0011955352, 0.0001186371), (0.016821321, 0.0054655476, 0.0001186371), (0.015759198, 0.008029743, 0.0001186371), (0.014309055, 0.010396162, 0.0001186371), (0.012506624, 0.012506553, 0.0001186371), (0.010396162, 0.014309055, 0.0001186371), (0.008029743, 0.015759198, 0.0001186371), (0.0054656183, 0.016821321, 0.0001186371), (0.002766873, 0.017469207, 0.0001186371), (0, 0.017686944, 0.0001186371), (-0.002766873, 0.017469207, 0.0001186371), (-0.0054655476, 0.016821321, 0.0001186371), (-0.008029743, 0.015759198, 0.0001186371), (-0.010396162, 0.014309055, 0.0001186371), (-0.012506553, 0.012506553, 0.0001186371), (-0.014309055, 0.010396162, 0.0001186371), (-0.015759198, 0.008029743, 0.0001186371), (-0.016821321, 0.0054655476, 0.0001186371), (-0.017469207, 0.002766873, 0.0001186371), (-0.017686944, -0, 0.0001186371), (-0.017469207, -0.002766873, 0.0001186371), (-0.016821321, -0.0054655476, 0.0001186371), (-0.015759198, -0.008029743, 0.0001186371), (-0.014309055, -0.010396162, 0.0001186371), (-0.012506553, -0.012506553, 0.0001186371), (-0.010396162, -0.014309055, 0.0001186371), (-0.008029743, -0.015759198, 0.0001186371), (-0.0054655476, -0.016821321, 0.0001186371), (-0.002766873, -0.017469207, 0.0001186371), (0, -0.017686944, 0.0001186371), (0.002766873, -0.017469207, 0.0001186371), (0.0054655476, -0.016821321, 0.0001186371), (0.008029743, -0.015759198, 0.0001186371), (0.010396162, -0.014309055, 0.0001186371), (0.012506553, -0.012506553, 0.0001186371), (0.014309055, -0.010396162, 0.0001186371), (0.015759198, -0.008029743, 0.0001186371), (0.016821321, -0.0054655476, 0.0001186371), (0.017469207, -0.002766873, 0.0001186371), (0.017369112, 0.005643574, 0.0008267656), (0.017566105, 0.0057075815, 0.00037985184), (0.018242693, 0.0028893463, 0.00037985184), (0.018470092, -0, 0.00037985184), (0.016272465, 0.008291242, 0.0008267656), (0.016456956, 0.008385228, 0.00037985184), (0.014775079, 0.01073474, 0.0008267656), (0.014942592, 0.010856432, 0.00037985184), (0.012913898, 0.012913898, 0.0008267656), (0.013060311, 0.013060311, 0.00037985184), (0.01073474, 0.014775079, 0.0008267656), (0.010856432, 0.014942592, 0.00037985184), (0.008291242, 0.016272465, 0.0008267656), (0.008385228, 0.016456956, 0.00037985184), (0.005643574, 0.017369112, 0.0008267656), (0.0057075815, 0.017566105, 0.00037985184), (0.002856952, 0.018038169, 0.0008267656), (0.0028893463, 0.018242693, 0.00037985184), (0, 0.01826301, 0.0008267656), (0, 0.018470092, 0.00037985184), (-0.002856952, 0.018038169, 0.0008267656), (-0.0028893463, 0.018242693, 0.00037985184), (-0.005643574, 0.017369112, 0.0008267656), (-0.0057075815, 0.017566105, 0.00037985184), (-0.008291242, 0.016272465, 0.0008267656), (-0.008385228, 0.016456956, 0.00037985184), (-0.01073474, 0.014775079, 0.0008267656), (-0.010856432, 0.014942592, 0.00037985184), (-0.012913898, 0.012913898, 0.0008267656), (-0.013060311, 0.013060311, 0.00037985184), (-0.014775079, 0.01073474, 0.0008267656), (-0.014942592, 0.010856432, 0.00037985184), (-0.016272465, 0.008291242, 0.0008267656), (-0.016456956, 0.008385228, 0.00037985184), (-0.017369112, 0.005643574, 0.0008267656), (-0.017566105, 0.0057075815, 0.00037985184), (-0.018038169, 0.002856952, 0.0008267656), (-0.018242693, 0.0028893463, 0.00037985184), (-0.01826301, -0, 0.0008267656), (-0.018470092, -0, 0.00037985184), (-0.018038169, -0.002856952, 0.0008267656), (-0.018242693, -0.0028893463, 0.00037985184), (-0.017369112, -0.005643574, 0.0008267656), (-0.017566105, -0.0057075815, 0.00037985184), (-0.016272465, -0.008291242, 0.0008267656), (-0.016456956, -0.008385228, 0.00037985184), (-0.014775079, -0.01073474, 0.0008267656), (-0.014942592, -0.010856432, 0.00037985184), (-0.012913898, -0.012913898, 0.0008267656), (-0.013060311, -0.013060311, 0.00037985184), (-0.01073474, -0.014775079, 0.0008267656), (-0.010856432, -0.014942592, 0.00037985184), (-0.008291242, -0.016272465, 0.0008267656), (-0.008385228, -0.016456956, 0.00037985184), (-0.005643574, -0.017369112, 0.0008267656), (-0.0057075815, -0.017566105, 0.00037985184), (-0.002856952, -0.018038169, 0.0008267656), (-0.0028893463, -0.018242693, 0.00037985184), (0, -0.01826301, 0.0008267656), (0, -0.018470092, 0.00037985184), (0.002856952, -0.018038169, 0.0008267656), (0.0028893463, -0.018242693, 0.00037985184), (0.005643574, -0.017369112, 0.0008267656), (0.0057075815, -0.017566105, 0.00037985184), (0.008291242, -0.016272465, 0.0008267656), (0.008385228, -0.016456956, 0.00037985184), (0.01073474, -0.014775079, 0.0008267656), (0.010856432, -0.014942592, 0.00037985184), (0.012913898, -0.012913898, 0.0008267656), (0.013060311, -0.013060311, 0.00037985184), (0.014775079, -0.01073474, 0.0008267656), (0.014942592, -0.010856432, 0.00037985184), (0.016272465, -0.008291242, 0.0008267656), (0.016456956, -0.008385228, 0.00037985184), (0.017369112, -0.005643574, 0.0008267656), (0.017566105, -0.0057075815, 0.00037985184), (0.018038169, -0.002856952, 0.0008267656), (0.018242693, -0.0028893463, 0.00037985184), (0.016864797, 0.0054796846, 0.0007077733), (0.015799975, 0.008050486, 0.0007077733), (0.017692344, 0.00280218, 0.0009566271), (0.017514389, 0.0027739771, 0.0007077733), (0.014346068, 0.010423016, 0.0007077733), (0.012538947, 0.012538876, 0.0007077733), (0.010423016, 0.014346068, 0.0007077733), (0.008050486, 0.015799975, 0.0007077733), (0.0054796846, 0.016864797, 0.0007077733), (0.0027740481, 0.017514389, 0.0007077733), (0, 0.017732695, 0.0007077733), (-0.0027739771, 0.017514389, 0.0007077733), (-0.0054796846, 0.016864797, 0.0007077733), (-0.008050486, 0.015799975, 0.0007077733), (-0.010423016, 0.014346068, 0.0007077733), (-0.012538876, 0.012538947, 0.0007077733), (-0.014346068, 0.010423016, 0.0007077733), (-0.015799975, 0.008050486, 0.0007077733), (-0.016864797, 0.0054796846, 0.0007077733), (-0.017514389, 0.0027739771, 0.0007077733), (-0.017732695, -0, 0.0007077733), (-0.017514389, -0.0027739771, 0.0007077733), (-0.016864797, -0.0054796846, 0.0007077733), (-0.015799975, -0.008050486, 0.0007077733), (-0.014346068, -0.010423016, 0.0007077733), (-0.012538947, -0.012538947, 0.0007077733), (-0.010423016, -0.014346068, 0.0007077733), (-0.008050486, -0.015799975, 0.0007077733), (-0.0054796846, -0.016864797, 0.0007077733), (-0.0027739771, -0.017514389, 0.0007077733), (0, -0.017732695, 0.0007077733), (0.0027739771, -0.017514389, 0.0007077733), (0.0054796846, -0.016864797, 0.0007077733), (0.008050486, -0.015799975, 0.0007077733), (0.010423016, -0.014346068, 0.0007077733), (0.012538947, -0.012538947, 0.0007077733), (0.014346068, -0.010423016, 0.0007077733), (0.015799975, -0.008050486, 0.0007077733), (0.016864797, -0.0054796846, 0.0007077733), (0.017514389, -0.0027739771, 0.0007077733), (0.017912924, -0, 0.0009566271), (0.017732695, -0, 0.0007077733), (0.017957395, 0.0043111444, 0.00054423884), (0.017005386, 0.0070438473, 0.00067246635), (0.018410703, 0.0014489356, 0.00054423884), (0.017897934, 0.0042969366, 0.00067246635), (0.018410703, -0.0014489356, 0.00054423884), (0.01834975, 0.0014441758, 0.00067246635), (0.017061863, 0.0070672194, 0.00054423884), (0.015694126, 0.009617349, 0.00067246635), (0.01574627, 0.009649317, 0.00054423884), (0.013996407, 0.011954074, 0.00067246635), (0.014042939, 0.011993785, 0.00054423884), (0.011954074, 0.013996407, 0.00067246635), (0.011993785, 0.014042868, 0.00054423884), (0.00961742, 0.015694126, 0.00067246635), (0.009649317, 0.01574627, 0.00054423884), (0.0070438473, 0.017005386, 0.00067246635), (0.0070672906, 0.017061863, 0.00054423884), (0.0042969366, 0.017897934, 0.00067246635), (0.0043112156, 0.017957395, 0.00054423884), (0.0014441758, 0.01834975, 0.00067246635), (0.0014489356, 0.018410703, 0.00054423884), (-0.0014441758, 0.01834975, 0.00067246635), (-0.0014489356, 0.018410703, 0.00054423884), (-0.0042969366, 0.017897934, 0.00067246635), (-0.0043111444, 0.017957395, 0.00054423884), (-0.0070438473, 0.017005386, 0.00067246635), (-0.0070672906, 0.017061863, 0.00054423884), (-0.009617349, 0.015694126, 0.00067246635), (-0.009649317, 0.01574627, 0.00054423884), (-0.011954074, 0.013996407, 0.00067246635), (-0.011993785, 0.014042939, 0.00054423884), (-0.013996407, 0.011954074, 0.00067246635), (-0.014042868, 0.011993785, 0.00054423884), (-0.015694126, 0.009617349, 0.00067246635), (-0.01574627, 0.009649317, 0.00054423884), (-0.017005386, 0.0070438473, 0.00067246635), (-0.017061863, 0.0070672906, 0.00054423884), (-0.017897934, 0.0042969366, 0.00067246635), (-0.017957395, 0.0043112156, 0.00054423884), (-0.01834975, 0.0014441758, 0.00067246635), (-0.018410703, 0.0014489356, 0.00054423884), (-0.01834975, -0.0014441758, 0.00067246635), (-0.018410703, -0.0014489356, 0.00054423884), (-0.017897934, -0.0042969366, 0.00067246635), (-0.017957395, -0.0043112156, 0.00054423884), (-0.017005386, -0.0070438473, 0.00067246635), (-0.017061863, -0.0070672906, 0.00054423884), (-0.015694126, -0.009617349, 0.00067246635), (-0.01574627, -0.009649317, 0.00054423884), (-0.013996407, -0.011954074, 0.00067246635), (-0.014042868, -0.011993785, 0.00054423884), (-0.011954074, -0.013996407, 0.00067246635), (-0.011993785, -0.014042939, 0.00054423884), (-0.009617349, -0.015694126, 0.00067246635), (-0.009649317, -0.01574627, 0.00054423884), (-0.0070438473, -0.017005386, 0.00067246635), (-0.0070672906, -0.017061863, 0.00054423884), (-0.0042969366, -0.017897934, 0.00067246635), (-0.0043112156, -0.017957395, 0.00054423884), (-0.0014441758, -0.01834975, 0.00067246635), (-0.0014489356, -0.018410703, 0.00054423884), (0.0014441758, -0.01834975, 0.00067246635), (0.0014489356, -0.018410703, 0.00054423884), (0.0042969366, -0.017897934, 0.00067246635), (0.0043112156, -0.017957395, 0.00054423884), (0.0070438473, -0.017005386, 0.00067246635), (0.0070672906, -0.017061863, 0.00054423884), (0.009617349, -0.015694126, 0.00067246635), (0.009649317, -0.01574627, 0.00054423884), (0.011954074, -0.013996407, 0.00067246635), (0.011993785, -0.014042939, 0.00054423884), (0.013996407, -0.011954074, 0.00067246635), (0.014042939, -0.011993785, 0.00054423884), (0.015694126, -0.009617349, 0.00067246635), (0.01574627, -0.009649317, 0.00054423884), (0.017005386, -0.0070438473, 0.00067246635), (0.017061863, -0.0070672906, 0.00054423884), (0.017897934, -0.0042969366, 0.00067246635), (0.017957395, -0.0043112156, 0.00054423884), (0.01834975, -0.0014441758, 0.00067246635), (0.01638492, 0.0067868237, 0.00082150864), (0.017297717, 0.0041527958, 0.000899937), (0.015121542, 0.009266482, 0.00082150864), (0.016435076, 0.0068076383, 0.000899937), (0.017244933, 0.0041401507, 0.00082150864), (0.017734399, 0.0013957265, 0.000899937), (0.013485771, 0.011517887, 0.00082150864), (0.0151677895, 0.009294827, 0.000899937), (0.011517887, 0.013485771, 0.00082150864), (0.013527045, 0.011553193, 0.000899937), (0.009266482, 0.015121542, 0.00082150864), (0.011553193, 0.013527045, 0.000899937), (0.006786895, 0.01638492, 0.00082150864), (0.009294827, 0.0151677895, 0.000899937), (0.0041401507, 0.017244933, 0.00082150864), (0.0068076383, 0.016435076, 0.000899937), (0.001391464, 0.017680267, 0.00082150864), (0.0041527958, 0.017297717, 0.000899937), (-0.001391464, 0.017680267, 0.00082150864), (0.0013957265, 0.017734399, 0.000899937), (-0.0041401507, 0.017244933, 0.00082150864), (-0.0013957265, 0.017734399, 0.000899937), (-0.0067868237, 0.01638492, 0.00082150864), (-0.0041527958, 0.017297717, 0.000899937), (-0.009266482, 0.015121542, 0.00082150864), (-0.0068076383, 0.016435076, 0.000899937), (-0.011517887, 0.013485771, 0.00082150864), (-0.009294827, 0.0151677895, 0.000899937), (-0.013485771, 0.011517887, 0.00082150864), (-0.011553193, 0.013527045, 0.000899937), (-0.015121471, 0.009266482, 0.00082150864), (-0.013527045, 0.011553193, 0.000899937), (-0.01638492, 0.006786895, 0.00082150864), (-0.0151677895, 0.009294827, 0.000899937), (-0.017244933, 0.0041401507, 0.00082150864), (-0.016435076, 0.0068076383, 0.000899937), (-0.017680267, 0.001391464, 0.00082150864), (-0.017297717, 0.0041527958, 0.000899937), (-0.017680267, -0.001391464, 0.00082150864), (-0.017734399, 0.0013957265, 0.000899937), (-0.017244933, -0.0041401507, 0.00082150864), (-0.017734399, -0.0013957265, 0.000899937), (-0.01638492, -0.006786895, 0.00082150864), (-0.017297717, -0.0041527958, 0.000899937), (-0.015121542, -0.009266482, 0.00082150864), (-0.016435076, -0.0068076383, 0.000899937), (-0.013485771, -0.011517887, 0.00082150864), (-0.0151677895, -0.009294827, 0.000899937), (-0.011517887, -0.013485771, 0.00082150864), (-0.013527045, -0.011553193, 0.000899937), (-0.009266482, -0.015121542, 0.00082150864), (-0.011553193, -0.013527045, 0.000899937), (-0.006786895, -0.01638492, 0.00082150864), (-0.009294827, -0.0151677895, 0.000899937), (-0.0041401507, -0.017244933, 0.00082150864), (-0.0068076383, -0.016435076, 0.000899937), (-0.001391464, -0.017680267, 0.00082150864), (-0.0041527958, -0.017297717, 0.000899937), (0.001391464, -0.017680267, 0.00082150864), (-0.0013957265, -0.017734399, 0.000899937), (0.0041401507, -0.017244933, 0.00082150864), (0.0013957265, -0.017734399, 0.000899937), (0.006786895, -0.01638492, 0.00082150864), (0.0041527958, -0.017297717, 0.000899937), (0.009266482, -0.015121542, 0.00082150864), (0.0068076383, -0.016435076, 0.000899937), (0.011517887, -0.013485771, 0.00082150864), (0.009294827, -0.0151677895, 0.000899937), (0.013485771, -0.011517887, 0.00082150864), (0.011553193, -0.013527045, 0.000899937), (0.015121542, -0.009266482, 0.00082150864), (0.013527045, -0.011553193, 0.000899937), (0.01638492, -0.006786895, 0.00082150864), (0.0151677895, -0.009294827, 0.000899937), (0.017244933, -0.0041401507, 0.00082150864), (0.016435076, -0.0068076383, 0.000899937), (0.017680267, -0.001391464, 0.00082150864), (0.017297717, -0.0041527958, 0.000899937), (0.017680267, 0.001391464, 0.00082150864), (0.017734399, -0.0013957265, 0.000899937), (0.017557226, 0.005704669, 0.00061009306), (0.018233458, 0.0028878544, 0.00061009306), (0.016448643, 0.008380965, 0.00061009306), (0.018460715, -0, 0.00061009306), (0.018233458, -0.0028879254, 0.00061009306), (0.014935061, 0.010850961, 0.00061009306), (0.013053704, 0.013053704, 0.00061009306), (0.010850961, 0.014934991, 0.00061009306), (0.008380965, 0.016448643, 0.00061009306), (0.005704669, 0.017557155, 0.00061009306), (0.0028879254, 0.018233458, 0.00061009306), (0, 0.018460715, 0.00061009306), (-0.0028878544, 0.018233458, 0.00061009306), (-0.005704669, 0.017557155, 0.00061009306), (-0.008380965, 0.016448643, 0.00061009306), (-0.010850961, 0.014935061, 0.00061009306), (-0.013053704, 0.013053704, 0.00061009306), (-0.014934991, 0.010850961, 0.00061009306), (-0.016448643, 0.008380965, 0.00061009306), (-0.017557155, 0.005704669, 0.00061009306), (-0.018233458, 0.0028879254, 0.00061009306), (-0.018460715, -0, 0.00061009306), (-0.018233458, -0.0028879254, 0.00061009306), (-0.017557155, -0.005704669, 0.00061009306), (-0.016448643, -0.008380965, 0.00061009306), (-0.014934991, -0.010850961, 0.00061009306), (-0.013053704, -0.013053704, 0.00061009306), (-0.010850961, -0.014935061, 0.00061009306), (-0.008380965, -0.016448643, 0.00061009306), (-0.005704669, -0.017557155, 0.00061009306), (-0.0028878544, -0.018233458, 0.00061009306), (0, -0.018460715, 0.00061009306), (0.0028879254, -0.018233458, 0.00061009306), (0.005704669, -0.017557155, 0.00061009306), (0.008380965, -0.016448643, 0.00061009306), (0.010850961, -0.014935061, 0.00061009306), (0.013053704, -0.013053704, 0.00061009306), (0.014934991, -0.010850961, 0.00061009306), (0.016448643, -0.008380965, 0.00061009306), (0.017557155, -0.005704669, 0.00061009306), (0.016873606, 0.005482526, 0.0008701712), (0.015808217, 0.008054678, 0.0008701712), (0.017523482, 0.0027754689, 0.0008701712), (0.014353527, 0.010428415, 0.0008701712), (0.01774193, -0, 0.0008701712), (0.012545483, 0.012545412, 0.0008701712), (0.010428485, 0.014353527, 0.0008701712), (0.008054678, 0.015808145, 0.0008701712), (0.0054825973, 0.016873606, 0.0008701712), (0.0027754689, 0.017523482, 0.0008701712), (0, 0.01774193, 0.0008701712), (-0.0027754689, 0.017523482, 0.0008701712), (-0.005482526, 0.016873606, 0.0008701712), (-0.008054678, 0.015808217, 0.0008701712), (-0.010428415, 0.014353527, 0.0008701712), (-0.012545412, 0.012545412, 0.0008701712), (-0.014353527, 0.010428485, 0.0008701712), (-0.015808145, 0.008054678, 0.0008701712), (-0.016873606, 0.005482526, 0.0008701712), (-0.017523482, 0.0027754689, 0.0008701712), (-0.01774193, -0, 0.0008701712), (-0.017523482, -0.0027754689, 0.0008701712), (-0.016873606, -0.0054825973, 0.0008701712), (-0.015808145, -0.008054678, 0.0008701712), (-0.014353527, -0.010428485, 0.0008701712), (-0.012545412, -0.012545412, 0.0008701712), (-0.010428415, -0.014353527, 0.0008701712), (-0.008054678, -0.015808217, 0.0008701712), (-0.005482526, -0.016873606, 0.0008701712), (-0.0027754689, -0.017523482, 0.0008701712), (0, -0.01774193, 0.0008701712), (0.0027754689, -0.017523482, 0.0008701712), (0.0054825973, -0.016873606, 0.0008701712), (0.008054678, -0.015808217, 0.0008701712), (0.010428415, -0.014353527, 0.0008701712), (0.012545412, -0.012545412, 0.0008701712), (0.014353527, -0.010428485, 0.0008701712), (0.015808217, -0.008054678, 0.0008701712), (0.016873606, -0.0054825973, 0.0008701712), (0.017523482, -0.0027754689, 0.0008701712), (0.017469207, 0.002766873, 0.0001186371), (0.017686944, -0, 0.0001186371), (0.018201062, 0.0014324542, 0.00012453344), (0.0179564, 0.0043109315, 0.00021361782), (0.01775287, 0.0042620557, 0.00012453344), (0.01706094, 0.007066864, 0.00021361782), (0.016867567, 0.006986802, 0.00012453344), (0.015745416, 0.009648749, 0.00021361782), (0.015566964, 0.009539418, 0.00012453344), (0.014042158, 0.011993075, 0.00021361782), (0.0138829565, 0.011857174, 0.00012453344), (0.011993146, 0.014042087, 0.00021361782), (0.011857174, 0.0138829565, 0.00012453344), (0.009648819, 0.015745346, 0.00021361782), (0.009539418, 0.015566893, 0.00012453344), (0.007066864, 0.01706094, 0.00021361782), (0.006986802, 0.016867567, 0.00012453344), (0.0043109315, 0.0179564, 0.00021361782), (0.004262127, 0.01775287, 0.00012453344), (0.0014488645, 0.018409709, 0.00021361782), (0.0014324542, 0.018201062, 0.00012453344), (-0.0014488645, 0.018409709, 0.00021361782), (-0.0014324542, 0.018201062, 0.00012453344), (-0.0043109315, 0.0179564, 0.00021361782), (-0.0042620557, 0.01775287, 0.00012453344), (-0.007066864, 0.01706094, 0.00021361782), (-0.006986802, 0.016867567, 0.00012453344), (-0.009648749, 0.015745346, 0.00021361782), (-0.009539418, 0.015566964, 0.00012453344), (-0.011993075, 0.014042087, 0.00021361782), (-0.011857174, 0.0138829565, 0.00012453344), (-0.014042087, 0.011993075, 0.00021361782), (-0.0138829565, 0.011857174, 0.00012453344), (-0.015745346, 0.009648749, 0.00021361782), (-0.015566893, 0.009539418, 0.00012453344), (-0.01706094, 0.007066864, 0.00021361782), (-0.016867567, 0.006986802, 0.00012453344), (-0.0179564, 0.0043109315, 0.00021361782), (-0.01775287, 0.0042620557, 0.00012453344), (-0.018409709, 0.0014488645, 0.00021361782), (-0.018201062, 0.0014324542, 0.00012453344), (-0.018409709, -0.0014488645, 0.00021361782), (-0.018201062, -0.0014324542, 0.00012453344), (-0.0179564, -0.0043109315, 0.00021361782), (-0.01775287, -0.0042620557, 0.00012453344), (-0.01706094, -0.007066864, 0.00021361782), (-0.016867567, -0.006986802, 0.00012453344), (-0.015745346, -0.009648749, 0.00021361782), (-0.015566893, -0.009539418, 0.00012453344), (-0.014042087, -0.011993075, 0.00021361782), (-0.0138829565, -0.011857174, 0.00012453344), (-0.011993075, -0.014042087, 0.00021361782), (-0.011857174, -0.0138829565, 0.00012453344), (-0.009648749, -0.015745346, 0.00021361782), (-0.009539418, -0.015566964, 0.00012453344), (-0.007066864, -0.01706094, 0.00021361782), (-0.006986802, -0.016867567, 0.00012453344), (-0.0043109315, -0.0179564, 0.00021361782), (-0.0042620557, -0.01775287, 0.00012453344), (-0.0014488645, -0.018409709, 0.00021361782), (-0.0014324542, -0.018201062, 0.00012453344), (0.0014488645, -0.018409709, 0.00021361782), (0.0014324542, -0.018201062, 0.00012453344), (0.0043109315, -0.0179564, 0.00021361782), (0.0042620557, -0.01775287, 0.00012453344), (0.007066864, -0.01706094, 0.00021361782), (0.006986802, -0.016867567, 0.00012453344), (0.009648749, -0.015745346, 0.00021361782), (0.009539418, -0.015566964, 0.00012453344), (0.011993075, -0.014042087, 0.00021361782), (0.011857174, -0.0138829565, 0.00012453344), (0.014042087, -0.011993075, 0.00021361782), (0.0138829565, -0.011857174, 0.00012453344), (0.015745346, -0.009648749, 0.00021361782), (0.015566893, -0.009539418, 0.00012453344), (0.01706094, -0.007066864, 0.00021361782), (0.016867567, -0.006986802, 0.00012453344), (0.0179564, -0.0043109315, 0.00021361782), (0.01775287, -0.004262127, 0.00012453344), (0.018409709, -0.0014488645, 0.00021361782), (0.018201062, -0.0014324542, 0.00012453344), (0.018409709, 0.0014488645, 0.00021361782), (0.018229337, 0.002887215, 0.00014236453), (0.018456595, -0, 0.00014236453), (0.017553248, 0.00570339, 0.00014236453), (0.01644495, 0.0083791185, 0.00014236453), (0.014931652, 0.010848475, 0.00014236453), (0.013050792, 0.013050721, 0.00014236453), (0.010848475, 0.014931652, 0.00014236453), (0.0083791185, 0.01644495, 0.00014236453), (0.00570339, 0.017553248, 0.00014236453), (0.002887286, 0.018229337, 0.00014236453), (0, 0.018456595, 0.00014236453), (-0.002887215, 0.018229337, 0.00014236453), (-0.00570339, 0.017553248, 0.00014236453), (-0.0083791185, 0.01644495, 0.00014236453), (-0.010848475, 0.014931652, 0.00014236453), (-0.013050792, 0.013050792, 0.00014236453), (-0.014931652, 0.010848475, 0.00014236453), (-0.01644495, 0.0083791185, 0.00014236453), (-0.017553248, 0.00570339, 0.00014236453), (-0.018229337, 0.002887215, 0.00014236453), (-0.018456595, -0, 0.00014236453), (-0.018229337, -0.002887215, 0.00014236453), (-0.017553248, -0.00570339, 0.00014236453), (-0.01644495, -0.0083791185, 0.00014236453), (-0.014931652, -0.010848475, 0.00014236453), (-0.013050792, -0.013050792, 0.00014236453), (-0.010848475, -0.014931652, 0.00014236453), (-0.0083791185, -0.01644495, 0.00014236453), (-0.00570339, -0.017553248, 0.00014236453), (-0.002887215, -0.018229337, 0.00014236453), (0, -0.018456595, 0.00014236453), (0.002887215, -0.018229337, 0.00014236453), (0.00570339, -0.017553248, 0.00014236453), (0.0083791185, -0.01644495, 0.00014236453), (0.010848475, -0.014931652, 0.00014236453), (0.013050792, -0.013050792, 0.00014236453), (0.014931652, -0.010848475, 0.00014236453), (0.01644495, -0.0083791185, 0.00014236453), (0.017553248, -0.00570339, 0.00014236453), (0.018229337, -0.002887215, 0.00014236453), (0, -0.017912924, 0.0009566271), (-0.00280218, -0.017692344, 0.0009566271), (-0.0014186014, -0.018025452, 0.00095932663), (-0.00553538, -0.017036216, 0.0009566271), (-0.0042209947, -0.017581593, 0.00095932663), (-0.008132254, -0.015960526, 0.0009566271), (-0.006919385, -0.016704815, 0.00095932663), (-0.010528936, -0.014491842, 0.0009566271), (-0.009447421, -0.015416785, 0.00095932663), (-0.012666322, -0.012666322, 0.0009566271), (-0.0117428, -0.013749045, 0.00095932663), (-0.014491842, -0.010528936, 0.0009566271), (-0.013749045, -0.0117428, 0.00095932663), (-0.015960526, -0.008132325, 0.0009566271), (-0.015416785, -0.009447421, 0.00095932663), (-0.017036146, -0.00553538, 0.0009566271), (-0.016704815, -0.006919385, 0.00095932663), (-0.017692344, -0.00280218, 0.0009566271), (-0.017581593, -0.0042209947, 0.00095932663), (-0.017912924, -0, 0.0009566271), (-0.018025452, -0.0014186014, 0.00095932663), (-0.017692344, 0.00280218, 0.0009566271), (-0.018025452, 0.0014186014, 0.00095932663), (-0.017036146, 0.00553538, 0.0009566271), (-0.017581593, 0.0042209947, 0.00095932663), (-0.015960526, 0.008132254, 0.0009566271), (-0.016704815, 0.006919385, 0.00095932663), (-0.014491842, 0.010528936, 0.0009566271), (-0.015416785, 0.009447421, 0.00095932663), (-0.012666322, 0.012666322, 0.0009566271), (-0.013749045, 0.0117428, 0.00095932663), (-0.010528936, 0.014491842, 0.0009566271), (-0.0117428, 0.013749045, 0.00095932663), (-0.008132254, 0.015960526, 0.0009566271), (-0.009447421, 0.015416785, 0.00095932663), (-0.00553538, 0.017036216, 0.0009566271), (-0.006919385, 0.016704885, 0.00095932663), (-0.00280218, 0.017692344, 0.0009566271), (-0.0042209947, 0.017581593, 0.00095932663), (0, 0.017912924, 0.0009566271), (-0.0014186014, 0.018025452, 0.00095932663), (0.00280218, 0.017692344, 0.0009566271), (0.0014186724, 0.018025452, 0.00095932663), (0.00553538, 0.017036146, 0.0009566271), (0.0042209947, 0.017581593, 0.00095932663), (0.008132325, 0.015960526, 0.0009566271), (0.006919385, 0.016704815, 0.00095932663), (0.010528936, 0.014491842, 0.0009566271), (0.009447421, 0.015416785, 0.00095932663), (0.012666322, 0.012666322, 0.0009566271), (0.0117428, 0.013749045, 0.00095932663), (0.014491842, 0.010528936, 0.0009566271), (0.013749045, 0.0117428, 0.00095932663), (0.015960526, 0.008132254, 0.0009566271), (0.015416785, 0.009447421, 0.00095932663), (0.017036216, 0.00553538, 0.0009566271), (0.016704885, 0.006919385, 0.00095932663), (0.018038169, 0.002856952, 0.0008267656), (0.017581593, 0.0042209947, 0.00095932663), (0.01826301, -0, 0.0008267656), (0.018025452, 0.0014186014, 0.00095932663), (0.017692344, -0.00280218, 0.0009566271), (0.018025452, -0.0014186724, 0.00095932663), (0.017036146, -0.00553538, 0.0009566271), (0.017581593, -0.0042209947, 0.00095932663), (0.015960526, -0.008132325, 0.0009566271), (0.016704815, -0.006919385, 0.00095932663), (0.014491842, -0.010528936, 0.0009566271), (0.015416785, -0.009447421, 0.00095932663), (0.012666322, -0.012666322, 0.0009566271), (0.013749045, -0.0117428, 0.00095932663), (0.010528936, -0.014491842, 0.0009566271), (0.0117428, -0.013749045, 0.00095932663), (0.008132254, -0.015960526, 0.0009566271), (0.009447421, -0.015416785, 0.00095932663), (0.00553538, -0.017036216, 0.0009566271), (0.006919385, -0.016704815, 0.00095932663), (0.00280218, -0.017692344, 0.0009566271), (0.0042209947, -0.017581593, 0.00095932663), (0.0014186014, -0.018025452, 0.00095932663), (0.01795967, 0.004311713, 0.00037985184), (0.017064065, 0.0070681428, 0.00037985184), (0.015748259, 0.009650525, 0.00037985184), (0.014044715, 0.011995276, 0.00037985184), (0.011995276, 0.014044715, 0.00037985184), (0.009650525, 0.015748259, 0.00037985184), (0.0070681428, 0.017064065, 0.00037985184), (0.004311713, 0.01795967, 0.00037985184), (0.0014491486, 0.018413046, 0.00037985184), (-0.0014491486, 0.018413046, 0.00037985184), (-0.004311713, 0.01795967, 0.00037985184), (-0.0070681428, 0.017064065, 0.00037985184), (-0.009650525, 0.015748259, 0.00037985184), (-0.011995276, 0.014044715, 0.00037985184), (-0.014044715, 0.011995276, 0.00037985184), (-0.015748259, 0.009650525, 0.00037985184), (-0.017064065, 0.0070681428, 0.00037985184), (-0.01795967, 0.004311713, 0.00037985184), (-0.018413046, 0.0014491486, 0.00037985184), (-0.018413046, -0.0014491486, 0.00037985184), (-0.01795967, -0.004311713, 0.00037985184), (-0.017064065, -0.0070681428, 0.00037985184), (-0.015748259, -0.009650525, 0.00037985184), (-0.014044715, -0.011995276, 0.00037985184), (-0.011995276, -0.014044715, 0.00037985184), (-0.009650525, -0.015748259, 0.00037985184), (-0.0070681428, -0.017064065, 0.00037985184), (-0.004311713, -0.01795967, 0.00037985184), (-0.0014491486, -0.018413046, 0.00037985184), (0.0014491486, -0.018413046, 0.00037985184), (0.004311713, -0.01795967, 0.00037985184), (0.0070681428, -0.017064065, 0.00037985184), (0.009650525, -0.015748259, 0.00037985184), (0.011995276, -0.014044715, 0.00037985184), (0.014044715, -0.011995276, 0.00037985184), (0.015748259, -0.009650525, 0.00037985184), (0.017064065, -0.0070681428, 0.00037985184), (0.01795967, -0.004311713, 0.00037985184), (0.018413046, -0.0014491486, 0.00037985184), (0.018413046, 0.0014491486, 0.00037985184), (0.01775834, 0.0042634057, 0.0008267656), (0.016872754, 0.0069889333, 0.0008267656), (0.015571724, 0.00954233, 0.0008267656), (0.013887219, 0.011860798, 0.0008267656), (0.011860798, 0.013887219, 0.0008267656), (0.00954233, 0.015571653, 0.0008267656), (0.0069889333, 0.016872682, 0.0008267656), (0.0042634057, 0.017758269, 0.0008267656), (0.0014328804, 0.018206604, 0.0008267656), (-0.0014328804, 0.018206604, 0.0008267656), (-0.0042634057, 0.017758269, 0.0008267656), (-0.0069889333, 0.016872754, 0.0008267656), (-0.00954233, 0.015571653, 0.0008267656), (-0.011860798, 0.013887219, 0.0008267656), (-0.013887219, 0.011860798, 0.0008267656), (-0.015571653, 0.00954233, 0.0008267656), (-0.016872682, 0.0069889333, 0.0008267656), (-0.017758269, 0.0042634057, 0.0008267656), (-0.018206604, 0.0014328804, 0.0008267656), (-0.018206604, -0.0014328804, 0.0008267656), (-0.017758269, -0.0042634057, 0.0008267656), (-0.016872682, -0.0069889333, 0.0008267656), (-0.015571653, -0.00954233, 0.0008267656), (-0.013887219, -0.011860798, 0.0008267656), (-0.011860798, -0.013887219, 0.0008267656), (-0.00954233, -0.015571653, 0.0008267656), (-0.0069889333, -0.016872754, 0.0008267656), (-0.0042634057, -0.017758269, 0.0008267656), (-0.0014328804, -0.018206604, 0.0008267656), (0.0014328804, -0.018206604, 0.0008267656), (0.0042634057, -0.017758269, 0.0008267656), (0.0069889333, -0.016872754, 0.0008267656), (0.00954233, -0.015571653, 0.0008267656), (0.011860798, -0.013887219, 0.0008267656), (0.013887219, -0.011860798, 0.0008267656), (0.015571653, -0.00954233, 0.0008267656), (0.016872682, -0.0069889333, 0.0008267656), (0.017758269, -0.0042634057, 0.0008267656), (0.018206604, -0.0014328804, 0.0008267656), (0.018206604, 0.0014328804, 0.0008267656), (0.01724266, 0.0041395826, 0.0007077733), (0.01638279, 0.006785971, 0.0007077733), (0.015119553, 0.009265274, 0.0007077733), (0.013483995, 0.011516395, 0.0007077733), (0.011516395, 0.013483995, 0.0007077733), (0.009265274, 0.015119553, 0.0007077733), (0.006785971, 0.01638279, 0.0007077733), (0.0041395826, 0.01724266, 0.0007077733), (0.001391322, 0.017677924, 0.0007077733), (-0.0013912509, 0.017677924, 0.0007077733), (-0.0041395826, 0.01724266, 0.0007077733), (-0.006785971, 0.01638279, 0.0007077733), (-0.009265274, 0.015119553, 0.0007077733), (-0.011516395, 0.013483995, 0.0007077733), (-0.013483995, 0.011516395, 0.0007077733), (-0.015119553, 0.009265274, 0.0007077733), (-0.01638279, 0.006785971, 0.0007077733), (-0.01724266, 0.0041395826, 0.0007077733), (-0.017677924, 0.0013912509, 0.0007077733), (-0.017677924, -0.0013912509, 0.0007077733), (-0.01724266, -0.0041395826, 0.0007077733), (-0.01638279, -0.006785971, 0.0007077733), (-0.015119553, -0.009265274, 0.0007077733), (-0.013483995, -0.011516395, 0.0007077733), (-0.011516395, -0.013483995, 0.0007077733), (-0.009265274, -0.015119553, 0.0007077733), (-0.006785971, -0.01638279, 0.0007077733), (-0.0041395826, -0.01724266, 0.0007077733), (-0.0013912509, -0.017677924, 0.0007077733), (0.001391322, -0.017677924, 0.0007077733), (0.0041395826, -0.01724266, 0.0007077733), (0.006785971, -0.01638279, 0.0007077733), (0.009265274, -0.015119553, 0.0007077733), (0.011516395, -0.013483995, 0.0007077733), (0.013483995, -0.011516395, 0.0007077733), (0.015119553, -0.009265274, 0.0007077733), (0.01638279, -0.006785971, 0.0007077733), (0.01724266, -0.0041395826, 0.0007077733), (0.017677924, -0.001391322, 0.0007077733), (0.017677924, 0.0013912509, 0.0007077733), (0.017198188, 0.0041289264, 0.0001186371), (0.016340591, 0.0067684953, 0.0001186371), (0.015080552, 0.009241404, 0.0001186371), (0.013449256, 0.0114867, 0.0001186371), (0.0114867, 0.0134491855, 0.0001186371), (0.009241404, 0.015080552, 0.0001186371), (0.0067684953, 0.016340591, 0.0001186371), (0.0041289264, 0.017198188, 0.0001186371), (0.0013876989, 0.017632386, 0.0001186371), (-0.0013876989, 0.017632386, 0.0001186371), (-0.0041289264, 0.017198188, 0.0001186371), (-0.0067684953, 0.016340591, 0.0001186371), (-0.009241404, 0.015080552, 0.0001186371), (-0.0114867, 0.0134491855, 0.0001186371), (-0.0134491855, 0.0114867, 0.0001186371), (-0.015080552, 0.009241404, 0.0001186371), (-0.01634052, 0.0067684953, 0.0001186371), (-0.017198188, 0.0041289264, 0.0001186371), (-0.017632386, 0.0013876989, 0.0001186371), (-0.017632386, -0.0013876989, 0.0001186371), (-0.017198188, -0.0041289264, 0.0001186371), (-0.01634052, -0.0067684953, 0.0001186371), (-0.015080552, -0.009241404, 0.0001186371), (-0.0134491855, -0.0114867, 0.0001186371), (-0.0114867, -0.0134491855, 0.0001186371), (-0.009241404, -0.015080552, 0.0001186371), (-0.0067684953, -0.016340591, 0.0001186371), (-0.0041289264, -0.017198188, 0.0001186371), (-0.0013876989, -0.017632386, 0.0001186371), (0.0013876989, -0.017632386, 0.0001186371), (0.0041289264, -0.017198188, 0.0001186371), (0.0067684953, -0.016340591, 0.0001186371), (0.009241404, -0.015080552, 0.0001186371), (0.0114867, -0.0134491855, 0.0001186371), (0.0134491855, -0.0114867, 0.0001186371), (0.015080552, -0.009241404, 0.0001186371), (0.016340591, -0.0067684953, 0.0001186371), (0.017198188, -0.0041289264, 0.0001186371), (0.017632386, -0.0013876989, 0.0001186371), (0.017632386, 0.0013876989, 0.0001186371), (0.01563985, 0.0037547578, 0.0001186371), (0.0148599725, 0.0061552054, 0.0001186371), (0.013714094, 0.008403982, 0.0001186371), (0.012230562, 0.01044589, 0.0001186371), (0.01044589, 0.012230562, 0.0001186371), (0.008404054, 0.013714094, 0.0001186371), (0.0061552054, 0.014859901, 0.0001186371), (0.0037548288, 0.01563985, 0.0001186371), (0.0012619578, 0.016034693, 0.0001186371), (-0.0012619578, 0.016034693, 0.0001186371), (-0.0037548288, 0.01563985, 0.0001186371), (-0.0061552054, 0.0148599725, 0.0001186371), (-0.008403982, 0.013714094, 0.0001186371), (-0.01044589, 0.012230562, 0.0001186371), (-0.012230562, 0.01044589, 0.0001186371), (-0.013714094, 0.008403982, 0.0001186371), (-0.014859901, 0.0061552054, 0.0001186371), (-0.01563985, 0.0037548288, 0.0001186371), (-0.016034693, 0.0012619578, 0.0001186371), (-0.016034693, -0.0012619578, 0.0001186371), (-0.01563985, -0.0037548288, 0.0001186371), (-0.014859901, -0.0061552054, 0.0001186371), (-0.013714094, -0.008403982, 0.0001186371), (-0.012230562, -0.01044589, 0.0001186371), (-0.01044589, -0.012230562, 0.0001186371), (-0.008403982, -0.013714094, 0.0001186371), (-0.0061552054, -0.014859901, 0.0001186371), (-0.0037548288, -0.01563985, 0.0001186371), (-0.0012619578, -0.016034693, 0.0001186371), (0.0012619578, -0.016034693, 0.0001186371), (0.0037548288, -0.01563985, 0.0001186371), (0.0061552054, -0.014859901, 0.0001186371), (0.008403982, -0.013714094, 0.0001186371), (0.01044589, -0.012230562, 0.0001186371), (0.012230562, -0.01044589, 0.0001186371), (0.013714094, -0.008403982, 0.0001186371), (0.014859901, -0.0061552054, 0.0001186371), (0.01563985, -0.0037548288, 0.0001186371), (0.016034693, -0.0012619578, 0.0001186371), (0.016034693, 0.0012619578, 0.0001186371), (0.017950576, 0.0043095103, 0.00061009306), (0.017055398, 0.0070645907, 0.00061009306), (0.01840374, 0.0014483673, 0.00061009306), (0.01840374, -0.0014484383, 0.00061009306), (0.015740301, 0.009645623, 0.00061009306), (0.014037611, 0.011989239, 0.00061009306), (0.011989239, 0.01403754, 0.00061009306), (0.009645694, 0.01574023, 0.00061009306), (0.0070645907, 0.017055398, 0.00061009306), (0.0043095816, 0.017950576, 0.00061009306), (0.0014484383, 0.01840374, 0.00061009306), (-0.0014483673, 0.01840374, 0.00061009306), (-0.0043095103, 0.017950576, 0.00061009306), (-0.0070645907, 0.017055398, 0.00061009306), (-0.009645623, 0.015740301, 0.00061009306), (-0.011989239, 0.01403754, 0.00061009306), (-0.01403754, 0.011989239, 0.00061009306), (-0.01574023, 0.009645623, 0.00061009306), (-0.017055398, 0.0070645907, 0.00061009306), (-0.017950576, 0.0043095816, 0.00061009306), (-0.01840374, 0.0014484383, 0.00061009306), (-0.01840374, -0.0014484383, 0.00061009306), (-0.017950576, -0.0043095816, 0.00061009306), (-0.017055398, -0.0070645907, 0.00061009306), (-0.01574023, -0.009645623, 0.00061009306), (-0.01403754, -0.011989239, 0.00061009306), (-0.011989239, -0.01403754, 0.00061009306), (-0.009645623, -0.015740301, 0.00061009306), (-0.0070645907, -0.017055398, 0.00061009306), (-0.0043095103, -0.017950576, 0.00061009306), (-0.0014483673, -0.01840374, 0.00061009306), (0.0014484383, -0.01840374, 0.00061009306), (0.0043095816, -0.017950576, 0.00061009306), (0.0070645907, -0.017055398, 0.00061009306), (0.009645623, -0.015740301, 0.00061009306), (0.011989239, -0.01403754, 0.00061009306), (0.01403754, -0.011989239, 0.00061009306), (0.015740301, -0.009645623, 0.00061009306), (0.017055398, -0.0070645907, 0.00061009306), (0.017950576, -0.0043095816, 0.00061009306), (0.016391315, 0.006789523, 0.0008701712), (0.017251682, 0.0041417135, 0.0008701712), (0.015127438, 0.009270105, 0.0008701712), (0.017687159, 0.0013920324, 0.0008701712), (0.013491028, 0.011522434, 0.0008701712), (0.011522434, 0.013491028, 0.0008701712), (0.009270105, 0.015127438, 0.0008701712), (0.006789523, 0.016391315, 0.0008701712), (0.0041417847, 0.01725161, 0.0008701712), (0.0013920324, 0.017687159, 0.0008701712), (-0.0013920324, 0.017687159, 0.0008701712), (-0.0041417135, 0.017251682, 0.0008701712), (-0.006789523, 0.016391315, 0.0008701712), (-0.009270105, 0.015127438, 0.0008701712), (-0.011522434, 0.013491028, 0.0008701712), (-0.013491028, 0.011522434, 0.0008701712), (-0.015127438, 0.009270105, 0.0008701712), (-0.016391315, 0.006789523, 0.0008701712), (-0.01725161, 0.0041417847, 0.0008701712), (-0.017687159, 0.0013920324, 0.0008701712), (-0.017687159, -0.0013920324, 0.0008701712), (-0.01725161, -0.0041417847, 0.0008701712), (-0.016391315, -0.006789523, 0.0008701712), (-0.015127438, -0.009270105, 0.0008701712), (-0.013491028, -0.011522434, 0.0008701712), (-0.011522434, -0.013491028, 0.0008701712), (-0.009270105, -0.015127438, 0.0008701712), (-0.006789523, -0.016391315, 0.0008701712), (-0.0041417847, -0.017251682, 0.0008701712), (-0.0013920324, -0.017687159, 0.0008701712), (0.0013920324, -0.017687159, 0.0008701712), (0.0041417847, -0.017251682, 0.0008701712), (0.006789523, -0.016391315, 0.0008701712), (0.009270105, -0.015127438, 0.0008701712), (0.011522434, -0.013491028, 0.0008701712), (0.013491028, -0.011522434, 0.0008701712), (0.015127438, -0.009270105, 0.0008701712), (0.016391315, -0.006789523, 0.0008701712), (0.01725161, -0.0041417847, 0.0008701712), (0.017687159, -0.0013920324, 0.0008701712), (0.01839962, 0.0014480831, 0.00014236453), (0.017946526, 0.004308587, 0.00014236453), (0.01705156, 0.007062957, 0.00014236453), (0.01573675, 0.009643491, 0.00014236453), (0.014034414, 0.011986539, 0.00014236453), (0.011986539, 0.014034414, 0.00014236453), (0.009643491, 0.01573675, 0.00014236453), (0.007063028, 0.01705156, 0.00014236453), (0.004308587, 0.017946526, 0.00014236453), (0.0014480831, 0.01839955, 0.00014236453), (-0.0014480831, 0.01839955, 0.00014236453), (-0.004308587, 0.017946526, 0.00014236453), (-0.007062957, 0.01705156, 0.00014236453), (-0.009643491, 0.01573675, 0.00014236453), (-0.011986539, 0.014034414, 0.00014236453), (-0.014034414, 0.011986539, 0.00014236453), (-0.01573675, 0.009643491, 0.00014236453), (-0.01705156, 0.007062957, 0.00014236453), (-0.017946526, 0.004308587, 0.00014236453), (-0.01839955, 0.0014480831, 0.00014236453), (-0.01839955, -0.0014480831, 0.00014236453), (-0.017946526, -0.004308587, 0.00014236453), (-0.01705156, -0.007062957, 0.00014236453), (-0.01573675, -0.009643491, 0.00014236453), (-0.014034414, -0.011986539, 0.00014236453), (-0.011986539, -0.014034414, 0.00014236453), (-0.009643491, -0.01573675, 0.00014236453), (-0.007062957, -0.01705156, 0.00014236453), (-0.004308587, -0.017946526, 0.00014236453), (-0.0014480831, -0.01839955, 0.00014236453), (0.0014480831, -0.01839955, 0.00014236453), (0.004308587, -0.017946526, 0.00014236453), (0.007062957, -0.01705156, 0.00014236453), (0.009643491, -0.01573675, 0.00014236453), (0.011986539, -0.014034414, 0.00014236453), (0.014034414, -0.011986539, 0.00014236453), (0.01573675, -0.009643491, 0.00014236453), (0.01705156, -0.007062957, 0.00014236453), (0.017946526, -0.004308587, 0.00014236453), (0.01839955, -0.0014480831, 0.00014236453), (-0.0014053879, -0.017857583, 0.0009566271), (-0.0041816384, -0.017417915, 0.0009566271), (-0.0068549514, -0.016549308, 0.0009566271), (-0.009359402, -0.015273212, 0.0009566271), (-0.011633469, -0.013621031, 0.0009566271), (-0.013621031, -0.011633469, 0.0009566271), (-0.015273212, -0.009359402, 0.0009566271), (-0.016549308, -0.0068549514, 0.0009566271), (-0.017417915, -0.0041816384, 0.0009566271), (-0.017857583, -0.001405459, 0.0009566271), (-0.017857583, 0.0014053879, 0.0009566271), (-0.017417915, 0.0041816384, 0.0009566271), (-0.016549308, 0.0068549514, 0.0009566271), (-0.015273212, 0.009359402, 0.0009566271), (-0.013621031, 0.011633469, 0.0009566271), (-0.011633469, 0.013621031, 0.0009566271), (-0.009359402, 0.015273212, 0.0009566271), (-0.0068549514, 0.016549308, 0.0009566271), (-0.0041816384, 0.017417915, 0.0009566271), (-0.0014053879, 0.017857583, 0.0009566271), (0.001405459, 0.017857583, 0.0009566271), (0.0041816384, 0.017417915, 0.0009566271), (0.0068549514, 0.016549308, 0.0009566271), (0.009359402, 0.015273212, 0.0009566271), (0.011633469, 0.013621031, 0.0009566271), (0.013621031, 0.011633469, 0.0009566271), (0.015273212, 0.009359402, 0.0009566271), (0.016549308, 0.0068549514, 0.0009566271), (0.017417915, 0.0041816384, 0.0009566271), (0.017857583, 0.0014053879, 0.0009566271), (0.017857583, -0.001405459, 0.0009566271), (0.017417844, -0.0041816384, 0.0009566271), (0.016549308, -0.0068549514, 0.0009566271), (0.015273212, -0.009359402, 0.0009566271), (0.013621031, -0.011633469, 0.0009566271), (0.011633469, -0.013621031, 0.0009566271), (0.009359402, -0.015273212, 0.0009566271), (0.0068549514, -0.016549308, 0.0009566271), (0.0041816384, -0.017417915, 0.0009566271), (0.001405459, -0.017857583, 0.0009566271)]
        uniform token subdivisionScheme = "none"
    }

    def Mesh "body" (
        prepend apiSchemas = ["MaterialBindingAPI"]
    )
    {
        float3[] extent = [(-0.017950432, -0.017904116, 0.00036038685), (0.017950432, 0.01799668, 0.027629444)]
        int[] faceVertexCounts = [4, 4, 4, 4, 4, 4, 4, 4, 4, 4, 4, 4, 4, 4, 4, 4, 4, 4, 4, 4, 4, 4, 4, 4, 4, 4, 4, 4, 4, 4, 4, 4, 4, 4, 4, 4, 4, 4, 4, 4, 3, 3, 3, 3, 3, 3, 3, 3, 3, 3, 3, 3, 3, 3, 3, 3, 3, 3, 3, 3, 3, 3, 3, 3, 3, 3, 3, 3, 3, 3, 3, 3, 3, 3, 3, 3, 3, 3, 3, 3, 4, 4, 4, 4, 4, 4, 4, 4, 4, 4, 4, 4, 4, 4, 4, 4, 4, 4, 4, 4, 4, 4, 4, 4, 4, 4, 4, 4, 4, 4, 4, 4, 4, 4, 4, 4, 4, 4, 4, 4, 4, 4, 4, 4, 4, 4, 4, 4, 4, 4, 4, 4, 4, 4, 4, 4, 4, 4, 4, 4, 4, 4, 4, 4, 4, 4, 4, 4, 4, 4, 4, 4, 4, 4, 4, 4, 4, 4, 4, 4, 4, 4, 4, 4, 4, 4, 4, 4, 4, 4, 4, 4, 4, 4, 4, 4, 4, 4, 4, 4, 4, 4, 4, 4, 4, 4, 4, 4, 4, 4, 4, 4, 4, 4, 4, 4, 4, 4, 4, 4, 4, 4, 4, 4, 4, 4, 4, 4, 4, 4, 4, 4, 4, 4, 4, 4, 4, 4, 4, 4, 4, 4, 4, 4, 4, 4, 4, 4, 4, 4, 4, 4, 4, 4, 4, 4, 4, 4, 4, 4, 4, 4, 4, 4, 4, 4, 4, 4, 4, 4, 4, 4, 4, 4, 4, 4, 4, 4, 4, 4, 4, 4, 4, 4, 4, 4, 4, 4, 4, 4, 4, 4, 4, 4, 4, 4, 4, 4, 4, 4, 4, 4, 4, 4, 4, 4, 4, 4, 4, 4, 4, 4, 4, 4, 4, 4, 4, 4, 4, 4, 4, 4, 4, 4, 4, 4, 4, 4, 4, 4, 4, 4, 4, 4, 4, 4, 4, 4, 4, 4, 4, 4, 4, 4, 4, 4, 4, 4, 4, 4, 4, 4, 4, 4, 4, 4, 4, 4, 4, 4, 4, 4, 4, 4, 4, 4, 4, 4, 4, 4, 4, 4, 4, 4, 4, 4, 4, 4, 4, 4, 4, 4, 4, 4, 4, 4, 4, 4, 4, 4, 4, 4, 4, 4, 4, 4, 4, 4, 4, 4, 4, 4, 4, 4, 4, 4, 4, 4, 4, 4, 4, 4, 4, 4, 4, 4, 4, 4, 4, 4, 4, 4, 4, 4, 4, 4, 4, 4, 4, 4, 4, 4, 4, 4, 4, 4, 4, 4, 4, 4, 4, 4, 4, 4, 4, 4, 4, 4, 4, 4, 4, 4, 4, 4, 4, 4, 4, 4, 4, 4, 4, 4, 4, 4, 4, 4, 4, 4, 4, 4, 4, 4, 4, 4, 4, 4, 4, 4, 4, 4, 4, 4, 4, 4, 4, 4, 4, 4, 4, 4, 4, 4, 4, 4, 4, 4, 4, 4, 4, 4, 4, 4, 4, 4, 4, 4, 4, 4, 4, 4, 4, 4, 4, 4, 4, 4, 4, 4, 4, 4, 4, 4, 4, 4, 4, 4, 4, 4, 4, 4, 4, 4, 4, 4, 4, 4, 4, 4, 4, 4]
        int[] faceVertexIndices = [44, 48, 365, 361, 48, 52, 369, 365, 52, 56, 373, 369, 56, 60, 377, 373, 60, 64, 381, 377, 64, 68, 385, 381, 68, 72, 389, 385, 72, 76, 393, 389, 76, 80, 397, 393, 80, 84, 401, 397, 84, 88, 405, 401, 88, 92, 409, 405, 92, 96, 413, 409, 96, 100, 417, 413, 100, 104, 421, 417, 104, 108, 425, 421, 108, 112, 429, 425, 112, 116, 433, 429, 116, 120, 437, 433, 120, 124, 441, 437, 124, 128, 445, 441, 128, 132, 449, 445, 132, 136, 453, 449, 136, 140, 457, 453, 140, 144, 461, 457, 144, 148, 465, 461, 148, 152, 469, 465, 152, 156, 473, 469, 156, 160, 477, 473, 160, 164, 481, 477, 164, 168, 485, 481, 168, 172, 489, 485, 172, 176, 493, 489, 176, 180, 497, 493, 180, 184, 501, 497, 184, 188, 505, 501, 188, 192, 509, 505, 192, 196, 513, 509, 196, 200, 517, 513, 200, 44, 361, 517, 204, 208, 0, 208, 212, 0, 212, 216, 0, 216, 220, 0, 220, 224, 0, 224, 228, 0, 228, 232, 0, 232, 236, 0, 236, 240, 0, 240, 244, 0, 244, 248, 0, 248, 252, 0, 252, 256, 0, 256, 260, 0, 260, 264, 0, 264, 268, 0, 268, 272, 0, 272, 276, 0, 276, 280, 0, 280, 284, 0, 284, 288, 0, 288, 292, 0, 292, 296, 0, 296, 300, 0, 300, 304, 0, 304, 308, 0, 308, 312, 0, 312, 316, 0, 316, 320, 0, 320, 324, 0, 324, 328, 0, 328, 332, 0, 332, 336, 0, 336, 340, 0, 340, 344, 0, 344, 348, 0, 348, 352, 0, 352, 356, 0, 356, 360, 0, 360, 204, 0, 364, 368, 205, 201, 368, 372, 209, 205, 372, 376, 213, 209, 376, 380, 217, 213, 380, 384, 221, 217, 384, 388, 225, 221, 388, 392, 229, 225, 392, 396, 233, 229, 396, 400, 237, 233, 400, 404, 241, 237, 404, 408, 245, 241, 408, 412, 249, 245, 412, 416, 253, 249, 416, 420, 257, 253, 420, 424, 261, 257, 424, 428, 265, 261, 428, 432, 269, 265, 432, 436, 273, 269, 436, 440, 277, 273, 440, 444, 281, 277, 444, 448, 285, 281, 448, 452, 289, 285, 452, 456, 293, 289, 456, 460, 297, 293, 460, 464, 301, 297, 464, 468, 305, 301, 468, 472, 309, 305, 472, 476, 313, 309, 476, 480, 317, 313, 480, 484, 321, 317, 484, 488, 325, 321, 488, 492, 329, 325, 492, 496, 333, 329, 496, 500, 337, 333, 500, 504, 341, 337, 504, 508, 345, 341, 508, 512, 349, 345, 512, 516, 353, 349, 516, 520, 357, 353, 520, 364, 201, 357, 45, 41, 1, 2, 49, 45, 2, 3, 53, 49, 3, 4, 57, 53, 4, 5, 61, 57, 5, 6, 65, 61, 6, 7, 69, 65, 7, 8, 73, 69, 8, 9, 77, 73, 9, 10, 81, 77, 10, 11, 85, 81, 11, 12, 89, 85, 12, 13, 93, 89, 13, 14, 97, 93, 14, 15, 101, 97, 15, 16, 105, 101, 16, 17, 109, 105, 17, 18, 113, 109, 18, 19, 117, 113, 19, 20, 121, 117, 20, 21, 125, 121, 21, 22, 129, 125, 22, 23, 133, 129, 23, 24, 137, 133, 24, 25, 141, 137, 25, 26, 145, 141, 26, 27, 149, 145, 27, 28, 153, 149, 28, 29, 157, 153, 29, 30, 161, 157, 30, 31, 165, 161, 31, 32, 169, 165, 32, 33, 173, 169, 33, 34, 177, 173, 34, 35, 181, 177, 35, 36, 185, 181, 36, 37, 189, 185, 37, 38, 193, 189, 38, 39, 197, 193, 39, 40, 41, 197, 40, 1, 44, 43, 47, 48, 43, 42, 46, 47, 42, 41, 45, 46, 41, 42, 198, 197, 42, 43, 199, 198, 43, 44, 200, 199, 48, 47, 51, 52, 47, 46, 50, 51, 46, 45, 49, 50, 52, 51, 55, 56, 51, 50, 54, 55, 50, 49, 53, 54, 56, 55, 59, 60, 55, 54, 58, 59, 54, 53, 57, 58, 60, 59, 63, 64, 59, 58, 62, 63, 58, 57, 61, 62, 64, 63, 67, 68, 63, 62, 66, 67, 62, 61, 65, 66, 68, 67, 71, 72, 67, 66, 70, 71, 66, 65, 69, 70, 72, 71, 75, 76, 71, 70, 74, 75, 70, 69, 73, 74, 76, 75, 79, 80, 75, 74, 78, 79, 74, 73, 77, 78, 80, 79, 83, 84, 79, 78, 82, 83, 78, 77, 81, 82, 84, 83, 87, 88, 83, 82, 86, 87, 82, 81, 85, 86, 88, 87, 91, 92, 87, 86, 90, 91, 86, 85, 89, 90, 92, 91, 95, 96, 91, 90, 94, 95, 90, 89, 93, 94, 96, 95, 99, 100, 95, 94, 98, 99, 94, 93, 97, 98, 100, 99, 103, 104, 99, 98, 102, 103, 98, 97, 101, 102, 104, 103, 107, 108, 103, 102, 106, 107, 102, 101, 105, 106, 108, 107, 111, 112, 107, 106, 110, 111, 106, 105, 109, 110, 112, 111, 115, 116, 111, 110, 114, 115, 110, 109, 113, 114, 116, 115, 119, 120, 115, 114, 118, 119, 114, 113, 117, 118, 120, 119, 123, 124, 119, 118, 122, 123, 118, 117, 121, 122, 124, 123, 127, 128, 123, 122, 126, 127, 122, 121, 125, 126, 128, 127, 131, 132, 127, 126, 130, 131, 126, 125, 129, 130, 132, 131, 135, 136, 131, 130, 134, 135, 130, 129, 133, 134, 136, 135, 139, 140, 135, 134, 138, 139, 134, 133, 137, 138, 140, 139, 143, 144, 139, 138, 142, 143, 138, 137, 141, 142, 144, 143, 147, 148, 143, 142, 146, 147, 142, 141, 145, 146, 148, 147, 151, 152, 147, 146, 150, 151, 146, 145, 149, 150, 152, 151, 155, 156, 151, 150, 154, 155, 150, 149, 153, 154, 156, 155, 159, 160, 155, 154, 158, 159, 154, 153, 157, 158, 160, 159, 163, 164, 159, 158, 162, 163, 158, 157, 161, 162, 164, 163, 167, 168, 163, 162, 166, 167, 162, 161, 165, 166, 168, 167, 171, 172, 167, 166, 170, 171, 166, 165, 169, 170, 172, 171, 175, 176, 171, 170, 174, 175, 170, 169, 173, 174, 176, 175, 179, 180, 175, 174, 178, 179, 174, 173, 177, 178, 180, 179, 183, 184, 179, 178, 182, 183, 178, 177, 181, 182, 184, 183, 187, 188, 183, 182, 186, 187, 182, 181, 185, 186, 188, 187, 191, 192, 187, 186, 190, 191, 186, 185, 189, 190, 192, 191, 195, 196, 191, 190, 194, 195, 190, 189, 193, 194, 196, 195, 199, 200, 195, 194, 198, 199, 194, 193, 197, 198, 204, 203, 207, 208, 203, 202, 206, 207, 202, 201, 205, 206, 201, 202, 358, 357, 202, 203, 359, 358, 203, 204, 360, 359, 208, 207, 211, 212, 207, 206, 210, 211, 206, 205, 209, 210, 212, 211, 215, 216, 211, 210, 214, 215, 210, 209, 213, 214, 216, 215, 219, 220, 215, 214, 218, 219, 214, 213, 217, 218, 220, 219, 223, 224, 219, 218, 222, 223, 218, 217, 221, 222, 224, 223, 227, 228, 223, 222, 226, 227, 222, 221, 225, 226, 228, 227, 231, 232, 227, 226, 230, 231, 226, 225, 229, 230, 232, 231, 235, 236, 231, 230, 234, 235, 230, 229, 233, 234, 236, 235, 239, 240, 235, 234, 238, 239, 234, 233, 237, 238, 240, 239, 243, 244, 239, 238, 242, 243, 238, 237, 241, 242, 244, 243, 247, 248, 243, 242, 246, 247, 242, 241, 245, 246, 248, 247, 251, 252, 247, 246, 250, 251, 246, 245, 249, 250, 252, 251, 255, 256, 251, 250, 254, 255, 250, 249, 253, 254, 256, 255, 259, 260, 255, 254, 258, 259, 254, 253, 257, 258, 260, 259, 263, 264, 259, 258, 262, 263, 258, 257, 261, 262, 264, 263, 267, 268, 263, 262, 266, 267, 262, 261, 265, 266, 268, 267, 271, 272, 267, 266, 270, 271, 266, 265, 269, 270, 272, 271, 275, 276, 271, 270, 274, 275, 270, 269, 273, 274, 276, 275, 279, 280, 275, 274, 278, 279, 274, 273, 277, 278, 280, 279, 283, 284, 279, 278, 282, 283, 278, 277, 281, 282, 284, 283, 287, 288, 283, 282, 286, 287, 282, 281, 285, 286, 288, 287, 291, 292, 287, 286, 290, 291, 286, 285, 289, 290, 292, 291, 295, 296, 291, 290, 294, 295, 290, 289, 293, 294, 296, 295, 299, 300, 295, 294, 298, 299, 294, 293, 297, 298, 300, 299, 303, 304, 299, 298, 302, 303, 298, 297, 301, 302, 304, 303, 307, 308, 303, 302, 306, 307, 302, 301, 305, 306, 308, 307, 311, 312, 307, 306, 310, 311, 306, 305, 309, 310, 312, 311, 315, 316, 311, 310, 314, 315, 310, 309, 313, 314, 316, 315, 319, 320, 315, 314, 318, 319, 314, 313, 317, 318, 320, 319, 323, 324, 319, 318, 322, 323, 318, 317, 321, 322, 324, 323, 327, 328, 323, 322, 326, 327, 322, 321, 325, 326, 328, 327, 331, 332, 327, 326, 330, 331, 326, 325, 329, 330, 332, 331, 335, 336, 331, 330, 334, 335, 330, 329, 333, 334, 336, 335, 339, 340, 335, 334, 338, 339, 334, 333, 337, 338, 340, 339, 343, 344, 339, 338, 342, 343, 338, 337, 341, 342, 344, 343, 347, 348, 343, 342, 346, 347, 342, 341, 345, 346, 348, 347, 351, 352, 347, 346, 350, 351, 346, 345, 349, 350, 352, 351, 355, 356, 351, 350, 354, 355, 350, 349, 353, 354, 356, 355, 359, 360, 355, 354, 358, 359, 354, 353, 357, 358, 364, 363, 367, 368, 363, 362, 366, 367, 362, 361, 365, 366, 361, 362, 518, 517, 362, 363, 519, 518, 363, 364, 520, 519, 368, 367, 371, 372, 367, 366, 370, 371, 366, 365, 369, 370, 372, 371, 375, 376, 371, 370, 374, 375, 370, 369, 373, 374, 376, 375, 379, 380, 375, 374, 378, 379, 374, 373, 377, 378, 380, 379, 383, 384, 379, 378, 382, 383, 378, 377, 381, 382, 384, 383, 387, 388, 383, 382, 386, 387, 382, 381, 385, 386, 388, 387, 391, 392, 387, 386, 390, 391, 386, 385, 389, 390, 392, 391, 395, 396, 391, 390, 394, 395, 390, 389, 393, 394, 396, 395, 399, 400, 395, 394, 398, 399, 394, 393, 397, 398, 400, 399, 403, 404, 399, 398, 402, 403, 398, 397, 401, 402, 404, 403, 407, 408, 403, 402, 406, 407, 402, 401, 405, 406, 408, 407, 411, 412, 407, 406, 410, 411, 406, 405, 409, 410, 412, 411, 415, 416, 411, 410, 414, 415, 410, 409, 413, 414, 416, 415, 419, 420, 415, 414, 418, 419, 414, 413, 417, 418, 420, 419, 423, 424, 419, 418, 422, 423, 418, 417, 421, 422, 424, 423, 427, 428, 423, 422, 426, 427, 422, 421, 425, 426, 428, 427, 431, 432, 427, 426, 430, 431, 426, 425, 429, 430, 432, 431, 435, 436, 431, 430, 434, 435, 430, 429, 433, 434, 436, 435, 439, 440, 435, 434, 438, 439, 434, 433, 437, 438, 440, 439, 443, 444, 439, 438, 442, 443, 438, 437, 441, 442, 444, 443, 447, 448, 443, 442, 446, 447, 442, 441, 445, 446, 448, 447, 451, 452, 447, 446, 450, 451, 446, 445, 449, 450, 452, 451, 455, 456, 451, 450, 454, 455, 450, 449, 453, 454, 456, 455, 459, 460, 455, 454, 458, 459, 454, 453, 457, 458, 460, 459, 463, 464, 459, 458, 462, 463, 458, 457, 461, 462, 464, 463, 467, 468, 463, 462, 466, 467, 462, 461, 465, 466, 468, 467, 471, 472, 467, 466, 470, 471, 466, 465, 469, 470, 472, 471, 475, 476, 471, 470, 474, 475, 470, 469, 473, 474, 476, 475, 479, 480, 475, 474, 478, 479, 474, 473, 477, 478, 480, 479, 483, 484, 479, 478, 482, 483, 478, 477, 481, 482, 484, 483, 487, 488, 483, 482, 486, 487, 482, 481, 485, 486, 488, 487, 491, 492, 487, 486, 490, 491, 486, 485, 489, 490, 492, 491, 495, 496, 491, 490, 494, 495, 490, 489, 493, 494, 496, 495, 499, 500, 495, 494, 498, 499, 494, 493, 497, 498, 500, 499, 503, 504, 499, 498, 502, 503, 498, 497, 501, 502, 504, 503, 507, 508, 503, 502, 506, 507, 502, 501, 505, 506, 508, 507, 511, 512, 507, 506, 510, 511, 506, 505, 509, 510, 512, 511, 515, 516, 511, 510, 514, 515, 510, 509, 513, 514, 516, 515, 519, 520, 515, 514, 518, 519, 514, 513, 517, 518]
        rel material:binding = </capsule_pod/Looks/body_mat>
        normal3f[] normals = [(0.946697, 0.149939, 0.285103), (0.911585, 0.296192, 0.285103), (0.924993, 0.300551, 0.232501), (0.960621, 0.152144, 0.232505), (0.911585, 0.296192, 0.285103), (0.854027, 0.435145, 0.285109), (0.86659, 0.441549, 0.232501), (0.924993, 0.300551, 0.232501), (0.854027, 0.435145, 0.285109), (0.775438, 0.563389, 0.285111), (0.786846, 0.571677, 0.232507), (0.86659, 0.441549, 0.232501), (0.775438, 0.563389, 0.285111), (0.677758, 0.677759, 0.285108), (0.687728, 0.687729, 0.232505), (0.786846, 0.571677, 0.232507), (0.677758, 0.677759, 0.285108), (0.563389, 0.775439, 0.285109), (0.571678, 0.786846, 0.232501), (0.687728, 0.687729, 0.232505), (0.563389, 0.775439, 0.285109), (0.435147, 0.854026, 0.285109), (0.441551, 0.86659, 0.232494), (0.571678, 0.786846, 0.232501), (0.435147, 0.854026, 0.285109), (0.296193, 0.911583, 0.285107), (0.300549, 0.924996, 0.232493), (0.441551, 0.86659, 0.232494), (0.296193, 0.911583, 0.285107), (0.149942, 0.946696, 0.285104), (0.152147, 0.960624, 0.232494), (0.300549, 0.924996, 0.232493), (0.149942, 0.946696, 0.285104), (0, 0.958497, 0.285103), (0, 0.972598, 0.232493), (0.152147, 0.960624, 0.232494), (0, 0.958497, 0.285103), (-0.149941, 0.946696, 0.285104), (-0.152147, 0.960624, 0.232494), (0, 0.972598, 0.232493), (-0.149941, 0.946696, 0.285104), (-0.296191, 0.911585, 0.285104), (-0.300549, 0.924996, 0.232493), (-0.152147, 0.960624, 0.232494), (-0.296191, 0.911585, 0.285104), (-0.435147, 0.854027, 0.285106), (-0.441551, 0.866592, 0.232491), (-0.300549, 0.924996, 0.232493), (-0.435147, 0.854027, 0.285106), (-0.563389, 0.77544, 0.285106), (-0.57168, 0.786849, 0.232489), (-0.441551, 0.866592, 0.232491), (-0.563389, 0.77544, 0.285106), (-0.677758, 0.67776, 0.285106), (-0.68773, 0.68773, 0.232497), (-0.57168, 0.786849, 0.232489), (-0.677758, 0.67776, 0.285106), (-0.775439, 0.563391, 0.285107), (-0.786846, 0.571678, 0.232503), (-0.68773, 0.68773, 0.232497), (-0.775439, 0.563391, 0.285107), (-0.854025, 0.43515, 0.285106), (-0.86659, 0.44155, 0.232497), (-0.786846, 0.571678, 0.232503), (-0.854025, 0.43515, 0.285106), (-0.911582, 0.296192, 0.285111), (-0.924994, 0.300548, 0.232501), (-0.86659, 0.44155, 0.232497), (-0.911582, 0.296192, 0.285111), (-0.946694, 0.14994, 0.285111), (-0.960622, 0.152147, 0.232501), (-0.924994, 0.300548, 0.232501), (-0.946694, 0.14994, 0.285111), (-0.958496, 0.000001, 0.285106), (-0.972598, 0.000001, 0.232492), (-0.960622, 0.152147, 0.232501), (-0.958496, 0.000001, 0.285106), (-0.946696, -0.14994, 0.285106), (-0.960622, -0.152146, 0.232501), (-0.972598, 0.000001, 0.232492), (-0.946696, -0.14994, 0.285106), (-0.911583, -0.296194, 0.285105), (-0.924994, -0.300549, 0.232501), (-0.960622, -0.152146, 0.232501), (-0.911583, -0.296194, 0.285105), (-0.854027, -0.435149, 0.285103), (-0.86659, -0.44155, 0.232497), (-0.924994, -0.300549, 0.232501), (-0.854027, -0.435149, 0.285103), (-0.775441, -0.563388, 0.285105), (-0.786846, -0.571678, 0.232503), (-0.86659, -0.44155, 0.232497), (-0.775441, -0.563388, 0.285105), (-0.677761, -0.677758, 0.285104), (-0.68773, -0.68773, 0.232499), (-0.786846, -0.571678, 0.232503), (-0.677761, -0.677758, 0.285104), (-0.563393, -0.775438, 0.285103), (-0.571679, -0.786848, 0.232495), (-0.68773, -0.68773, 0.232499), (-0.563393, -0.775438, 0.285103), (-0.435149, -0.854026, 0.285105), (-0.44155, -0.866591, 0.232494), (-0.571679, -0.786848, 0.232495), (-0.435149, -0.854026, 0.285105), (-0.296191, -0.911584, 0.285105), (-0.300549, -0.924996, 0.232494), (-0.44155, -0.866591, 0.232494), (-0.296191, -0.911584, 0.285105), (-0.149942, -0.946696, 0.285104), (-0.152147, -0.960623, 0.232496), (-0.300549, -0.924996, 0.232494), (-0.149942, -0.946696, 0.285104), (0, -0.958497, 0.285104), (-0, -0.972597, 0.232497), (-0.152147, -0.960623, 0.232496), (0, -0.958497, 0.285104), (0.149943, -0.946696, 0.285104), (0.152147, -0.960623, 0.232498), (-0, -0.972597, 0.232497), (0.149943, -0.946696, 0.285104), (0.296192, -0.911584, 0.285104), (0.300549, -0.924995, 0.232497), (0.152147, -0.960623, 0.232498), (0.296192, -0.911584, 0.285104), (0.435147, -0.854027, 0.285105), (0.44155, -0.866591, 0.232495), (0.300549, -0.924995, 0.232497), (0.435147, -0.854027, 0.285105), (0.563391, -0.77544, 0.285103), (0.57168, -0.786848, 0.232491), (0.44155, -0.866591, 0.232495), (0.563391, -0.77544, 0.285103), (0.67776, -0.677759, 0.285104), (0.68773, -0.68773, 0.232497), (0.57168, -0.786848, 0.232491), (0.67776, -0.677759, 0.285104), (0.775438, -0.563391, 0.285108), (0.786845, -0.571677, 0.232507), (0.68773, -0.68773, 0.232497), (0.775438, -0.563391, 0.285108), (0.854025, -0.435149, 0.285108), (0.866588, -0.441549, 0.232509), (0.786845, -0.571677, 0.232507), (0.854025, -0.435149, 0.285108), (0.911584, -0.296192, 0.285106), (0.924993, -0.300549, 0.232505), (0.866588, -0.441549, 0.232509), (0.911584, -0.296192, 0.285106), (0.946698, -0.149942, 0.285098), (0.960623, -0.152147, 0.232497), (0.924993, -0.300549, 0.232505), (0.946698, -0.149942, 0.285098), (0.958498, -0.000003, 0.285098), (0.972597, -0.000003, 0.232497), (0.960623, -0.152147, 0.232497), (0.958498, -0.000003, 0.285098), (0.946697, 0.149939, 0.285103), (0.960621, 0.152144, 0.232505), (0.972597, -0.000003, 0.232497), (0.007086, 0.001122, 0.999974), (0.006822, 0.002215, 0.999974), (-0, 0, 1), (0.006822, 0.002215, 0.999974), (0.006392, 0.003256, 0.999974), (-0, 0, 1), (0.006392, 0.003256, 0.999974), (0.005804, 0.004217, 0.999974), (-0, 0, 1), (0.005804, 0.004217, 0.999974), (0.005073, 0.005073, 0.999974), (-0, 0, 1), (0.005073, 0.005073, 0.999974), (0.004217, 0.005803, 0.999974), (-0, 0, 1), (0.004217, 0.005803, 0.999974), (0.003257, 0.00639, 0.999974), (-0, 0, 1), (0.003257, 0.00639, 0.999974), (0.002217, 0.00682, 0.999974), (-0, 0, 1), (0.002217, 0.00682, 0.999974), (0.001122, 0.007085, 0.999974), (-0, 0, 1), (0.001122, 0.007085, 0.999974), (-0, 0.007174, 0.999974), (-0, 0, 1), (-0, 0.007174, 0.999974), (-0.001122, 0.007082, 0.999974), (-0, 0, 1), (-0.001122, 0.007082, 0.999974), (-0.002216, 0.006819, 0.999974), (-0, 0, 1), (-0.002216, 0.006819, 0.999974), (-0.003256, 0.00639, 0.999974), (-0, 0, 1), (-0.003256, 0.00639, 0.999974), (-0.004217, 0.005803, 0.999974), (-0, 0, 1), (-0.004217, 0.005803, 0.999974), (-0.005073, 0.005073, 0.999974), (-0, 0, 1), (-0.005073, 0.005073, 0.999974), (-0.005804, 0.004217, 0.999974), (-0, 0, 1), (-0.005804, 0.004217, 0.999974), (-0.006392, 0.003258, 0.999974), (-0, 0, 1), (-0.006392, 0.003258, 0.999974), (-0.006822, 0.002217, 0.999974), (-0, 0, 1), (-0.006822, 0.002217, 0.999974), (-0.007086, 0.001123, 0.999974), (-0, 0, 1), (-0.007086, 0.001123, 0.999974), (-0.007175, 0, 0.999974), (-0, 0, 1), (-0.007175, 0, 0.999974), (-0.007086, -0.001122, 0.999974), (-0, 0, 1), (-0.007086, -0.001122, 0.999974), (-0.006822, -0.002218, 0.999974), (-0, 0, 1), (-0.006822, -0.002218, 0.999974), (-0.006392, -0.003258, 0.999974), (-0, 0, 1), (-0.006392, -0.003258, 0.999974), (-0.005804, -0.004217, 0.999974), (-0, 0, 1), (-0.005804, -0.004217, 0.999974), (-0.005073, -0.005073, 0.999974), (-0, 0, 1), (-0.005073, -0.005073, 0.999974), (-0.004217, -0.005803, 0.999974), (-0, 0, 1), (-0.004217, -0.005803, 0.999974), (-0.003256, -0.00639, 0.999974), (-0, 0, 1), (-0.003256, -0.00639, 0.999974), (-0.002216, -0.006819, 0.999974), (-0, 0, 1), (-0.002216, -0.006819, 0.999974), (-0.001122, -0.007082, 0.999974), (-0, 0, 1), (-0.001122, -0.007082, 0.999974), (-0, -0.007172, 0.999974), (-0, 0, 1), (-0, -0.007172, 0.999974), (0.001122, -0.007085, 0.999974), (-0, 0, 1), (0.001122, -0.007085, 0.999974), (0.002217, -0.006822, 0.999974), (-0, 0, 1), (0.002217, -0.006822, 0.999974), (0.003257, -0.006391, 0.999974), (-0, 0, 1), (0.003257, -0.006391, 0.999974), (0.004217, -0.005804, 0.999974), (-0, 0, 1), (0.004217, -0.005804, 0.999974), (0.005073, -0.005072, 0.999974), (-0, 0, 1), (0.005073, -0.005072, 0.999974), (0.005804, -0.004216, 0.999974), (-0, 0, 1), (0.005804, -0.004216, 0.999974), (0.006391, -0.003256, 0.999974), (-0, 0, 1), (0.006391, -0.003256, 0.999974), (0.006822, -0.002216, 0.999974), (-0, 0, 1), (0.006822, -0.002216, 0.999974), (0.007086, -0.001123, 0.999974), (-0, 0, 1), (0.007086, -0.001123, 0.999974), (0.007175, 0, 0.999974), (-0, 0, 1), (0.007175, 0, 0.999974), (0.007086, 0.001122, 0.999974), (-0, 0, 1), (0.534328, 0.084627, 0.84103), (0.514508, 0.167175, 0.841031), (0.417016, 0.135498, 0.898742), (0.433081, 0.068589, 0.898742), (0.514508, 0.167175, 0.841031), (0.482027, 0.245605, 0.841028), (0.390686, 0.199066, 0.898742), (0.417016, 0.135498, 0.898742), (0.482027, 0.245605, 0.841028), (0.437672, 0.317987, 0.841028), (0.354733, 0.257731, 0.898743), (0.390686, 0.199066, 0.898742), (0.437672, 0.317987, 0.841028), (0.382538, 0.382539, 0.841028), (0.310049, 0.310049, 0.898743), (0.354733, 0.257731, 0.898743), (0.382538, 0.382539, 0.841028), (0.317989, 0.437672, 0.841027), (0.257732, 0.354733, 0.898743), (0.310049, 0.310049, 0.898743), (0.317989, 0.437672, 0.841027), (0.245605, 0.482025, 0.841029), (0.199065, 0.390687, 0.898742), (0.257732, 0.354733, 0.898743), (0.245605, 0.482025, 0.841029), (0.167174, 0.514512, 0.841029), (0.135497, 0.417019, 0.898741), (0.199065, 0.390687, 0.898742), (0.167174, 0.514512, 0.841029), (0.084629, 0.534334, 0.841026), (0.068591, 0.433081, 0.898741), (0.135497, 0.417019, 0.898741), (0.084629, 0.534334, 0.841026), (0, 0.540994, 0.841027), (0, 0.438481, 0.89874), (0.068591, 0.433081, 0.898741), (0, 0.540994, 0.841027), (-0.084628, 0.53433, 0.841029), (-0.068591, 0.433083, 0.89874), (0, 0.438481, 0.89874), (-0.084628, 0.53433, 0.841029), (-0.167175, 0.514511, 0.841029), (-0.135498, 0.41702, 0.89874), (-0.068591, 0.433083, 0.89874), (-0.167175, 0.514511, 0.841029), (-0.245606, 0.482028, 0.841027), (-0.199065, 0.390689, 0.898741), (-0.135498, 0.41702, 0.89874), (-0.245606, 0.482028, 0.841027), (-0.317991, 0.437675, 0.841024), (-0.257733, 0.354734, 0.898742), (-0.199065, 0.390689, 0.898741), (-0.317991, 0.437675, 0.841024), (-0.38254, 0.38254, 0.841027), (-0.310051, 0.31005, 0.898742), (-0.257733, 0.354734, 0.898742), (-0.38254, 0.38254, 0.841027), (-0.437671, 0.317988, 0.841028), (-0.354736, 0.257734, 0.898741), (-0.310051, 0.31005, 0.898742), (-0.437671, 0.317988, 0.841028), (-0.482029, 0.245606, 0.841027), (-0.390689, 0.199066, 0.898741), (-0.354736, 0.257734, 0.898741), (-0.482029, 0.245606, 0.841027), (-0.514513, 0.167175, 0.841028), (-0.41702, 0.135498, 0.89874), (-0.390689, 0.199066, 0.898741), (-0.514513, 0.167175, 0.841028), (-0.534331, 0.084629, 0.841028), (-0.433084, 0.068592, 0.89874), (-0.41702, 0.135498, 0.89874), (-0.534331, 0.084629, 0.841028), (-0.540993, 0, 0.841027), (-0.438484, 0.000001, 0.898739), (-0.433084, 0.068592, 0.89874), (-0.540993, 0, 0.841027), (-0.534333, -0.084629, 0.841027), (-0.433085, -0.068592, 0.898739), (-0.438484, 0.000001, 0.898739), (-0.534333, -0.084629, 0.841027), (-0.514513, -0.167176, 0.841028), (-0.417021, -0.135499, 0.89874), (-0.433085, -0.068592, 0.898739), (-0.514513, -0.167176, 0.841028), (-0.482027, -0.245605, 0.841028), (-0.390688, -0.199067, 0.898741), (-0.417021, -0.135499, 0.89874), (-0.482027, -0.245605, 0.841028), (-0.43767, -0.317987, 0.841029), (-0.354736, -0.257734, 0.898741), (-0.390688, -0.199067, 0.898741), (-0.43767, -0.317987, 0.841029), (-0.38254, -0.38254, 0.841027), (-0.310052, -0.310049, 0.898742), (-0.354736, -0.257734, 0.898741), (-0.38254, -0.38254, 0.841027), (-0.31799, -0.437674, 0.841025), (-0.257733, -0.354734, 0.898742), (-0.310052, -0.310049, 0.898742), (-0.31799, -0.437674, 0.841025), (-0.245605, -0.482025, 0.841029), (-0.199065, -0.390688, 0.898741), (-0.257733, -0.354734, 0.898742), (-0.245605, -0.482025, 0.841029), (-0.167175, -0.514511, 0.84103), (-0.135498, -0.41702, 0.898741), (-0.199065, -0.390688, 0.898741), (-0.167175, -0.514511, 0.84103), (-0.084629, -0.534335, 0.841026), (-0.068591, -0.433083, 0.89874), (-0.135498, -0.41702, 0.898741), (-0.084629, -0.534335, 0.841026), (0, -0.540998, 0.841024), (0, -0.438482, 0.89874), (-0.068591, -0.433083, 0.89874), (0, -0.540998, 0.841024), (0.08463, -0.534337, 0.841024), (0.068591, -0.433082, 0.898741), (0, -0.438482, 0.89874), (0.08463, -0.534337, 0.841024), (0.167176, -0.514516, 0.841026), (0.135497, -0.417019, 0.898741), (0.068591, -0.433082, 0.898741), (0.167176, -0.514516, 0.841026), (0.245604, -0.482026, 0.841028), (0.199064, -0.390687, 0.898742), (0.135497, -0.417019, 0.898741), (0.245604, -0.482026, 0.841028), (0.317989, -0.437672, 0.841027), (0.257731, -0.354733, 0.898743), (0.199064, -0.390687, 0.898742), (0.317989, -0.437672, 0.841027), (0.382541, -0.382541, 0.841026), (0.310048, -0.310049, 0.898743), (0.257731, -0.354733, 0.898743), (0.382541, -0.382541, 0.841026), (0.437673, -0.317989, 0.841026), (0.354732, -0.257733, 0.898743), (0.310048, -0.310049, 0.898743), (0.437673, -0.317989, 0.841026), (0.482028, -0.245606, 0.841027), (0.390685, -0.199067, 0.898742), (0.354732, -0.257733, 0.898743), (0.482028, -0.245606, 0.841027), (0.514506, -0.167174, 0.841033), (0.417017, -0.135498, 0.898742), (0.390685, -0.199067, 0.898742), (0.514506, -0.167174, 0.841033), (0.534324, -0.084627, 0.841033), (0.433081, -0.068591, 0.898741), (0.417017, -0.135498, 0.898742), (0.534324, -0.084627, 0.841033), (0.540991, -0.000002, 0.841029), (0.438481, -0.000001, 0.89874), (0.433081, -0.068591, 0.898741), (0.540991, -0.000002, 0.841029), (0.534328, 0.084627, 0.84103), (0.433081, 0.068589, 0.898742), (0.438481, -0.000001, 0.89874), (-0.025942, -0.00843, 0.999628), (-0.02694, -0.004267, 0.999628), (-0.155589, -0.024642, 0.987514), (-0.149818, -0.048678, 0.987514), (-0.024304, -0.012384, 0.999628), (-0.025942, -0.00843, 0.999628), (-0.149818, -0.048678, 0.987514), (-0.140359, -0.071516, 0.987514), (-0.022067, -0.016032, 0.999628), (-0.024304, -0.012384, 0.999628), (-0.140359, -0.071516, 0.987514), (-0.127443, -0.092592, 0.987515), (-0.019287, -0.019291, 0.999628), (-0.022067, -0.016032, 0.999628), (-0.127443, -0.092592, 0.987515), (-0.111389, -0.111389, 0.987515), (-0.016033, -0.02207, 0.999628), (-0.019287, -0.019291, 0.999628), (-0.111389, -0.111389, 0.987515), (-0.092593, -0.127443, 0.987514), (-0.012384, -0.024304, 0.999628), (-0.016033, -0.02207, 0.999628), (-0.092593, -0.127443, 0.987514), (-0.071518, -0.14036, 0.987514), (-0.008429, -0.025945, 0.999628), (-0.012384, -0.024304, 0.999628), (-0.071518, -0.14036, 0.987514), (-0.048679, -0.149819, 0.987514), (-0.004267, -0.02694, 0.999628), (-0.008429, -0.025945, 0.999628), (-0.048679, -0.149819, 0.987514), (-0.024643, -0.155589, 0.987514), (-0, -0.027271, 0.999628), (-0.004267, -0.02694, 0.999628), (-0.024643, -0.155589, 0.987514), (-0, -0.157528, 0.987514), (0.004267, -0.026939, 0.999628), (-0, -0.027271, 0.999628), (-0, -0.157528, 0.987514), (0.024643, -0.155588, 0.987515), (0.008429, -0.025944, 0.999628), (0.004267, -0.026939, 0.999628), (0.024643, -0.155588, 0.987515), (0.048679, -0.149818, 0.987514), (0.012383, -0.024306, 0.999628), (0.008429, -0.025944, 0.999628), (0.048679, -0.149818, 0.987514), (0.071516, -0.140359, 0.987514), (0.016033, -0.02207, 0.999628), (0.012383, -0.024306, 0.999628), (0.071516, -0.140359, 0.987514), (0.092593, -0.127443, 0.987514), (0.019287, -0.019291, 0.999628), (0.016033, -0.02207, 0.999628), (0.092593, -0.127443, 0.987514), (0.111389, -0.111389, 0.987514), (0.022067, -0.016035, 0.999628), (0.019287, -0.019291, 0.999628), (0.111389, -0.111389, 0.987514), (0.127443, -0.092592, 0.987515), (0.024304, -0.012383, 0.999628), (0.022067, -0.016035, 0.999628), (0.127443, -0.092592, 0.987515), (0.140358, -0.071516, 0.987515), (0.025941, -0.008428, 0.999628), (0.024304, -0.012383, 0.999628), (0.140358, -0.071516, 0.987515), (0.149818, -0.048679, 0.987515), (0.02694, -0.004267, 0.999628), (0.025941, -0.008428, 0.999628), (0.149818, -0.048679, 0.987515), (0.155588, -0.024643, 0.987515), (0.027276, -0, 0.999628), (0.02694, -0.004267, 0.999628), (0.155588, -0.024643, 0.987515), (0.157528, -0, 0.987515), (0.02694, 0.004267, 0.999628), (0.027276, -0, 0.999628), (0.157528, -0, 0.987515), (0.155588, 0.024643, 0.987515), (0.025942, 0.008428, 0.999628), (0.02694, 0.004267, 0.999628), (0.155588, 0.024643, 0.987515), (0.149818, 0.048679, 0.987515), (0.024304, 0.012383, 0.999628), (0.025942, 0.008428, 0.999628), (0.149818, 0.048679, 0.987515), (0.140359, 0.071516, 0.987514), (0.022068, 0.016033, 0.999628), (0.024304, 0.012383, 0.999628), (0.140359, 0.071516, 0.987514), (0.127443, 0.092593, 0.987514), (0.019288, 0.019291, 0.999628), (0.022068, 0.016033, 0.999628), (0.127443, 0.092593, 0.987514), (0.111389, 0.111389, 0.987514), (0.016033, 0.02207, 0.999628), (0.019288, 0.019291, 0.999628), (0.111389, 0.111389, 0.987514), (0.092593, 0.127443, 0.987514), (0.012383, 0.024303, 0.999628), (0.016033, 0.02207, 0.999628), (0.092593, 0.127443, 0.987514), (0.071516, 0.140359, 0.987514), (0.008429, 0.025944, 0.999628), (0.012383, 0.024303, 0.999628), (0.071516, 0.140359, 0.987514), (0.048679, 0.149818, 0.987514), (0.004267, 0.026943, 0.999628), (0.008429, 0.025944, 0.999628), (0.048679, 0.149818, 0.987514), (0.024643, 0.155588, 0.987515), (0, 0.027278, 0.999628), (0.004267, 0.026943, 0.999628), (0.024643, 0.155588, 0.987515), (0, 0.157527, 0.987515), (-0.004267, 0.026943, 0.999628), (0, 0.027278, 0.999628), (0, 0.157527, 0.987515), (-0.024643, 0.155588, 0.987515), (-0.008429, 0.025944, 0.999628), (-0.004267, 0.026943, 0.999628), (-0.024643, 0.155588, 0.987515), (-0.048679, 0.149819, 0.987514), (-0.012384, 0.024304, 0.999628), (-0.008429, 0.025944, 0.999628), (-0.048679, 0.149819, 0.987514), (-0.071517, 0.14036, 0.987514), (-0.016033, 0.022067, 0.999628), (-0.012384, 0.024304, 0.999628), (-0.071517, 0.14036, 0.987514), (-0.092593, 0.127443, 0.987514), (-0.019287, 0.019288, 0.999628), (-0.016033, 0.022067, 0.999628), (-0.092593, 0.127443, 0.987514), (-0.111389, 0.111389, 0.987515), (-0.022067, 0.016032, 0.999628), (-0.019287, 0.019288, 0.999628), (-0.111389, 0.111389, 0.987515), (-0.127443, 0.092592, 0.987515), (-0.024303, 0.012384, 0.999628), (-0.022067, 0.016032, 0.999628), (-0.127443, 0.092592, 0.987515), (-0.140359, 0.071516, 0.987514), (-0.025941, 0.00843, 0.999628), (-0.024303, 0.012384, 0.999628), (-0.140359, 0.071516, 0.987514), (-0.149818, 0.048679, 0.987514), (-0.02694, 0.004267, 0.999628), (-0.025941, 0.00843, 0.999628), (-0.149818, 0.048679, 0.987514), (-0.155589, 0.024643, 0.987514), (-0.027276, 0, 0.999628), (-0.02694, 0.004267, 0.999628), (-0.155589, 0.024643, 0.987514), (-0.157528, 0, 0.987514), (-0.02694, -0.004267, 0.999628), (-0.027276, 0, 0.999628), (-0.157528, 0, 0.987514), (-0.155589, -0.024642, 0.987514), (0.946697, 0.149939, 0.285103), (0.7558, 0.181453, 0.629159), (0.7558, 0.181453, 0.629159), (0.911585, 0.296192, 0.285103), (0.7558, 0.181453, 0.629159), (0.571837, 0.137289, 0.808798), (0.571837, 0.137289, 0.808798), (0.7558, 0.181453, 0.629159), (0.100887, 0.02422, 0.994603), (-0.02694, -0.004267, 0.999628), (-0.025942, -0.00843, 0.999628), (0.100887, 0.02422, 0.994603), (-0.02694, -0.004267, 0.999628), (0.103433, 0.008141, 0.994603), (0.103433, 0.008141, 0.994603), (-0.027276, 0, 0.999628), (0.586255, 0.046136, 0.808812), (0.774873, 0.060979, 0.629168), (0.774873, 0.060979, 0.629168), (0.586255, 0.046136, 0.808812), (0.774873, 0.060979, 0.629168), (0.946697, 0.149939, 0.285103), (0.958498, -0.000003, 0.285098), (0.774873, 0.060979, 0.629168), (0.911585, 0.296192, 0.285103), (0.718108, 0.297451, 0.629161), (0.718108, 0.297451, 0.629161), (0.854027, 0.435145, 0.285109), (0.718108, 0.297451, 0.629161), (0.543314, 0.225053, 0.808802), (0.543314, 0.225053, 0.808802), (0.718108, 0.297451, 0.629161), (0.095853, 0.039701, 0.994603), (-0.025942, -0.00843, 0.999628), (-0.024304, -0.012384, 0.999628), (0.095853, 0.039701, 0.994603), (0.854027, 0.435145, 0.285109), (0.662731, 0.406118, 0.629171), (0.662731, 0.406118, 0.629171), (0.775438, 0.563389, 0.285111), (0.662731, 0.406118, 0.629171), (0.501421, 0.30727, 0.808803), (0.501421, 0.30727, 0.808803), (0.662731, 0.406118, 0.629171), (0.088464, 0.054211, 0.994603), (-0.024304, -0.012384, 0.999628), (-0.022067, -0.016032, 0.999628), (0.088464, 0.054211, 0.994603), (0.775438, 0.563389, 0.285111), (0.59104, 0.504795, 0.629169), (0.59104, 0.504795, 0.629169), (0.677758, 0.677759, 0.285108), (0.59104, 0.504795, 0.629169), (0.447178, 0.381919, 0.808807), (0.447178, 0.381919, 0.808807), (0.59104, 0.504795, 0.629169), (0.078895, 0.067384, 0.994603), (-0.022067, -0.016032, 0.999628), (-0.019287, -0.019291, 0.999628), (0.078895, 0.067384, 0.994603), (0.677758, 0.677759, 0.285108), (0.504799, 0.591037, 0.629168), (0.504799, 0.591037, 0.629168), (0.563389, 0.775439, 0.285109), (0.504799, 0.591037, 0.629168), (0.381929, 0.447174, 0.808805), (0.381929, 0.447174, 0.808805), (0.504799, 0.591037, 0.629168), (0.067382, 0.078879, 0.994604), (-0.019287, -0.019291, 0.999628), (-0.016033, -0.02207, 0.999628), (0.067382, 0.078879, 0.994604), (0.563389, 0.775439, 0.285109), (0.406121, 0.662734, 0.629166), (0.406121, 0.662734, 0.629166), (0.435147, 0.854026, 0.285109), (0.406121, 0.662734, 0.629166), (0.307273, 0.501422, 0.808801), (0.307273, 0.501422, 0.808801), (0.406121, 0.662734, 0.629166), (0.054209, 0.088469, 0.994603), (-0.016033, -0.02207, 0.999628), (-0.012384, -0.024304, 0.999628), (0.054209, 0.088469, 0.994603), (0.435147, 0.854026, 0.285109), (0.297451, 0.718103, 0.629167), (0.297451, 0.718103, 0.629167), (0.296193, 0.911583, 0.285107), (0.297451, 0.718103, 0.629167), (0.22505, 0.543313, 0.808803), (0.22505, 0.543313, 0.808803), (0.297451, 0.718103, 0.629167), (0.039704, 0.095851, 0.994604), (-0.012384, -0.024304, 0.999628), (-0.008429, -0.025945, 0.999628), (0.039704, 0.095851, 0.994604), (0.296193, 0.911583, 0.285107), (0.181451, 0.7558, 0.62916), (0.181451, 0.7558, 0.62916), (0.149942, 0.946696, 0.285104), (0.181451, 0.7558, 0.62916), (0.137283, 0.571841, 0.808796), (0.137283, 0.571841, 0.808796), (0.181451, 0.7558, 0.62916), (0.02422, 0.100879, 0.994604), (-0.008429, -0.025945, 0.999628), (-0.004267, -0.02694, 0.999628), (0.02422, 0.100879, 0.994604), (0.149942, 0.946696, 0.285104), (0.060984, 0.774874, 0.629167), (0.060984, 0.774874, 0.629167), (0, 0.958497, 0.285103), (0.060984, 0.774874, 0.629167), (0.04614, 0.586256, 0.808811), (0.04614, 0.586256, 0.808811), (0.060984, 0.774874, 0.629167), (0.00814, 0.103443, 0.994602), (-0.004267, -0.02694, 0.999628), (-0, -0.027271, 0.999628), (0.00814, 0.103443, 0.994602), (0, 0.958497, 0.285103), (-0.060984, 0.774874, 0.629168), (-0.060984, 0.774874, 0.629168), (-0.149941, 0.946696, 0.285104), (-0.060984, 0.774874, 0.629168), (-0.04614, 0.586256, 0.808811), (-0.04614, 0.586256, 0.808811), (-0.060984, 0.774874, 0.629168), (-0.00814, 0.103443, 0.994602), (-0, -0.027271, 0.999628), (0.004267, -0.026939, 0.999628), (-0.00814, 0.103443, 0.994602), (-0.149941, 0.946696, 0.285104), (-0.181451, 0.755794, 0.629166), (-0.181451, 0.755794, 0.629166), (-0.296191, 0.911585, 0.285104), (-0.181451, 0.755794, 0.629166), (-0.137284, 0.571823, 0.808809), (-0.137284, 0.571823, 0.808809), (-0.181451, 0.755794, 0.629166), (-0.024221, 0.10088, 0.994604), (0.004267, -0.026939, 0.999628), (0.008429, -0.025944, 0.999628), (-0.024221, 0.10088, 0.994604), (-0.296191, 0.911585, 0.285104), (-0.297447, 0.71811, 0.629161), (-0.297447, 0.71811, 0.629161), (-0.435147, 0.854027, 0.285106), (-0.297447, 0.71811, 0.629161), (-0.225048, 0.54332, 0.8088), (-0.225048, 0.54332, 0.8088), (-0.297447, 0.71811, 0.629161), (-0.039704, 0.095852, 0.994603), (0.008429, -0.025944, 0.999628), (0.012383, -0.024306, 0.999628), (-0.039704, 0.095852, 0.994603), (-0.435147, 0.854027, 0.285106), (-0.406124, 0.662731, 0.629167), (-0.406124, 0.662731, 0.629167), (-0.563389, 0.77544, 0.285106), (-0.406124, 0.662731, 0.629167), (-0.30727, 0.501416, 0.808806), (-0.30727, 0.501416, 0.808806), (-0.406124, 0.662731, 0.629167), (-0.054211, 0.088458, 0.994604), (0.012383, -0.024306, 0.999628), (0.016033, -0.02207, 0.999628), (-0.054211, 0.088458, 0.994604), (-0.563389, 0.77544, 0.285106), (-0.504796, 0.591041, 0.629168), (-0.504796, 0.591041, 0.629168), (-0.677758, 0.67776, 0.285106), (-0.504796, 0.591041, 0.629168), (-0.381924, 0.44717, 0.808809), (-0.381924, 0.44717, 0.808809), (-0.504796, 0.591041, 0.629168), (-0.067382, 0.078891, 0.994603), (0.016033, -0.02207, 0.999628), (0.019287, -0.019291, 0.999628), (-0.067382, 0.078891, 0.994603), (-0.677758, 0.67776, 0.285106), (-0.59104, 0.504801, 0.629165), (-0.59104, 0.504801, 0.629165), (-0.775439, 0.563391, 0.285107), (-0.59104, 0.504801, 0.629165), (-0.447178, 0.381932, 0.808801), (-0.447178, 0.381932, 0.808801), (-0.59104, 0.504801, 0.629165), (-0.078895, 0.067372, 0.994604), (0.019287, -0.019291, 0.999628), (0.022067, -0.016035, 0.999628), (-0.078895, 0.067372, 0.994604), (-0.775439, 0.563391, 0.285107), (-0.662733, 0.406127, 0.629163), (-0.662733, 0.406127, 0.629163), (-0.854025, 0.43515, 0.285106), (-0.662733, 0.406127, 0.629163), (-0.50142, 0.307276, 0.808801), (-0.50142, 0.307276, 0.808801), (-0.662733, 0.406127, 0.629163), (-0.088463, 0.05421, 0.994603), (0.022067, -0.016035, 0.999628), (0.024304, -0.012383, 0.999628), (-0.088463, 0.05421, 0.994603), (-0.854025, 0.43515, 0.285106), (-0.718104, 0.297449, 0.629166), (-0.718104, 0.297449, 0.629166), (-0.911582, 0.296192, 0.285111), (-0.718104, 0.297449, 0.629166), (-0.543316, 0.225042, 0.808804), (-0.543316, 0.225042, 0.808804), (-0.718104, 0.297449, 0.629166), (-0.095855, 0.039707, 0.994603), (0.024304, -0.012383, 0.999628), (0.025941, -0.008428, 0.999628), (-0.095855, 0.039707, 0.994603), (-0.911582, 0.296192, 0.285111), (-0.755796, 0.181449, 0.629165), (-0.755796, 0.181449, 0.629165), (-0.946694, 0.14994, 0.285111), (-0.755796, 0.181449, 0.629165), (-0.571842, 0.137288, 0.808794), (-0.571842, 0.137288, 0.808794), (-0.755796, 0.181449, 0.629165), (-0.100888, 0.02422, 0.994603), (0.025941, -0.008428, 0.999628), (0.02694, -0.004267, 0.999628), (-0.100888, 0.02422, 0.994603), (-0.946694, 0.14994, 0.285111), (-0.774877, 0.060983, 0.629163), (-0.774877, 0.060983, 0.629163), (-0.958496, 0.000001, 0.285106), (-0.774877, 0.060983, 0.629163), (-0.586273, 0.046139, 0.808799), (-0.586273, 0.046139, 0.808799), (-0.774877, 0.060983, 0.629163), (-0.103434, 0.008141, 0.994603), (0.02694, -0.004267, 0.999628), (0.027276, -0, 0.999628), (-0.103434, 0.008141, 0.994603), (-0.958496, 0.000001, 0.285106), (-0.774878, -0.060982, 0.629162), (-0.774878, -0.060982, 0.629162), (-0.946696, -0.14994, 0.285106), (-0.774878, -0.060982, 0.629162), (-0.586267, -0.04614, 0.808803), (-0.586267, -0.04614, 0.808803), (-0.774878, -0.060982, 0.629162), (-0.103434, -0.008141, 0.994603), (0.027276, -0, 0.999628), (0.02694, 0.004267, 0.999628), (-0.103434, -0.008141, 0.994603), (-0.946696, -0.14994, 0.285106), (-0.755799, -0.181452, 0.629161), (-0.755799, -0.181452, 0.629161), (-0.911583, -0.296194, 0.285105), (-0.755799, -0.181452, 0.629161), (-0.571842, -0.137288, 0.808794), (-0.571842, -0.137288, 0.808794), (-0.755799, -0.181452, 0.629161), (-0.100886, -0.024219, 0.994603), (0.02694, 0.004267, 0.999628), (0.025942, 0.008428, 0.999628), (-0.100886, -0.024219, 0.994603), (-0.911583, -0.296194, 0.285105), (-0.718108, -0.297451, 0.629162), (-0.718108, -0.297451, 0.629162), (-0.854027, -0.435149, 0.285103), (-0.718108, -0.297451, 0.629162), (-0.543316, -0.225041, 0.808804), (-0.543316, -0.225041, 0.808804), (-0.718108, -0.297451, 0.629162), (-0.095855, -0.039707, 0.994603), (0.025942, 0.008428, 0.999628), (0.024304, 0.012383, 0.999628), (-0.095855, -0.039707, 0.994603), (-0.854027, -0.435149, 0.285103), (-0.662734, -0.406125, 0.629163), (-0.662734, -0.406125, 0.629163), (-0.775441, -0.563388, 0.285105), (-0.662734, -0.406125, 0.629163), (-0.501417, -0.307275, 0.808804), (-0.501417, -0.307275, 0.808804), (-0.662734, -0.406125, 0.629163), (-0.088463, -0.05421, 0.994603), (0.024304, 0.012383, 0.999628), (0.022068, 0.016033, 0.999628), (-0.088463, -0.05421, 0.994603), (-0.775441, -0.563388, 0.285105), (-0.591042, -0.504802, 0.629161), (-0.591042, -0.504802, 0.629161), (-0.677761, -0.677758, 0.285104), (-0.591042, -0.504802, 0.629161), (-0.447176, -0.381942, 0.808798), (-0.447176, -0.381942, 0.808798), (-0.591042, -0.504802, 0.629161), (-0.078893, -0.067383, 0.994603), (0.022068, 0.016033, 0.999628), (0.019288, 0.019291, 0.999628), (-0.078893, -0.067383, 0.994603), (-0.677761, -0.677758, 0.285104), (-0.5048, -0.591045, 0.62916), (-0.5048, -0.591045, 0.62916), (-0.563393, -0.775438, 0.285103), (-0.5048, -0.591045, 0.62916), (-0.381925, -0.447182, 0.808803), (-0.381925, -0.447182, 0.808803), (-0.5048, -0.591045, 0.62916), (-0.067382, -0.078879, 0.994604), (0.019288, 0.019291, 0.999628), (0.016033, 0.02207, 0.999628), (-0.067382, -0.078879, 0.994604), (-0.563393, -0.775438, 0.285103), (-0.406127, -0.662731, 0.629165), (-0.406127, -0.662731, 0.629165), (-0.435149, -0.854026, 0.285105), (-0.406127, -0.662731, 0.629165), (-0.307271, -0.501417, 0.808805), (-0.307271, -0.501417, 0.808805), (-0.406127, -0.662731, 0.629165), (-0.05421, -0.08847, 0.994603), (0.016033, 0.02207, 0.999628), (0.012383, 0.024303, 0.999628), (-0.05421, -0.08847, 0.994603), (-0.435149, -0.854026, 0.285105), (-0.297448, -0.718109, 0.629161), (-0.297448, -0.718109, 0.629161), (-0.296191, -0.911584, 0.285105), (-0.297448, -0.718109, 0.629161), (-0.225048, -0.54332, 0.8088), (-0.225048, -0.54332, 0.8088), (-0.297448, -0.718109, 0.629161), (-0.039704, -0.095852, 0.994603), (0.012383, 0.024303, 0.999628), (0.008429, 0.025944, 0.999628), (-0.039704, -0.095852, 0.994603), (-0.296191, -0.911584, 0.285105), (-0.181452, -0.755794, 0.629167), (-0.181452, -0.755794, 0.629167), (-0.149942, -0.946696, 0.285104), (-0.181452, -0.755794, 0.629167), (-0.137284, -0.571823, 0.808809), (-0.137284, -0.571823, 0.808809), (-0.181452, -0.755794, 0.629167), (-0.02422, -0.10088, 0.994604), (0.008429, 0.025944, 0.999628), (0.004267, 0.026943, 0.999628), (-0.02422, -0.10088, 0.994604), (-0.149942, -0.946696, 0.285104), (-0.060984, -0.774878, 0.629162), (-0.060984, -0.774878, 0.629162), (0, -0.958497, 0.285104), (-0.060984, -0.774878, 0.629162), (-0.04614, -0.586268, 0.808802), (-0.04614, -0.586268, 0.808802), (-0.060984, -0.774878, 0.629162), (-0.00814, -0.103429, 0.994604), (0.004267, 0.026943, 0.999628), (0, 0.027278, 0.999628), (-0.00814, -0.103429, 0.994604), (0, -0.958497, 0.285104), (0.060984, -0.774878, 0.629162), (0.060984, -0.774878, 0.629162), (0.149943, -0.946696, 0.285104), (0.060984, -0.774878, 0.629162), (0.04614, -0.586268, 0.808802), (0.04614, -0.586268, 0.808802), (0.060984, -0.774878, 0.629162), (0.00814, -0.103429, 0.994604), (0, 0.027278, 0.999628), (-0.004267, 0.026943, 0.999628), (0.00814, -0.103429, 0.994604), (0.149943, -0.946696, 0.285104), (0.181453, -0.755794, 0.629166), (0.181453, -0.755794, 0.629166), (0.296192, -0.911584, 0.285104), (0.181453, -0.755794, 0.629166), (0.137285, -0.571825, 0.808807), (0.137285, -0.571825, 0.808807), (0.181453, -0.755794, 0.629166), (0.02422, -0.100879, 0.994604), (-0.004267, 0.026943, 0.999628), (-0.008429, 0.025944, 0.999628), (0.02422, -0.100879, 0.994604), (0.296192, -0.911584, 0.285104), (0.297448, -0.718111, 0.62916), (0.297448, -0.718111, 0.62916), (0.435147, -0.854027, 0.285105), (0.297448, -0.718111, 0.62916), (0.225048, -0.543322, 0.808798), (0.225048, -0.543322, 0.808798), (0.297448, -0.718111, 0.62916), (0.039704, -0.095851, 0.994604), (-0.008429, 0.025944, 0.999628), (-0.012384, 0.024304, 0.999628), (0.039704, -0.095851, 0.994604), (0.435147, -0.854027, 0.285105), (0.406124, -0.662734, 0.629164), (0.406124, -0.662734, 0.629164), (0.563391, -0.77544, 0.285103), (0.406124, -0.662734, 0.629164), (0.307271, -0.501418, 0.808804), (0.307271, -0.501418, 0.808804), (0.406124, -0.662734, 0.629164), (0.054209, -0.088469, 0.994603), (-0.012384, 0.024304, 0.999628), (-0.016033, 0.022067, 0.999628), (0.054209, -0.088469, 0.994603), (0.563391, -0.77544, 0.285103), (0.504802, -0.59104, 0.629163), (0.504802, -0.59104, 0.629163), (0.67776, -0.677759, 0.285104), (0.504802, -0.59104, 0.629163), (0.381927, -0.447172, 0.808807), (0.381927, -0.447172, 0.808807), (0.504802, -0.59104, 0.629163), (0.067382, -0.078891, 0.994603), (-0.016033, 0.022067, 0.999628), (-0.019287, 0.019288, 0.999628), (0.067382, -0.078891, 0.994603), (0.67776, -0.677759, 0.285104), (0.591039, -0.5048, 0.629166), (0.591039, -0.5048, 0.629166), (0.775438, -0.563391, 0.285108), (0.591039, -0.5048, 0.629166), (0.447176, -0.38193, 0.808803), (0.447176, -0.38193, 0.808803), (0.591039, -0.5048, 0.629166), (0.078894, -0.067384, 0.994603), (-0.019287, 0.019288, 0.999628), (-0.022067, 0.016032, 0.999628), (0.078894, -0.067384, 0.994603), (0.775438, -0.563391, 0.285108), (0.662732, -0.406123, 0.629166), (0.662732, -0.406123, 0.629166), (0.854025, -0.435149, 0.285108), (0.662732, -0.406123, 0.629166), (0.50142, -0.307271, 0.808803), (0.50142, -0.307271, 0.808803), (0.662732, -0.406123, 0.629166), (0.088464, -0.054211, 0.994603), (-0.022067, 0.016032, 0.999628), (-0.024303, 0.012384, 0.999628), (0.088464, -0.054211, 0.994603), (0.854025, -0.435149, 0.285108), (0.718101, -0.297452, 0.629168), (0.718101, -0.297452, 0.629168), (0.911584, -0.296192, 0.285106), (0.718101, -0.297452, 0.629168), (0.543309, -0.225051, 0.808806), (0.543309, -0.225051, 0.808806), (0.718101, -0.297452, 0.629168), (0.095857, -0.039702, 0.994603), (-0.024303, 0.012384, 0.999628), (-0.025941, 0.00843, 0.999628), (0.095857, -0.039702, 0.994603), (0.911584, -0.296192, 0.285106), (0.755796, -0.181451, 0.629165), (0.755796, -0.181451, 0.629165), (0.946698, -0.149942, 0.285098), (0.755796, -0.181451, 0.629165), (0.571825, -0.137284, 0.808807), (0.571825, -0.137284, 0.808807), (0.755796, -0.181451, 0.629165), (0.100888, -0.02422, 0.994603), (-0.025941, 0.00843, 0.999628), (-0.02694, 0.004267, 0.999628), (0.100888, -0.02422, 0.994603), (0.946698, -0.149942, 0.285098), (0.774881, -0.060982, 0.629159), (0.774881, -0.060982, 0.629159), (0.958498, -0.000003, 0.285098), (0.774881, -0.060982, 0.629159), (0.586255, -0.046137, 0.808812), (0.586255, -0.046137, 0.808812), (0.774881, -0.060982, 0.629159), (0.103434, -0.008141, 0.994603), (-0.02694, 0.004267, 0.999628), (-0.027276, 0, 0.999628), (0.103434, -0.008141, 0.994603), (0.007086, 0.001122, 0.999974), (0.160241, 0.038469, 0.986328), (0.160241, 0.038469, 0.986328), (0.006822, 0.002215, 0.999974), (0.160241, 0.038469, 0.986328), (0.316042, 0.075874, 0.945706), (0.316042, 0.075874, 0.945706), (0.160241, 0.038469, 0.986328), (0.316042, 0.075874, 0.945706), (0.433081, 0.068589, 0.898742), (0.417016, 0.135498, 0.898742), (0.316042, 0.075874, 0.945706), (0.433081, 0.068589, 0.898742), (0.324022, 0.025492, 0.945706), (0.324022, 0.025492, 0.945706), (0.438481, -0.000001, 0.89874), (0.324022, 0.025492, 0.945706), (0.164285, 0.012925, 0.986328), (0.164285, 0.012925, 0.986328), (0.324022, 0.025492, 0.945706), (0.164285, 0.012925, 0.986328), (0.007086, 0.001122, 0.999974), (0.007175, 0, 0.999974), (0.164285, 0.012925, 0.986328), (0.006822, 0.002215, 0.999974), (0.152249, 0.063062, 0.986328), (0.152249, 0.063062, 0.986328), (0.006392, 0.003256, 0.999974), (0.152249, 0.063062, 0.986328), (0.300281, 0.124382, 0.945706), (0.300281, 0.124382, 0.945706), (0.152249, 0.063062, 0.986328), (0.300281, 0.124382, 0.945706), (0.417016, 0.135498, 0.898742), (0.390686, 0.199066, 0.898742), (0.300281, 0.124382, 0.945706), (0.006392, 0.003256, 0.999974), (0.140511, 0.086106, 0.986328), (0.140511, 0.086106, 0.986328), (0.005804, 0.004217, 0.999974), (0.140511, 0.086106, 0.986328), (0.277127, 0.169825, 0.945706), (0.277127, 0.169825, 0.945706), (0.140511, 0.086106, 0.986328), (0.277127, 0.169825, 0.945706), (0.390686, 0.199066, 0.898742), (0.354733, 0.257731, 0.898743), (0.277127, 0.169825, 0.945706), (0.005804, 0.004217, 0.999974), (0.125311, 0.10703, 0.986327), (0.125311, 0.10703, 0.986327), (0.005073, 0.005073, 0.999974), (0.125311, 0.10703, 0.986327), (0.247146, 0.211087, 0.945706), (0.247146, 0.211087, 0.945706), (0.125311, 0.10703, 0.986327), (0.247146, 0.211087, 0.945706), (0.354733, 0.257731, 0.898743), (0.310049, 0.310049, 0.898743), (0.247146, 0.211087, 0.945706), (0.005073, 0.005073, 0.999974), (0.107028, 0.125316, 0.986327), (0.107028, 0.125316, 0.986327), (0.004217, 0.005803, 0.999974), (0.107028, 0.125316, 0.986327), (0.211088, 0.247152, 0.945705), (0.211088, 0.247152, 0.945705), (0.107028, 0.125316, 0.986327), (0.211088, 0.247152, 0.945705), (0.310049, 0.310049, 0.898743), (0.257732, 0.354733, 0.898743), (0.211088, 0.247152, 0.945705), (0.004217, 0.005803, 0.999974), (0.086108, 0.140508, 0.986328), (0.086108, 0.140508, 0.986328), (0.003257, 0.00639, 0.999974), (0.086108, 0.140508, 0.986328), (0.169828, 0.277126, 0.945706), (0.169828, 0.277126, 0.945706), (0.086108, 0.140508, 0.986328), (0.169828, 0.277126, 0.945706), (0.257732, 0.354733, 0.898743), (0.199065, 0.390687, 0.898742), (0.169828, 0.277126, 0.945706), (0.003257, 0.00639, 0.999974), (0.063063, 0.152249, 0.986328), (0.063063, 0.152249, 0.986328), (0.002217, 0.00682, 0.999974), (0.063063, 0.152249, 0.986328), (0.124378, 0.300287, 0.945705), (0.124378, 0.300287, 0.945705), (0.063063, 0.152249, 0.986328), (0.124378, 0.300287, 0.945705), (0.199065, 0.390687, 0.898742), (0.135497, 0.417019, 0.898741), (0.124378, 0.300287, 0.945705), (0.002217, 0.00682, 0.999974), (0.038472, 0.160239, 0.986328), (0.038472, 0.160239, 0.986328), (0.001122, 0.007085, 0.999974), (0.038472, 0.160239, 0.986328), (0.075878, 0.316044, 0.945705), (0.075878, 0.316044, 0.945705), (0.038472, 0.160239, 0.986328), (0.075878, 0.316044, 0.945705), (0.135497, 0.417019, 0.898741), (0.068591, 0.433081, 0.898741), (0.075878, 0.316044, 0.945705), (0.001122, 0.007085, 0.999974), (0.012926, 0.164289, 0.986328), (0.012926, 0.164289, 0.986328), (-0, 0.007174, 0.999974), (0.012926, 0.164289, 0.986328), (0.025493, 0.324024, 0.945705), (0.025493, 0.324024, 0.945705), (0.012926, 0.164289, 0.986328), (0.025493, 0.324024, 0.945705), (0.068591, 0.433081, 0.898741), (0, 0.438481, 0.89874), (0.025493, 0.324024, 0.945705), (-0, 0.007174, 0.999974), (-0.012926, 0.164285, 0.986328), (-0.012926, 0.164285, 0.986328), (-0.001122, 0.007082, 0.999974), (-0.012926, 0.164285, 0.986328), (-0.025493, 0.324027, 0.945704), (-0.025493, 0.324027, 0.945704), (-0.012926, 0.164285, 0.986328), (-0.025493, 0.324027, 0.945704), (0, 0.438481, 0.89874), (-0.068591, 0.433083, 0.89874), (-0.025493, 0.324027, 0.945704), (-0.001122, 0.007082, 0.999974), (-0.038471, 0.160236, 0.986329), (-0.038471, 0.160236, 0.986329), (-0.002216, 0.006819, 0.999974), (-0.038471, 0.160236, 0.986329), (-0.075879, 0.316045, 0.945705), (-0.075879, 0.316045, 0.945705), (-0.038471, 0.160236, 0.986329), (-0.075879, 0.316045, 0.945705), (-0.068591, 0.433083, 0.89874), (-0.135498, 0.41702, 0.89874), (-0.075879, 0.316045, 0.945705), (-0.002216, 0.006819, 0.999974), (-0.063062, 0.152246, 0.986329), (-0.063062, 0.152246, 0.986329), (-0.003256, 0.00639, 0.999974), (-0.063062, 0.152246, 0.986329), (-0.124379, 0.300285, 0.945705), (-0.124379, 0.300285, 0.945705), (-0.063062, 0.152246, 0.986329), (-0.124379, 0.300285, 0.945705), (-0.135498, 0.41702, 0.89874), (-0.199065, 0.390689, 0.898741), (-0.124379, 0.300285, 0.945705), (-0.003256, 0.00639, 0.999974), (-0.086104, 0.140506, 0.986328), (-0.086104, 0.140506, 0.986328), (-0.004217, 0.005803, 0.999974), (-0.086104, 0.140506, 0.986328), (-0.169825, 0.277127, 0.945706), (-0.169825, 0.277127, 0.945706), (-0.086104, 0.140506, 0.986328), (-0.169825, 0.277127, 0.945706), (-0.199065, 0.390689, 0.898741), (-0.257733, 0.354734, 0.898742), (-0.169825, 0.277127, 0.945706), (-0.004217, 0.005803, 0.999974), (-0.107026, 0.125309, 0.986328), (-0.107026, 0.125309, 0.986328), (-0.005073, 0.005073, 0.999974), (-0.107026, 0.125309, 0.986328), (-0.211088, 0.247144, 0.945707), (-0.211088, 0.247144, 0.945707), (-0.107026, 0.125309, 0.986328), (-0.211088, 0.247144, 0.945707), (-0.257733, 0.354734, 0.898742), (-0.310051, 0.31005, 0.898742), (-0.211088, 0.247144, 0.945707), (-0.005073, 0.005073, 0.999974), (-0.125309, 0.107026, 0.986328), (-0.125309, 0.107026, 0.986328), (-0.005804, 0.004217, 0.999974), (-0.125309, 0.107026, 0.986328), (-0.247146, 0.211088, 0.945706), (-0.247146, 0.211088, 0.945706), (-0.125309, 0.107026, 0.986328), (-0.247146, 0.211088, 0.945706), (-0.310051, 0.31005, 0.898742), (-0.354736, 0.257734, 0.898741), (-0.247146, 0.211088, 0.945706), (-0.005804, 0.004217, 0.999974), (-0.140506, 0.086105, 0.986328), (-0.140506, 0.086105, 0.986328), (-0.006392, 0.003258, 0.999974), (-0.140506, 0.086105, 0.986328), (-0.277126, 0.169826, 0.945706), (-0.277126, 0.169826, 0.945706), (-0.140506, 0.086105, 0.986328), (-0.277126, 0.169826, 0.945706), (-0.354736, 0.257734, 0.898741), (-0.390689, 0.199066, 0.898741), (-0.277126, 0.169826, 0.945706), (-0.006392, 0.003258, 0.999974), (-0.152246, 0.06306, 0.986329), (-0.152246, 0.06306, 0.986329), (-0.006822, 0.002217, 0.999974), (-0.152246, 0.06306, 0.986329), (-0.300282, 0.124378, 0.945706), (-0.300282, 0.124378, 0.945706), (-0.152246, 0.06306, 0.986329), (-0.300282, 0.124378, 0.945706), (-0.390689, 0.199066, 0.898741), (-0.41702, 0.135498, 0.89874), (-0.300282, 0.124378, 0.945706), (-0.006822, 0.002217, 0.999974), (-0.160237, 0.038469, 0.986329), (-0.160237, 0.038469, 0.986329), (-0.007086, 0.001123, 0.999974), (-0.160237, 0.038469, 0.986329), (-0.316042, 0.075876, 0.945706), (-0.316042, 0.075876, 0.945706), (-0.160237, 0.038469, 0.986329), (-0.316042, 0.075876, 0.945706), (-0.41702, 0.135498, 0.89874), (-0.433084, 0.068592, 0.89874), (-0.316042, 0.075876, 0.945706), (-0.007086, 0.001123, 0.999974), (-0.16428, 0.012926, 0.986329), (-0.16428, 0.012926, 0.986329), (-0.007175, 0, 0.999974), (-0.16428, 0.012926, 0.986329), (-0.32402, 0.025495, 0.945707), (-0.32402, 0.025495, 0.945707), (-0.16428, 0.012926, 0.986329), (-0.32402, 0.025495, 0.945707), (-0.433084, 0.068592, 0.89874), (-0.438484, 0.000001, 0.898739), (-0.32402, 0.025495, 0.945707), (-0.007175, 0, 0.999974), (-0.16428, -0.012925, 0.986329), (-0.16428, -0.012925, 0.986329), (-0.007086, -0.001122, 0.999974), (-0.16428, -0.012925, 0.986329), (-0.324022, -0.025494, 0.945706), (-0.324022, -0.025494, 0.945706), (-0.16428, -0.012925, 0.986329), (-0.324022, -0.025494, 0.945706), (-0.438484, 0.000001, 0.898739), (-0.433085, -0.068592, 0.898739), (-0.324022, -0.025494, 0.945706), (-0.007086, -0.001122, 0.999974), (-0.160237, -0.03847, 0.986329), (-0.160237, -0.03847, 0.986329), (-0.006822, -0.002218, 0.999974), (-0.160237, -0.03847, 0.986329), (-0.316043, -0.075877, 0.945706), (-0.316043, -0.075877, 0.945706), (-0.160237, -0.03847, 0.986329), (-0.316043, -0.075877, 0.945706), (-0.433085, -0.068592, 0.898739), (-0.417021, -0.135499, 0.89874), (-0.316043, -0.075877, 0.945706), (-0.006822, -0.002218, 0.999974), (-0.152246, -0.063062, 0.986329), (-0.152246, -0.063062, 0.986329), (-0.006392, -0.003258, 0.999974), (-0.152246, -0.063062, 0.986329), (-0.300282, -0.124378, 0.945706), (-0.300282, -0.124378, 0.945706), (-0.152246, -0.063062, 0.986329), (-0.300282, -0.124378, 0.945706), (-0.417021, -0.135499, 0.89874), (-0.390688, -0.199067, 0.898741), (-0.300282, -0.124378, 0.945706), (-0.006392, -0.003258, 0.999974), (-0.140506, -0.086105, 0.986328), (-0.140506, -0.086105, 0.986328), (-0.005804, -0.004217, 0.999974), (-0.140506, -0.086105, 0.986328), (-0.277125, -0.169827, 0.945706), (-0.277125, -0.169827, 0.945706), (-0.140506, -0.086105, 0.986328), (-0.277125, -0.169827, 0.945706), (-0.390688, -0.199067, 0.898741), (-0.354736, -0.257734, 0.898741), (-0.277125, -0.169827, 0.945706), (-0.005804, -0.004217, 0.999974), (-0.125309, -0.107028, 0.986328), (-0.125309, -0.107028, 0.986328), (-0.005073, -0.005073, 0.999974), (-0.125309, -0.107028, 0.986328), (-0.247147, -0.211089, 0.945706), (-0.247147, -0.211089, 0.945706), (-0.125309, -0.107028, 0.986328), (-0.247147, -0.211089, 0.945706), (-0.354736, -0.257734, 0.898741), (-0.310052, -0.310049, 0.898742), (-0.247147, -0.211089, 0.945706), (-0.005073, -0.005073, 0.999974), (-0.107026, -0.125313, 0.986328), (-0.107026, -0.125313, 0.986328), (-0.004217, -0.005803, 0.999974), (-0.107026, -0.125313, 0.986328), (-0.211088, -0.247147, 0.945706), (-0.211088, -0.247147, 0.945706), (-0.107026, -0.125313, 0.986328), (-0.211088, -0.247147, 0.945706), (-0.310052, -0.310049, 0.898742), (-0.257733, -0.354734, 0.898742), (-0.211088, -0.247147, 0.945706), (-0.004217, -0.005803, 0.999974), (-0.086104, -0.140506, 0.986328), (-0.086104, -0.140506, 0.986328), (-0.003256, -0.00639, 0.999974), (-0.086104, -0.140506, 0.986328), (-0.169825, -0.277127, 0.945706), (-0.169825, -0.277127, 0.945706), (-0.086104, -0.140506, 0.986328), (-0.169825, -0.277127, 0.945706), (-0.257733, -0.354734, 0.898742), (-0.199065, -0.390688, 0.898741), (-0.169825, -0.277127, 0.945706), (-0.003256, -0.00639, 0.999974), (-0.063062, -0.152247, 0.986329), (-0.063062, -0.152247, 0.986329), (-0.002216, -0.006819, 0.999974), (-0.063062, -0.152247, 0.986329), (-0.124379, -0.300284, 0.945706), (-0.124379, -0.300284, 0.945706), (-0.063062, -0.152247, 0.986329), (-0.124379, -0.300284, 0.945706), (-0.199065, -0.390688, 0.898741), (-0.135498, -0.41702, 0.898741), (-0.124379, -0.300284, 0.945706), (-0.002216, -0.006819, 0.999974), (-0.038471, -0.160236, 0.986329), (-0.038471, -0.160236, 0.986329), (-0.001122, -0.007082, 0.999974), (-0.038471, -0.160236, 0.986329), (-0.075879, -0.316045, 0.945705), (-0.075879, -0.316045, 0.945705), (-0.038471, -0.160236, 0.986329), (-0.075879, -0.316045, 0.945705), (-0.135498, -0.41702, 0.898741), (-0.068591, -0.433083, 0.89874), (-0.075879, -0.316045, 0.945705), (-0.001122, -0.007082, 0.999974), (-0.012925, -0.164285, 0.986328), (-0.012925, -0.164285, 0.986328), (-0, -0.007172, 0.999974), (-0.012925, -0.164285, 0.986328), (-0.025493, -0.324028, 0.945704), (-0.025493, -0.324028, 0.945704), (-0.012925, -0.164285, 0.986328), (-0.025493, -0.324028, 0.945704), (-0.068591, -0.433083, 0.89874), (0, -0.438482, 0.89874), (-0.025493, -0.324028, 0.945704), (-0, -0.007172, 0.999974), (0.012926, -0.164286, 0.986328), (0.012926, -0.164286, 0.986328), (0.001122, -0.007085, 0.999974), (0.012926, -0.164286, 0.986328), (0.025493, -0.324026, 0.945705), (0.025493, -0.324026, 0.945705), (0.012926, -0.164286, 0.986328), (0.025493, -0.324026, 0.945705), (0, -0.438482, 0.89874), (0.068591, -0.433082, 0.898741), (0.025493, -0.324026, 0.945705), (0.001122, -0.007085, 0.999974), (0.038472, -0.160242, 0.986328), (0.038472, -0.160242, 0.986328), (0.002217, -0.006822, 0.999974), (0.038472, -0.160242, 0.986328), (0.075878, -0.316044, 0.945705), (0.075878, -0.316044, 0.945705), (0.038472, -0.160242, 0.986328), (0.075878, -0.316044, 0.945705), (0.068591, -0.433082, 0.898741), (0.135497, -0.417019, 0.898741), (0.075878, -0.316044, 0.945705), (0.002217, -0.006822, 0.999974), (0.063063, -0.152249, 0.986328), (0.063063, -0.152249, 0.986328), (0.003257, -0.006391, 0.999974), (0.063063, -0.152249, 0.986328), (0.124378, -0.300286, 0.945705), (0.124378, -0.300286, 0.945705), (0.063063, -0.152249, 0.986328), (0.124378, -0.300286, 0.945705), (0.135497, -0.417019, 0.898741), (0.199064, -0.390687, 0.898742), (0.124378, -0.300286, 0.945705), (0.003257, -0.006391, 0.999974), (0.086107, -0.140511, 0.986328), (0.086107, -0.140511, 0.986328), (0.004217, -0.005804, 0.999974), (0.086107, -0.140511, 0.986328), (0.169826, -0.277125, 0.945707), (0.169826, -0.277125, 0.945707), (0.086107, -0.140511, 0.986328), (0.169826, -0.277125, 0.945707), (0.199064, -0.390687, 0.898742), (0.257731, -0.354733, 0.898743), (0.169826, -0.277125, 0.945707), (0.004217, -0.005804, 0.999974), (0.107029, -0.125313, 0.986327), (0.107029, -0.125313, 0.986327), (0.005073, -0.005072, 0.999974), (0.107029, -0.125313, 0.986327), (0.211088, -0.247148, 0.945706), (0.211088, -0.247148, 0.945706), (0.107029, -0.125313, 0.986327), (0.211088, -0.247148, 0.945706), (0.257731, -0.354733, 0.898743), (0.310048, -0.310049, 0.898743), (0.211088, -0.247148, 0.945706), (0.005073, -0.005072, 0.999974), (0.125311, -0.107029, 0.986327), (0.125311, -0.107029, 0.986327), (0.005804, -0.004216, 0.999974), (0.125311, -0.107029, 0.986327), (0.247145, -0.211089, 0.945706), (0.247145, -0.211089, 0.945706), (0.125311, -0.107029, 0.986327), (0.247145, -0.211089, 0.945706), (0.310048, -0.310049, 0.898743), (0.354732, -0.257733, 0.898743), (0.247145, -0.211089, 0.945706), (0.005804, -0.004216, 0.999974), (0.14051, -0.086107, 0.986328), (0.14051, -0.086107, 0.986328), (0.006391, -0.003256, 0.999974), (0.14051, -0.086107, 0.986328), (0.277126, -0.169829, 0.945706), (0.277126, -0.169829, 0.945706), (0.14051, -0.086107, 0.986328), (0.277126, -0.169829, 0.945706), (0.354732, -0.257733, 0.898743), (0.390685, -0.199067, 0.898742), (0.277126, -0.169829, 0.945706), (0.006391, -0.003256, 0.999974), (0.15225, -0.063061, 0.986328), (0.15225, -0.063061, 0.986328), (0.006822, -0.002216, 0.999974), (0.15225, -0.063061, 0.986328), (0.300282, -0.124381, 0.945706), (0.300282, -0.124381, 0.945706), (0.15225, -0.063061, 0.986328), (0.300282, -0.124381, 0.945706), (0.390685, -0.199067, 0.898742), (0.417017, -0.135498, 0.898742), (0.300282, -0.124381, 0.945706), (0.006822, -0.002216, 0.999974), (0.160241, -0.03847, 0.986328), (0.160241, -0.03847, 0.986328), (0.007086, -0.001123, 0.999974), (0.160241, -0.03847, 0.986328), (0.316043, -0.075875, 0.945706), (0.316043, -0.075875, 0.945706), (0.160241, -0.03847, 0.986328), (0.316043, -0.075875, 0.945706), (0.417017, -0.135498, 0.898742), (0.433081, -0.068591, 0.898741), (0.316043, -0.075875, 0.945706), (0.007086, -0.001123, 0.999974), (0.164285, -0.012926, 0.986328), (0.164285, -0.012926, 0.986328), (0.007175, 0, 0.999974), (0.164285, -0.012926, 0.986328), (0.324022, -0.025494, 0.945706), (0.324022, -0.025494, 0.945706), (0.164285, -0.012926, 0.986328), (0.324022, -0.025494, 0.945706), (0.433081, -0.068591, 0.898741), (0.438481, -0.000001, 0.89874), (0.324022, -0.025494, 0.945706), (0.534328, 0.084627, 0.84103), (0.699196, 0.167864, 0.694943), (0.699196, 0.167864, 0.694943), (0.514508, 0.167175, 0.841031), (0.699196, 0.167864, 0.694943), (0.87007, 0.208888, 0.44648), (0.87007, 0.208888, 0.44648), (0.699196, 0.167864, 0.694943), (0.87007, 0.208888, 0.44648), (0.960621, 0.152144, 0.232505), (0.924993, 0.300551, 0.232501), (0.87007, 0.208888, 0.44648), (0.960621, 0.152144, 0.232505), (0.892039, 0.070197, 0.446474), (0.892039, 0.070197, 0.446474), (0.972597, -0.000003, 0.232497), (0.892039, 0.070197, 0.446474), (0.716851, 0.056411, 0.694941), (0.716851, 0.056411, 0.694941), (0.892039, 0.070197, 0.446474), (0.716851, 0.056411, 0.694941), (0.534328, 0.084627, 0.84103), (0.540991, -0.000002, 0.841029), (0.716851, 0.056411, 0.694941), (0.514508, 0.167175, 0.841031), (0.664324, 0.275174, 0.694948), (0.664324, 0.275174, 0.694948), (0.482027, 0.245605, 0.841028), (0.664324, 0.275174, 0.694948), (0.826685, 0.342426, 0.446472), (0.826685, 0.342426, 0.446472), (0.664324, 0.275174, 0.694948), (0.826685, 0.342426, 0.446472), (0.924993, 0.300551, 0.232501), (0.86659, 0.441549, 0.232501), (0.826685, 0.342426, 0.446472), (0.482027, 0.245605, 0.841028), (0.613111, 0.375711, 0.694936), (0.613111, 0.375711, 0.694936), (0.437672, 0.317987, 0.841028), (0.613111, 0.375711, 0.694936), (0.762938, 0.467525, 0.446481), (0.762938, 0.467525, 0.446481), (0.613111, 0.375711, 0.694936), (0.762938, 0.467525, 0.446481), (0.86659, 0.441549, 0.232501), (0.786846, 0.571677, 0.232507), (0.762938, 0.467525, 0.446481), (0.437672, 0.317987, 0.841028), (0.546779, 0.466997, 0.694944), (0.546779, 0.466997, 0.694944), (0.382538, 0.382539, 0.841028), (0.546779, 0.466997, 0.694944), (0.680405, 0.581124, 0.44648), (0.680405, 0.581124, 0.44648), (0.546779, 0.466997, 0.694944), (0.680405, 0.581124, 0.44648), (0.786846, 0.571677, 0.232507), (0.687728, 0.687729, 0.232505), (0.680405, 0.581124, 0.44648), (0.382538, 0.382539, 0.841028), (0.466993, 0.546776, 0.694948), (0.466993, 0.546776, 0.694948), (0.317989, 0.437672, 0.841027), (0.466993, 0.546776, 0.694948), (0.58112, 0.680402, 0.44649), (0.58112, 0.680402, 0.44649), (0.466993, 0.546776, 0.694948), (0.58112, 0.680402, 0.44649), (0.687728, 0.687729, 0.232505), (0.571678, 0.786846, 0.232501), (0.58112, 0.680402, 0.44649), (0.317989, 0.437672, 0.841027), (0.375713, 0.613105, 0.694941), (0.375713, 0.613105, 0.694941), (0.245605, 0.482025, 0.841029), (0.375713, 0.613105, 0.694941), (0.467532, 0.762939, 0.446473), (0.467532, 0.762939, 0.446473), (0.375713, 0.613105, 0.694941), (0.467532, 0.762939, 0.446473), (0.571678, 0.786846, 0.232501), (0.441551, 0.86659, 0.232494), (0.467532, 0.762939, 0.446473), (0.245605, 0.482025, 0.841029), (0.275174, 0.664329, 0.694943), (0.275174, 0.664329, 0.694943), (0.167174, 0.514512, 0.841029), (0.275174, 0.664329, 0.694943), (0.342426, 0.826688, 0.446465), (0.342426, 0.826688, 0.446465), (0.275174, 0.664329, 0.694943), (0.342426, 0.826688, 0.446465), (0.441551, 0.86659, 0.232494), (0.300549, 0.924996, 0.232493), (0.342426, 0.826688, 0.446465), (0.167174, 0.514512, 0.841029), (0.167862, 0.699201, 0.694939), (0.167862, 0.699201, 0.694939), (0.084629, 0.534334, 0.841026), (0.167862, 0.699201, 0.694939), (0.208885, 0.870076, 0.446469), (0.208885, 0.870076, 0.446469), (0.167862, 0.699201, 0.694939), (0.208885, 0.870076, 0.446469), (0.300549, 0.924996, 0.232493), (0.152147, 0.960624, 0.232494), (0.208885, 0.870076, 0.446469), (0.084629, 0.534334, 0.841026), (0.056416, 0.716849, 0.694942), (0.056416, 0.716849, 0.694942), (0, 0.540994, 0.841027), (0.056416, 0.716849, 0.694942), (0.070203, 0.892038, 0.446474), (0.070203, 0.892038, 0.446474), (0.056416, 0.716849, 0.694942), (0.070203, 0.892038, 0.446474), (0.152147, 0.960624, 0.232494), (0, 0.972598, 0.232493), (0.070203, 0.892038, 0.446474), (0, 0.540994, 0.841027), (-0.056415, 0.716846, 0.694946), (-0.056415, 0.716846, 0.694946), (-0.084628, 0.53433, 0.841029), (-0.056415, 0.716846, 0.694946), (-0.070203, 0.892039, 0.446474), (-0.070203, 0.892039, 0.446474), (-0.056415, 0.716846, 0.694946), (-0.070203, 0.892039, 0.446474), (0, 0.972598, 0.232493), (-0.152147, 0.960624, 0.232494), (-0.070203, 0.892039, 0.446474), (-0.084628, 0.53433, 0.841029), (-0.167862, 0.699197, 0.694943), (-0.167862, 0.699197, 0.694943), (-0.167175, 0.514511, 0.841029), (-0.167862, 0.699197, 0.694943), (-0.208886, 0.870076, 0.44647), (-0.208886, 0.870076, 0.44647), (-0.167862, 0.699197, 0.694943), (-0.208886, 0.870076, 0.44647), (-0.152147, 0.960624, 0.232494), (-0.300549, 0.924996, 0.232493), (-0.208886, 0.870076, 0.44647), (-0.167175, 0.514511, 0.841029), (-0.275174, 0.664329, 0.694943), (-0.275174, 0.664329, 0.694943), (-0.245606, 0.482028, 0.841027), (-0.275174, 0.664329, 0.694943), (-0.342425, 0.826687, 0.446468), (-0.342425, 0.826687, 0.446468), (-0.275174, 0.664329, 0.694943), (-0.342425, 0.826687, 0.446468), (-0.300549, 0.924996, 0.232493), (-0.441551, 0.866592, 0.232491), (-0.342425, 0.826687, 0.446468), (-0.245606, 0.482028, 0.841027), (-0.375711, 0.613103, 0.694944), (-0.375711, 0.613103, 0.694944), (-0.317991, 0.437675, 0.841024), (-0.375711, 0.613103, 0.694944), (-0.46753, 0.762939, 0.446475), (-0.46753, 0.762939, 0.446475), (-0.375711, 0.613103, 0.694944), (-0.46753, 0.762939, 0.446475), (-0.441551, 0.866592, 0.232491), (-0.57168, 0.786849, 0.232489), (-0.46753, 0.762939, 0.446475), (-0.317991, 0.437675, 0.841024), (-0.466993, 0.546778, 0.694947), (-0.466993, 0.546778, 0.694947), (-0.38254, 0.38254, 0.841027), (-0.466993, 0.546778, 0.694947), (-0.581123, 0.680406, 0.446478), (-0.581123, 0.680406, 0.446478), (-0.466993, 0.546778, 0.694947), (-0.581123, 0.680406, 0.446478), (-0.57168, 0.786849, 0.232489), (-0.68773, 0.68773, 0.232497), (-0.581123, 0.680406, 0.446478), (-0.38254, 0.38254, 0.841027), (-0.546779, 0.466996, 0.694944), (-0.546779, 0.466996, 0.694944), (-0.437671, 0.317988, 0.841028), (-0.546779, 0.466996, 0.694944), (-0.680405, 0.581123, 0.44648), (-0.680405, 0.581123, 0.44648), (-0.546779, 0.466996, 0.694944), (-0.680405, 0.581123, 0.44648), (-0.68773, 0.68773, 0.232497), (-0.786846, 0.571678, 0.232503), (-0.680405, 0.581123, 0.44648), (-0.437671, 0.317988, 0.841028), (-0.613105, 0.375711, 0.694941), (-0.613105, 0.375711, 0.694941), (-0.482029, 0.245606, 0.841027), (-0.613105, 0.375711, 0.694941), (-0.762937, 0.467529, 0.446479), (-0.762937, 0.467529, 0.446479), (-0.613105, 0.375711, 0.694941), (-0.762937, 0.467529, 0.446479), (-0.786846, 0.571678, 0.232503), (-0.86659, 0.44155, 0.232497), (-0.762937, 0.467529, 0.446479), (-0.482029, 0.245606, 0.841027), (-0.664328, 0.275173, 0.694945), (-0.664328, 0.275173, 0.694945), (-0.514513, 0.167175, 0.841028), (-0.664328, 0.275173, 0.694945), (-0.826685, 0.342423, 0.446472), (-0.826685, 0.342423, 0.446472), (-0.664328, 0.275173, 0.694945), (-0.826685, 0.342423, 0.446472), (-0.86659, 0.44155, 0.232497), (-0.924994, 0.300548, 0.232501), (-0.826685, 0.342423, 0.446472), (-0.514513, 0.167175, 0.841028), (-0.699205, 0.167863, 0.694935), (-0.699205, 0.167863, 0.694935), (-0.534331, 0.084629, 0.841028), (-0.699205, 0.167863, 0.694935), (-0.870073, 0.208885, 0.446475), (-0.870073, 0.208885, 0.446475), (-0.699205, 0.167863, 0.694935), (-0.870073, 0.208885, 0.446475), (-0.924994, 0.300548, 0.232501), (-0.960622, 0.152147, 0.232501), (-0.870073, 0.208885, 0.446475), (-0.534331, 0.084629, 0.841028), (-0.716851, 0.056417, 0.69494), (-0.716851, 0.056417, 0.69494), (-0.540993, 0, 0.841027), (-0.716851, 0.056417, 0.69494), (-0.892042, 0.070205, 0.446466), (-0.892042, 0.070205, 0.446466), (-0.716851, 0.056417, 0.69494), (-0.892042, 0.070205, 0.446466), (-0.960622, 0.152147, 0.232501), (-0.972598, 0.000001, 0.232492), (-0.892042, 0.070205, 0.446466), (-0.540993, 0, 0.841027), (-0.71685, -0.056416, 0.694941), (-0.71685, -0.056416, 0.694941), (-0.534333, -0.084629, 0.841027), (-0.71685, -0.056416, 0.694941), (-0.892039, -0.070203, 0.446472), (-0.892039, -0.070203, 0.446472), (-0.71685, -0.056416, 0.694941), (-0.892039, -0.070203, 0.446472), (-0.972598, 0.000001, 0.232492), (-0.960622, -0.152146, 0.232501), (-0.892039, -0.070203, 0.446472), (-0.534333, -0.084629, 0.841027), (-0.699205, -0.167865, 0.694934), (-0.699205, -0.167865, 0.694934), (-0.514513, -0.167176, 0.841028), (-0.699205, -0.167865, 0.694934), (-0.870073, -0.208886, 0.446474), (-0.870073, -0.208886, 0.446474), (-0.699205, -0.167865, 0.694934), (-0.870073, -0.208886, 0.446474), (-0.960622, -0.152146, 0.232501), (-0.924994, -0.300549, 0.232501), (-0.870073, -0.208886, 0.446474), (-0.514513, -0.167176, 0.841028), (-0.664327, -0.275173, 0.694945), (-0.664327, -0.275173, 0.694945), (-0.482027, -0.245605, 0.841028), (-0.664327, -0.275173, 0.694945), (-0.826685, -0.342424, 0.446473), (-0.826685, -0.342424, 0.446473), (-0.664327, -0.275173, 0.694945), (-0.826685, -0.342424, 0.446473), (-0.924994, -0.300549, 0.232501), (-0.86659, -0.44155, 0.232497), (-0.826685, -0.342424, 0.446473), (-0.482027, -0.245605, 0.841028), (-0.613102, -0.375709, 0.694945), (-0.613102, -0.375709, 0.694945), (-0.43767, -0.317987, 0.841029), (-0.613102, -0.375709, 0.694945), (-0.762937, -0.467529, 0.446479), (-0.762937, -0.467529, 0.446479), (-0.613102, -0.375709, 0.694945), (-0.762937, -0.467529, 0.446479), (-0.86659, -0.44155, 0.232497), (-0.786846, -0.571678, 0.232503), (-0.762937, -0.467529, 0.446479), (-0.43767, -0.317987, 0.841029), (-0.546779, -0.466996, 0.694944), (-0.546779, -0.466996, 0.694944), (-0.38254, -0.38254, 0.841027), (-0.546779, -0.466996, 0.694944), (-0.680405, -0.581123, 0.44648), (-0.680405, -0.581123, 0.44648), (-0.546779, -0.466996, 0.694944), (-0.680405, -0.581123, 0.44648), (-0.786846, -0.571678, 0.232503), (-0.68773, -0.68773, 0.232499), (-0.680405, -0.581123, 0.44648), (-0.38254, -0.38254, 0.841027), (-0.466995, -0.546779, 0.694945), (-0.466995, -0.546779, 0.694945), (-0.31799, -0.437674, 0.841025), (-0.466995, -0.546779, 0.694945), (-0.581123, -0.680406, 0.446479), (-0.581123, -0.680406, 0.446479), (-0.466995, -0.546779, 0.694945), (-0.581123, -0.680406, 0.446479), (-0.68773, -0.68773, 0.232499), (-0.571679, -0.786848, 0.232495), (-0.581123, -0.680406, 0.446479), (-0.31799, -0.437674, 0.841025), (-0.375711, -0.613104, 0.694942), (-0.375711, -0.613104, 0.694942), (-0.245605, -0.482025, 0.841029), (-0.375711, -0.613104, 0.694942), (-0.46753, -0.762939, 0.446475), (-0.46753, -0.762939, 0.446475), (-0.375711, -0.613104, 0.694942), (-0.46753, -0.762939, 0.446475), (-0.571679, -0.786848, 0.232495), (-0.44155, -0.866591, 0.232494), (-0.46753, -0.762939, 0.446475), (-0.245605, -0.482025, 0.841029), (-0.275174, -0.664328, 0.694945), (-0.275174, -0.664328, 0.694945), (-0.167175, -0.514511, 0.84103), (-0.275174, -0.664328, 0.694945), (-0.342426, -0.826688, 0.446465), (-0.342426, -0.826688, 0.446465), (-0.275174, -0.664328, 0.694945), (-0.342426, -0.826688, 0.446465), (-0.44155, -0.866591, 0.232494), (-0.300549, -0.924996, 0.232494), (-0.342426, -0.826688, 0.446465), (-0.167175, -0.514511, 0.84103), (-0.167863, -0.699201, 0.694939), (-0.167863, -0.699201, 0.694939), (-0.084629, -0.534335, 0.841026), (-0.167863, -0.699201, 0.694939), (-0.208886, -0.870076, 0.44647), (-0.208886, -0.870076, 0.44647), (-0.167863, -0.699201, 0.694939), (-0.208886, -0.870076, 0.44647), (-0.300549, -0.924996, 0.232494), (-0.152147, -0.960623, 0.232496), (-0.208886, -0.870076, 0.44647), (-0.084629, -0.534335, 0.841026), (-0.056416, -0.716854, 0.694937), (-0.056416, -0.716854, 0.694937), (0, -0.540998, 0.841024), (-0.056416, -0.716854, 0.694937), (-0.070203, -0.892038, 0.446474), (-0.070203, -0.892038, 0.446474), (-0.056416, -0.716854, 0.694937), (-0.070203, -0.892038, 0.446474), (-0.152147, -0.960623, 0.232496), (-0, -0.972597, 0.232497), (-0.070203, -0.892038, 0.446474), (0, -0.540998, 0.841024), (0.056416, -0.716854, 0.694937), (0.056416, -0.716854, 0.694937), (0.08463, -0.534337, 0.841024), (0.056416, -0.716854, 0.694937), (0.070203, -0.892038, 0.446474), (0.070203, -0.892038, 0.446474), (0.056416, -0.716854, 0.694937), (0.070203, -0.892038, 0.446474), (-0, -0.972597, 0.232497), (0.152147, -0.960623, 0.232498), (0.070203, -0.892038, 0.446474), (0.08463, -0.534337, 0.841024), (0.167865, -0.699202, 0.694938), (0.167865, -0.699202, 0.694938), (0.167176, -0.514516, 0.841026), (0.167865, -0.699202, 0.694938), (0.208887, -0.870072, 0.446476), (0.208887, -0.870072, 0.446476), (0.167865, -0.699202, 0.694938), (0.208887, -0.870072, 0.446476), (0.152147, -0.960623, 0.232498), (0.300549, -0.924995, 0.232497), (0.208887, -0.870072, 0.446476), (0.167176, -0.514516, 0.841026), (0.275173, -0.664331, 0.694942), (0.275173, -0.664331, 0.694942), (0.245604, -0.482026, 0.841028), (0.275173, -0.664331, 0.694942), (0.342423, -0.826687, 0.44647), (0.342423, -0.826687, 0.44647), (0.275173, -0.664331, 0.694942), (0.342423, -0.826687, 0.44647), (0.300549, -0.924995, 0.232497), (0.44155, -0.866591, 0.232495), (0.342423, -0.826687, 0.44647), (0.245604, -0.482026, 0.841028), (0.375713, -0.613105, 0.694941), (0.375713, -0.613105, 0.694941), (0.317989, -0.437672, 0.841027), (0.375713, -0.613105, 0.694941), (0.467532, -0.762941, 0.446469), (0.467532, -0.762941, 0.446469), (0.375713, -0.613105, 0.694941), (0.467532, -0.762941, 0.446469), (0.44155, -0.866591, 0.232495), (0.57168, -0.786848, 0.232491), (0.467532, -0.762941, 0.446469), (0.317989, -0.437672, 0.841027), (0.466993, -0.546778, 0.694947), (0.466993, -0.546778, 0.694947), (0.382541, -0.382541, 0.841026), (0.466993, -0.546778, 0.694947), (0.581124, -0.680408, 0.446475), (0.581124, -0.680408, 0.446475), (0.466993, -0.546778, 0.694947), (0.581124, -0.680408, 0.446475), (0.57168, -0.786848, 0.232491), (0.68773, -0.68773, 0.232497), (0.581124, -0.680408, 0.446475), (0.382541, -0.382541, 0.841026), (0.546782, -0.466998, 0.69494), (0.546782, -0.466998, 0.69494), (0.437673, -0.317989, 0.841026), (0.546782, -0.466998, 0.69494), (0.680406, -0.581122, 0.44648), (0.680406, -0.581122, 0.44648), (0.546782, -0.466998, 0.69494), (0.680406, -0.581122, 0.44648), (0.68773, -0.68773, 0.232497), (0.786845, -0.571677, 0.232507), (0.680406, -0.581122, 0.44648), (0.437673, -0.317989, 0.841026), (0.61311, -0.375714, 0.694935), (0.61311, -0.375714, 0.694935), (0.482028, -0.245606, 0.841027), (0.61311, -0.375714, 0.694935), (0.762937, -0.467529, 0.44648), (0.762937, -0.467529, 0.44648), (0.61311, -0.375714, 0.694935), (0.762937, -0.467529, 0.44648), (0.786845, -0.571677, 0.232507), (0.866588, -0.441549, 0.232509), (0.762937, -0.467529, 0.44648), (0.482028, -0.245606, 0.841027), (0.664341, -0.275179, 0.69493), (0.664341, -0.275179, 0.69493), (0.514506, -0.167174, 0.841033), (0.664341, -0.275179, 0.69493), (0.826687, -0.342425, 0.446468), (0.826687, -0.342425, 0.446468), (0.664341, -0.275179, 0.69493), (0.826687, -0.342425, 0.446468), (0.866588, -0.441549, 0.232509), (0.924993, -0.300549, 0.232505), (0.826687, -0.342425, 0.446468), (0.514506, -0.167174, 0.841033), (0.699194, -0.167862, 0.694946), (0.699194, -0.167862, 0.694946), (0.534324, -0.084627, 0.841033), (0.699194, -0.167862, 0.694946), (0.870076, -0.208888, 0.446467), (0.870076, -0.208888, 0.446467), (0.699194, -0.167862, 0.694946), (0.870076, -0.208888, 0.446467), (0.924993, -0.300549, 0.232505), (0.960623, -0.152147, 0.232497), (0.870076, -0.208888, 0.446467), (0.534324, -0.084627, 0.841033), (0.716851, -0.056415, 0.69494), (0.716851, -0.056415, 0.69494), (0.540991, -0.000002, 0.841029), (0.716851, -0.056415, 0.69494), (0.892042, -0.070203, 0.446466), (0.892042, -0.070203, 0.446466), (0.716851, -0.056415, 0.69494), (0.892042, -0.070203, 0.446466), (0.960623, -0.152147, 0.232497), (0.972597, -0.000003, 0.232497), (0.892042, -0.070203, 0.446466)] (
            interpolation = "faceVarying"
        )
        point3f[] points = [(-0, 0.000046318197, 0.02738663), (0.017729428, 0.0028543235, 0.000578125), (0.017071879, 0.0055932775, 0.000578125), (0.015993986, 0.008195622, 0.000578125), (0.014522247, 0.010597277, 0.000578125), (0.012692891, 0.012739139, 0.000578125), (0.01055103, 0.014568495, 0.000578125), (0.0081493035, 0.016040234, 0.000578125), (0.0055470304, 0.017118126, 0.000578125), (0.0028080763, 0.017775746, 0.000578125), (0, 0.01799668, 0.000578125), (-0.0028080763, 0.017775746, 0.000578125), (-0.0055469596, 0.017118126, 0.000578125), (-0.0081493035, 0.016040234, 0.000578125), (-0.010550959, 0.014568495, 0.000578125), (-0.012692891, 0.012739139, 0.000578125), (-0.014522176, 0.010597277, 0.000578125), (-0.015993915, 0.008195622, 0.000578125), (-0.017071879, 0.0055932775, 0.000578125), (-0.017729428, 0.0028543235, 0.000578125), (-0.017950432, 0.000046318197, 0.000578125), (-0.017729428, -0.0027617582, 0.000578125), (-0.017071879, -0.0055007124, 0.000578125), (-0.015993915, -0.008103056, 0.000578125), (-0.014522176, -0.010504711, 0.000578125), (-0.012692891, -0.012646574, 0.000578125), (-0.01055103, -0.014475929, 0.000578125), (-0.0081493035, -0.015947668, 0.000578125), (-0.0055469596, -0.01702556, 0.000578125), (-0.0028080763, -0.01768318, 0.000578125), (0, -0.017904116, 0.000578125), (0.0028080763, -0.01768318, 0.000578125), (0.0055469596, -0.01702556, 0.000578125), (0.0081493035, -0.015947668, 0.000578125), (0.01055103, -0.014475929, 0.000578125), (0.012692891, -0.012646574, 0.000578125), (0.014522176, -0.010504711, 0.000578125), (0.015993915, -0.008103056, 0.000578125), (0.017071879, -0.0055007124, 0.000578125), (0.017729428, -0.0027617582, 0.000578125), (0.017950432, 0.000046247158, 0.000578125), (0.016381653, 0.0026408478, 0.0003604579), (0.016257688, 0.0026212407, 0.00037345823), (0.01615674, 0.0026052566, 0.00044755315), (0.016105946, 0.002597229, 0.0005627803), (0.015774118, 0.005171583, 0.0003604579), (0.015654698, 0.0051327953, 0.00037345823), (0.015557515, 0.0051012533, 0.00044755315), (0.015508569, 0.0050853402, 0.0005627803), (0.0147781335, 0.00757608, 0.0003604579), (0.014666245, 0.007519106, 0.00037345823), (0.014575243, 0.0074727167, 0.00044755315), (0.014529351, 0.0074493447, 0.0005627803), (0.013418282, 0.009795234, 0.0003604579), (0.013316696, 0.009721423, 0.00037345823), (0.013234004, 0.009661322, 0.00044755315), (0.013192375, 0.009631131, 0.0005627803), (0.011727952, 0.011774271, 0.0003604579), (0.011639223, 0.01168547, 0.00037345823), (0.011566975, 0.011613223, 0.00044755315), (0.011530603, 0.01157685, 0.0005627803), (0.009748915, 0.01346453, 0.0003604579), (0.009675176, 0.013362942, 0.00037345823), (0.009615076, 0.013280323, 0.00044755315), (0.009584812, 0.013238693, 0.0005627803), (0.007529833, 0.014824381, 0.00036038685), (0.0074728588, 0.014712564, 0.00037345823), (0.0074264696, 0.014621491, 0.00044755315), (0.0074030976, 0.01457567, 0.0005627803), (0.005125336, 0.015820364, 0.00036038685), (0.005086548, 0.015701016, 0.00037345823), (0.0050549353, 0.015603834, 0.00044755315), (0.0050390223, 0.015554887, 0.0005627803), (0.0025946007, 0.016427971, 0.00036038685), (0.0025749935, 0.016303934, 0.00037345823), (0.0025590095, 0.016203057, 0.00044755315), (0.002550911, 0.016152194, 0.0005627803), (0, 0.01663214, 0.00036038685), (0, 0.016506612, 0.00037345823), (0, 0.016404457, 0.00044755315), (0, 0.016352953, 0.0005627803), (-0.0025946007, 0.016427971, 0.00036038685), (-0.0025749225, 0.016303934, 0.00037345823), (-0.0025589385, 0.016203057, 0.00044755315), (-0.002550911, 0.016152194, 0.0005627803), (-0.005125336, 0.015820364, 0.00036038685), (-0.005086548, 0.015701016, 0.00037345823), (-0.0050549353, 0.015603834, 0.00044755315), (-0.0050390223, 0.015554887, 0.0005627803), (-0.007529833, 0.014824381, 0.00036038685), (-0.0074728588, 0.014712564, 0.00037345823), (-0.0074264696, 0.014621491, 0.00044755315), (-0.0074030976, 0.01457567, 0.0005627803), (-0.009748915, 0.01346453, 0.00036038685), (-0.009675104, 0.013362942, 0.00037345823), (-0.009615076, 0.013280323, 0.00044755315), (-0.009584812, 0.013238693, 0.0005627803), (-0.011727952, 0.011774271, 0.00036038685), (-0.011639223, 0.01168547, 0.00037345823), (-0.011566975, 0.011613223, 0.00044755315), (-0.011530532, 0.01157685, 0.0005627803), (-0.013418212, 0.009795234, 0.00036038685), (-0.013316696, 0.009721423, 0.00037345823), (-0.013234004, 0.009661393, 0.00044755315), (-0.013192375, 0.009631131, 0.0005627803), (-0.0147781335, 0.00757608, 0.00036038685), (-0.014666245, 0.007519106, 0.00037345823), (-0.014575243, 0.0074727167, 0.00044755315), (-0.014529351, 0.0074493447, 0.0005627803), (-0.015774118, 0.005171583, 0.00036038685), (-0.015654698, 0.0051327953, 0.00037345823), (-0.015557515, 0.0051012533, 0.00044755315), (-0.015508569, 0.0050853402, 0.0005627803), (-0.016381653, 0.0026409188, 0.00036038685), (-0.016257688, 0.0026212407, 0.00037345823), (-0.01615674, 0.0026052566, 0.00044755315), (-0.016105946, 0.002597229, 0.0005627803), (-0.016585894, 0.000046318197, 0.00036038685), (-0.016460294, 0.000046318197, 0.00037345823), (-0.016358139, 0.000046318197, 0.00044755315), (-0.016306706, 0.000046318197, 0.0005627803), (-0.016381653, -0.0025482823, 0.00036038685), (-0.016257688, -0.0025286754, 0.00037345823), (-0.01615674, -0.0025126913, 0.00044755315), (-0.016105946, -0.0025046638, 0.0005627803), (-0.015774118, -0.005079018, 0.00036038685), (-0.015654698, -0.0050402298, 0.00037345823), (-0.015557515, -0.005008688, 0.00044755315), (-0.015508569, -0.004992775, 0.0005627803), (-0.0147781335, -0.007483515, 0.00036038685), (-0.014666245, -0.007426541, 0.00037345823), (-0.014575243, -0.007380151, 0.00044755315), (-0.014529351, -0.007356779, 0.0005627803), (-0.013418212, -0.009702668, 0.00036038685), (-0.013316696, -0.0096288575, 0.00037345823), (-0.013234004, -0.009568757, 0.00044755315), (-0.013192375, -0.009538565, 0.0005627803), (-0.011727952, -0.011681706, 0.00036038685), (-0.011639223, -0.011592905, 0.00037345823), (-0.011566975, -0.011520658, 0.00044755315), (-0.011530532, -0.011484285, 0.0005627803), (-0.009748915, -0.013371965, 0.00036038685), (-0.009675104, -0.013270377, 0.00037345823), (-0.009615076, -0.013187758, 0.00044755315), (-0.009584812, -0.013146128, 0.0005627803), (-0.007529833, -0.014731816, 0.00036038685), (-0.0074728588, -0.014619999, 0.00037345823), (-0.0074264696, -0.014528925, 0.00044755315), (-0.0074030976, -0.0144831035, 0.0005627803), (-0.005125336, -0.0157278, 0.00036038685), (-0.005086548, -0.015608451, 0.00037345823), (-0.0050549353, -0.015511269, 0.00044755315), (-0.0050390223, -0.015462322, 0.0005627803), (-0.0025946007, -0.016335405, 0.00036038685), (-0.0025749935, -0.01621137, 0.00037345823), (-0.0025589385, -0.016110493, 0.00044755315), (-0.002550911, -0.016059628, 0.0005627803), (0, -0.016539576, 0.00036038685), (0, -0.016414046, 0.00037345823), (0, -0.016311891, 0.00044755315), (0, -0.016260387, 0.0005627803), (0.0025946007, -0.016335405, 0.00036038685), (0.0025749935, -0.01621137, 0.00037345823), (0.0025590095, -0.016110493, 0.00044755315), (0.002550911, -0.016059628, 0.0005627803), (0.005125336, -0.0157278, 0.00036038685), (0.005086548, -0.015608451, 0.00037345823), (0.0050549353, -0.015511197, 0.00044755315), (0.0050390223, -0.015462322, 0.0005627803), (0.007529833, -0.014731816, 0.00036038685), (0.0074728588, -0.014619999, 0.00037345823), (0.0074264696, -0.014528925, 0.00044755315), (0.0074030976, -0.0144831035, 0.0005627803), (0.009748915, -0.013371965, 0.0003604579), (0.009675104, -0.013270377, 0.00037345823), (0.009615076, -0.013187758, 0.00044755315), (0.009584812, -0.013146128, 0.0005627803), (0.011727952, -0.011681706, 0.0003604579), (0.011639223, -0.011592905, 0.00037345823), (0.011566975, -0.011520658, 0.00044755315), (0.011530532, -0.011484285, 0.0005627803), (0.013418212, -0.009702668, 0.0003604579), (0.013316696, -0.0096288575, 0.00037345823), (0.013234004, -0.009568757, 0.00044755315), (0.013192375, -0.009538565, 0.0005627803), (0.0147781335, -0.007483515, 0.0003604579), (0.014666245, -0.007426541, 0.00037345823), (0.014575243, -0.007380151, 0.00044755315), (0.014529351, -0.007356779, 0.0005627803), (0.015774118, -0.005079018, 0.0003604579), (0.015654698, -0.0050402298, 0.00037345823), (0.015557515, -0.005008688, 0.00044755315), (0.015508569, -0.004992775, 0.0005627803), (0.016381653, -0.0025483535, 0.0003604579), (0.016257688, -0.0025286754, 0.00037345823), (0.01615674, -0.0025126913, 0.00044755315), (0.016105946, -0.0025046638, 0.0005627803), (0.016585894, 0.000046247158, 0.0003604579), (0.016460294, 0.000046247158, 0.00037345823), (0.016358139, 0.000046247158, 0.00044755315), (0.016306706, 0.000046247158, 0.0005627803), (0.0036795263, 0.0006290608, 0.02758611), (0.003625749, 0.000620536, 0.02760998), (0.0035688456, 0.0006115139, 0.027624544), (0.0035103795, 0.0006022787, 0.027629444), (0.003543058, 0.0011975244, 0.02758611), (0.0034913407, 0.0011806878, 0.02760998), (0.0034364976, 0.0011628567, 0.027624544), (0.0033801629, 0.0011445994, 0.027629444), (0.0033193524, 0.0017375718, 0.02758611), (0.0032708321, 0.0017128498, 0.02760998), (0.003219541, 0.001686707, 0.027624544), (0.0031667582, 0.0016597828, 0.027629444), (0.0030139508, 0.0022360608, 0.02758611), (0.0029699057, 0.0022040217, 0.02760998), (0.0029232325, 0.0021701355, 0.027624544), (0.0028753513, 0.0021353257, 0.027629444), (0.002634241, 0.0026805592, 0.02758611), (0.002595737, 0.0026420555, 0.02760998), (0.002555031, 0.0026012782, 0.027624544), (0.0025131174, 0.0025594358, 0.027629444), (0.0021897426, 0.003060198, 0.02758611), (0.0021577745, 0.0030161531, 0.02760998), (0.0021238883, 0.0029695507, 0.027624544), (0.0020890785, 0.0029215985, 0.027629444), (0.0016913246, 0.0033656708, 0.02758611), (0.0016666027, 0.0033171503, 0.02760998), (0.0016404599, 0.0032657883, 0.027624544), (0.0016135357, 0.0032130054, 0.027629444), (0.0011512062, 0.0035893763, 0.02758611), (0.0011343696, 0.0035375878, 0.02760998), (0.0011166096, 0.003482816, 0.027624544), (0.0010982812, 0.003426481, 0.027629444), (0.00058281363, 0.0037258444, 0.02758611), (0.00057428883, 0.003672067, 0.02760998), (0.0005652667, 0.0036151637, 0.027624544), (0.00055596046, 0.0035566266, 0.027629444), (-0, 0.0037716653, 0.02758611), (-0, 0.0037172486, 0.02760998), (-0, 0.003659635, 0.027624544), (-0, 0.0036003874, 0.027629444), (-0.00058281363, 0.0037258444, 0.02758611), (-0.00057428883, 0.003672067, 0.02760998), (-0.0005652667, 0.0036151637, 0.027624544), (-0.00055596046, 0.0035566266, 0.027629444), (-0.0011512062, 0.0035893763, 0.02758611), (-0.0011343696, 0.0035375878, 0.02760998), (-0.0011166096, 0.003482816, 0.027624544), (-0.0010982812, 0.003426481, 0.027629444), (-0.0016913246, 0.0033656708, 0.02758611), (-0.0016666027, 0.0033171503, 0.02760998), (-0.0016403889, 0.0032657883, 0.027624544), (-0.0016135357, 0.0032130054, 0.027629444), (-0.0021897426, 0.003060198, 0.02758611), (-0.0021577745, 0.0030161531, 0.02760998), (-0.0021238883, 0.0029695507, 0.027624544), (-0.0020890785, 0.0029215985, 0.027629444), (-0.002634241, 0.0026805592, 0.02758611), (-0.002595737, 0.0026420555, 0.02760998), (-0.002555031, 0.0026012782, 0.027624544), (-0.0025131174, 0.0025594358, 0.027629444), (-0.0030139508, 0.0022360608, 0.02758611), (-0.0029699057, 0.0022040217, 0.02760998), (-0.0029232325, 0.0021701355, 0.027624544), (-0.0028753513, 0.0021353257, 0.027629444), (-0.0033193524, 0.0017375718, 0.02758611), (-0.0032708321, 0.0017128498, 0.02760998), (-0.003219541, 0.001686707, 0.027624544), (-0.0031667582, 0.0016598538, 0.027629444), (-0.003543058, 0.0011975244, 0.02758611), (-0.0034912697, 0.0011806878, 0.02760998), (-0.0034364976, 0.0011628567, 0.027624544), (-0.0033801629, 0.0011445994, 0.027629444), (-0.0036795263, 0.0006290608, 0.02758611), (-0.003625749, 0.000620536, 0.02760998), (-0.0035688456, 0.0006115139, 0.027624544), (-0.0035103795, 0.0006022787, 0.027629444), (-0.0037254181, 0.000046318197, 0.02758611), (-0.0036709304, 0.000046318197, 0.02760998), (-0.0036133167, 0.000046318197, 0.027624544), (-0.0035541402, 0.000046318197, 0.027629444), (-0.0036795263, -0.00053649547, 0.02758611), (-0.003625749, -0.0005279706, 0.02760998), (-0.0035688456, -0.00051894854, 0.027624544), (-0.0035103795, -0.0005097133, 0.027629444), (-0.003543058, -0.0011049589, 0.02758611), (-0.0034912697, -0.0010881225, 0.02760998), (-0.0034364976, -0.0010702914, 0.027624544), (-0.0033801629, -0.001051963, 0.027629444), (-0.0033193524, -0.0016450065, 0.02758611), (-0.0032708321, -0.0016202845, 0.02760998), (-0.003219541, -0.0015941417, 0.027624544), (-0.0031667582, -0.0015672174, 0.027629444), (-0.0030139508, -0.0021434955, 0.02758611), (-0.0029699057, -0.0021114564, 0.02760998), (-0.0029232325, -0.0020775702, 0.027624544), (-0.0028753513, -0.0020427604, 0.027629444), (-0.002634241, -0.0025879939, 0.02758611), (-0.002595737, -0.00254949, 0.02760998), (-0.002555031, -0.002508713, 0.027624544), (-0.0025131174, -0.0024668702, 0.027629444), (-0.0021897426, -0.0029676326, 0.02758611), (-0.0021577745, -0.0029235876, 0.02760998), (-0.0021238883, -0.0028769854, 0.027624544), (-0.0020890785, -0.0028290332, 0.027629444), (-0.0016913246, -0.0032731052, 0.02758611), (-0.0016666027, -0.003224585, 0.02760998), (-0.0016403889, -0.0031732228, 0.027624544), (-0.0016135357, -0.00312044, 0.027629444), (-0.0011512062, -0.0034968108, 0.02758611), (-0.0011343696, -0.0034450225, 0.02760998), (-0.0011166096, -0.0033901795, 0.027624544), (-0.0010982812, -0.0033339157, 0.027629444), (-0.00058281363, -0.0036332791, 0.02758611), (-0.00057428883, -0.0035795015, 0.02760998), (-0.0005652667, -0.0035225984, 0.027624544), (-0.00055596046, -0.0034640613, 0.027629444), (-0, -0.0036791, 0.02758611), (-0, -0.0036246832, 0.02760998), (-0, -0.0035670695, 0.027624544), (-0, -0.003507822, 0.027629444), (0.00058281363, -0.0036332791, 0.02758611), (0.00057428883, -0.0035795015, 0.02760998), (0.0005652667, -0.0035225984, 0.027624544), (0.00055596046, -0.0034640613, 0.027629444), (0.0011512062, -0.0034968108, 0.02758611), (0.0011343696, -0.0034450225, 0.02760998), (0.0011166096, -0.0033901795, 0.027624544), (0.0010982812, -0.0033339157, 0.027629444), (0.0016913246, -0.0032731052, 0.02758611), (0.0016666027, -0.003224585, 0.02760998), (0.0016404599, -0.0031732228, 0.027624544), (0.0016135357, -0.00312044, 0.027629444), (0.0021897426, -0.0029676326, 0.02758611), (0.0021577745, -0.0029235876, 0.02760998), (0.0021238883, -0.0028769854, 0.027624544), (0.0020890785, -0.0028290332, 0.027629444), (0.002634241, -0.0025879939, 0.02758611), (0.002595737, -0.00254949, 0.02760998), (0.002555031, -0.002508713, 0.027624544), (0.0025131174, -0.0024668702, 0.027629444), (0.0030139508, -0.0021434955, 0.02758611), (0.0029699057, -0.0021114564, 0.02760998), (0.0029232325, -0.0020775702, 0.027624544), (0.0028753513, -0.0020427604, 0.027629444), (0.0033193524, -0.0016450065, 0.02758611), (0.0032708321, -0.0016202845, 0.02760998), (0.003219541, -0.0015941417, 0.027624544), (0.0031667582, -0.0015672174, 0.027629444), (0.003543058, -0.0011049589, 0.02758611), (0.0034912697, -0.0010881225, 0.02760998), (0.0034364976, -0.0010702914, 0.027624544), (0.0033801629, -0.0010520341, 0.027629444), (0.0036795263, -0.00053649547, 0.02758611), (0.003625749, -0.0005279706, 0.02760998), (0.0035688456, -0.00051894854, 0.027624544), (0.0035103795, -0.0005097133, 0.027629444), (0.0037254181, 0.000046318197, 0.02758611), (0.0036709304, 0.000046318197, 0.02760998), (0.0036133167, 0.000046318197, 0.027624544), (0.0035541402, 0.000046318197, 0.027629444), (0.012632507, 0.0020470938, 0.022608466), (0.012615529, 0.0020443944, 0.02266203), (0.012583419, 0.0020392796, 0.022707852), (0.01253916, 0.0020322464, 0.02274181), (0.012163998, 0.003998568, 0.022608466), (0.012147587, 0.0039933105, 0.02266203), (0.012116685, 0.003983223, 0.022707852), (0.012074061, 0.0039693704, 0.02274181), (0.011395911, 0.0058527873, 0.022608466), (0.011380637, 0.005844973, 0.02266203), (0.011351652, 0.0058301967, 0.022707852), (0.0113117285, 0.0058098794, 0.02274181), (0.010347286, 0.0075640036, 0.022608466), (0.010333363, 0.0075539155, 0.02266203), (0.010307078, 0.0075348057, 0.022707852), (0.010270847, 0.0075084497, 0.02274181), (0.009043842, 0.00909016, 0.022608466), (0.009031693, 0.009078012, 0.02266203), (0.009008677, 0.009054995, 0.022707852), (0.008976992, 0.009023311, 0.02274181), (0.0075177564, 0.010393605, 0.022608466), (0.0075076683, 0.010379681, 0.02266203), (0.0074885585, 0.010353325, 0.022707852), (0.0074622026, 0.010317095, 0.02274181), (0.00580654, 0.011442229, 0.022608466), (0.005798726, 0.011426885, 0.02266203), (0.0057839495, 0.0113979, 0.022707852), (0.0057636322, 0.011357975, 0.02274181), (0.0039523207, 0.012210244, 0.022608466), (0.0039469926, 0.012193905, 0.02266203), (0.0039369757, 0.012163003, 0.022707852), (0.003923123, 0.012120378, 0.02274181), (0.0020007757, 0.0126787545, 0.022608466), (0.0019980762, 0.012661776, 0.02266203), (0.0019930324, 0.012629665, 0.022707852), (0.0019859993, 0.012585407, 0.02274181), (0, 0.0128362505, 0.022608466), (0, 0.012819059, 0.02266203), (0, 0.0127865225, 0.022707852), (0, 0.012741696, 0.02274181), (-0.0020007757, 0.0126787545, 0.022608466), (-0.0019980762, 0.012661776, 0.02266203), (-0.0019930324, 0.012629665, 0.022707852), (-0.0019859993, 0.012585407, 0.02274181), (-0.0039523207, 0.012210244, 0.022608466), (-0.0039469926, 0.012193905, 0.02266203), (-0.0039369757, 0.012163003, 0.022707852), (-0.003923123, 0.012120378, 0.02274181), (-0.00580654, 0.011442229, 0.022608466), (-0.005798726, 0.011426885, 0.02266203), (-0.0057839495, 0.0113979, 0.022707852), (-0.0057636322, 0.011357975, 0.02274181), (-0.0075177564, 0.010393605, 0.022608466), (-0.0075076683, 0.010379681, 0.02266203), (-0.0074884878, 0.010353325, 0.022707852), (-0.0074622026, 0.010317095, 0.02274181), (-0.009043842, 0.00909016, 0.022608466), (-0.009031693, 0.009078012, 0.02266203), (-0.009008677, 0.009054995, 0.022707852), (-0.008976992, 0.009023311, 0.02274181), (-0.010347286, 0.0075640036, 0.022608466), (-0.010333363, 0.0075539155, 0.02266203), (-0.010307078, 0.0075348057, 0.022707852), (-0.010270847, 0.0075084497, 0.02274181), (-0.011395911, 0.0058527873, 0.022608466), (-0.011380637, 0.005844973, 0.02266203), (-0.011351652, 0.0058301967, 0.022707852), (-0.0113117285, 0.0058098794, 0.02274181), (-0.012163998, 0.003998568, 0.022608466), (-0.012147587, 0.0039933105, 0.02266203), (-0.012116685, 0.003983223, 0.022707852), (-0.012074061, 0.0039693704, 0.02274181), (-0.012632507, 0.0020470938, 0.022608466), (-0.012615529, 0.0020443944, 0.02266203), (-0.012583347, 0.0020392796, 0.022707852), (-0.01253916, 0.0020323175, 0.02274181), (-0.012789932, 0.000046318197, 0.022608466), (-0.012772741, 0.000046318197, 0.02266203), (-0.012740204, 0.000046318197, 0.022707852), (-0.0126954485, 0.000046318197, 0.02274181), (-0.012632507, -0.0019545285, 0.022608466), (-0.012615529, -0.001951829, 0.02266203), (-0.012583419, -0.0019467141, 0.022707852), (-0.01253916, -0.0019397521, 0.02274181), (-0.012163998, -0.0039060023, 0.022608466), (-0.012147587, -0.0039007454, 0.02266203), (-0.012116685, -0.0038906576, 0.022707852), (-0.012074061, -0.0038768048, 0.02274181), (-0.011395911, -0.005760222, 0.022608466), (-0.011380637, -0.0057524075, 0.02266203), (-0.011351652, -0.005737631, 0.022707852), (-0.0113117285, -0.005717314, 0.02274181), (-0.010347286, -0.007471438, 0.022608466), (-0.010333363, -0.0074613504, 0.02266203), (-0.010307078, -0.0074422406, 0.022707852), (-0.010270847, -0.0074158846, 0.02274181), (-0.009043842, -0.008997594, 0.022608466), (-0.009031693, -0.008985447, 0.02266203), (-0.009008677, -0.008962429, 0.022707852), (-0.008976992, -0.008930746, 0.02274181), (-0.0075177564, -0.01030104, 0.022608466), (-0.0075076683, -0.010287115, 0.02266203), (-0.0074884878, -0.01026076, 0.022707852), (-0.0074622026, -0.01022453, 0.02274181), (-0.00580654, -0.011349664, 0.022608466), (-0.005798726, -0.011334319, 0.02266203), (-0.0057839495, -0.011305335, 0.022707852), (-0.0057636322, -0.01126541, 0.02274181), (-0.0039523207, -0.012117679, 0.022608466), (-0.0039469926, -0.01210134, 0.02266203), (-0.0039369757, -0.012070437, 0.022707852), (-0.003923123, -0.012027813, 0.02274181), (-0.0020007757, -0.012586189, 0.022608466), (-0.0019980762, -0.0125692105, 0.02266203), (-0.0019930324, -0.0125371, 0.022707852), (-0.0019859993, -0.012492842, 0.02274181), (0, -0.012743685, 0.022608466), (0, -0.012726493, 0.02266203), (0, -0.012693957, 0.022707852), (0, -0.012649131, 0.02274181), (0.0020007757, -0.012586189, 0.022608466), (0.0019980762, -0.0125692105, 0.02266203), (0.0019930324, -0.0125371, 0.022707852), (0.0019859993, -0.012492842, 0.02274181), (0.0039523207, -0.012117679, 0.022608466), (0.0039469926, -0.01210134, 0.02266203), (0.0039369757, -0.012070437, 0.022707852), (0.003923123, -0.012027813, 0.02274181), (0.00580654, -0.011349664, 0.022608466), (0.005798726, -0.011334319, 0.02266203), (0.0057839495, -0.011305335, 0.022707852), (0.0057636322, -0.01126541, 0.02274181), (0.0075177564, -0.01030104, 0.022608466), (0.0075076683, -0.010287115, 0.02266203), (0.0074884878, -0.01026076, 0.022707852), (0.0074622026, -0.01022453, 0.02274181), (0.009043842, -0.008997594, 0.022608466), (0.009031693, -0.008985447, 0.02266203), (0.009008677, -0.008962429, 0.022707852), (0.008976992, -0.008930746, 0.02274181), (0.010347286, -0.007471438, 0.022608466), (0.010333363, -0.0074613504, 0.02266203), (0.010307078, -0.0074422406, 0.022707852), (0.010270847, -0.0074158846, 0.02274181), (0.011395911, -0.005760222, 0.022608466), (0.011380637, -0.0057524075, 0.02266203), (0.011351652, -0.005737631, 0.022707852), (0.0113117285, -0.005717314, 0.02274181), (0.012163998, -0.0039060023, 0.022608466), (0.012147587, -0.0039007454, 0.02266203), (0.012116685, -0.0038906576, 0.022707852), (0.012074061, -0.0038768048, 0.02274181), (0.012632507, -0.0019545285, 0.022608466), (0.012615529, -0.001951829, 0.02266203), (0.012583419, -0.0019467141, 0.022707852), (0.01253916, -0.0019397521, 0.02274181), (0.012789932, 0.000046247158, 0.022608466), (0.012772741, 0.000046247158, 0.02266203), (0.012740204, 0.000046247158, 0.022707852), (0.0126954485, 0.000046247158, 0.02274181)]
        uniform token subdivisionScheme = "none"
    }

    def Mesh "foil" (
        prepend apiSchemas = ["MaterialBindingAPI"]
    )
    {
        float3[] extent = [(-0.0185, -0.0185, 0), (0.0185, 0.0185, 0)]
        int[] faceVertexCounts = [4, 4, 4, 4, 4, 4, 4, 4, 4, 4, 4, 4, 4, 4, 4, 4, 4, 4, 4, 4, 4, 4, 4, 4, 4, 4, 4, 4, 4, 4, 4, 4, 4, 4, 4, 4, 4, 4, 4, 4, 4, 4, 4, 4, 4, 4, 4, 4, 4, 4, 4, 4, 4, 4, 4, 4, 4, 4, 4, 4, 4, 4, 4, 4, 4, 4, 4, 4, 4, 4, 4, 4, 4, 4, 4, 4, 4, 4, 4, 4, 40]
        int[] faceVertexIndices = [0, 1, 81, 80, 1, 2, 82, 81, 2, 3, 83, 82, 3, 4, 84, 83, 4, 5, 85, 84, 5, 6, 86, 85, 6, 7, 87, 86, 7, 8, 88, 87, 8, 9, 89, 88, 9, 10, 90, 89, 10, 11, 91, 90, 11, 12, 92, 91, 12, 13, 93, 92, 13, 14, 94, 93, 14, 15, 95, 94, 15, 16, 96, 95, 16, 17, 97, 96, 17, 18, 98, 97, 18, 19, 99, 98, 19, 20, 100, 99, 20, 21, 101, 100, 21, 22, 102, 101, 22, 23, 103, 102, 23, 24, 104, 103, 24, 25, 105, 104, 25, 26, 106, 105, 26, 27, 107, 106, 27, 28, 108, 107, 28, 29, 109, 108, 29, 30, 110, 109, 30, 31, 111, 110, 31, 32, 112, 111, 32, 33, 113, 112, 33, 34, 114, 113, 34, 35, 115, 114, 35, 36, 116, 115, 36, 37, 117, 116, 37, 38, 118, 117, 38, 39, 119, 118, 39, 0, 80, 119, 1, 0, 40, 41, 2, 1, 41, 42, 3, 2, 42, 43, 4, 3, 43, 44, 5, 4, 44, 45, 6, 5, 45, 46, 7, 6, 46, 47, 8, 7, 47, 48, 9, 8, 48, 49, 10, 9, 49, 50, 11, 10, 50, 51, 12, 11, 51, 52, 13, 12, 52, 53, 14, 13, 53, 54, 15, 14, 54, 55, 16, 15, 55, 56, 17, 16, 56, 57, 18, 17, 57, 58, 19, 18, 58, 59, 20, 19, 59, 60, 21, 20, 60, 61, 22, 21, 61, 62, 23, 22, 62, 63, 24, 23, 63, 64, 25, 24, 64, 65, 26, 25, 65, 66, 27, 26, 66, 67, 28, 27, 67, 68, 29, 28, 68, 69, 30, 29, 69, 70, 31, 30, 70, 71, 32, 31, 71, 72, 33, 32, 72, 73, 34, 33, 73, 74, 35, 34, 74, 75, 36, 35, 75, 76, 37, 36, 76, 77, 38, 37, 77, 78, 39, 38, 78, 79, 0, 39, 79, 40, 78, 77, 76, 75, 74, 73, 72, 71, 70, 69, 68, 67, 66, 65, 64, 63, 62, 61, 60, 59, 58, 57, 56, 55, 54, 53, 52, 51, 50, 49, 48, 47, 46, 45, 44, 43, 42, 41, 40, 79]
        rel material:binding = </capsule_pod/Looks/foil_mat>
        normal3f[] normals = [(0, 0, -1), (0, 0, -1), (0, -0, -1), (0, -0, -1), (0, 0, -1), (0, -0, -1), (0, -0, -1), (0, -0, -1), (0, -0, -1), (0, 0, -1), (0, 0, -1), (0, -0, -1), (0, 0, -1), (0, 0, -1), (0, 0, -1), (0, 0, -1), (0, 0, -1), (0, 0, -1), (0, -0, -1), (0, 0, -1), (0, 0, -1), (0, -0, -1), (0, -0, -1), (0, -0, -1), (0, -0, -1), (0, -0, -1), (0, -0, -1), (0, -0, -1), (0, -0, -1), (0, -0, -1), (0, 0, -1), (0, -0, -1), (0, -0, -1), (0, -0, -1), (0, 0, -1), (0, 0, -1), (0, -0, -1), (0, 0, -1), (0, -0, -1), (0, 0, -1), (0, 0, -1), (0, 0, -1), (0, 0, -1), (0, -0, -1), (0, 0, -1), (0, 0, -1), (0, 0, -1), (0, 0, -1), (0, 0, -1), (0, 0, -1), (0, 0.000001, -1), (0, 0, -1), (0, 0, -1), (0, 0, -1), (0, 0, -1), (0, 0.000001, -1), (0, 0, -1), (0, 0, -1), (0, 0.000001, -1), (0, 0, -1), (0, 0, -1), (0, 0, -1), (0, 0.000001, -1), (0, 0.000001, -1), (0, 0, -1), (0, 0, -1), (0, 0, -1), (0, 0.000001, -1), (0, 0, -1), (0, -0, -1), (0, -0, -1), (0, 0, -1), (0, -0, -1), (0, 0, -1), (0, 0, -1), (0, -0, -1), (0, 0, -1), (0, 0, -1), (0, 0, -1), (0, 0, -1), (0, 0, -1), (0, -0, -1), (0, -0, -1), (0, 0, -1), (0, -0, -1), (0, 0, -1), (0, -0, -1), (0, -0, -1), (0, 0, -1), (0, 0, -1), (0, 0, -1), (0, -0, -1), (0, 0, -1), (0, -0, -1), (0, 0, -1), (0, 0, -1), (0, -0, -1), (0, -0, -1), (0, -0, -1), (0, 0, -1), (0, -0, -1), (0, 0, -1), (0, -0, -1), (0, -0, -1), (0, 0, -1), (0, 0, -1), (0, -0, -1), (0, -0, -1), (0, 0, -1), (0, 0, -1), (0, -0, -1), (0, -0, -1), (0, 0, -1), (0, 0, -1), (0, -0, -1), (0, -0, -1), (0, 0, -1), (0, 0, -1), (0, 0, -1), (0, -0, -1), (0, 0, -1), (0, 0, -1), (0, 0, -1), (0, 0, -1), (0, 0, -1), (0, 0, -1), (0, -0, -1), (0, 0, -1), (0, 0, -1), (0, 0, -1), (0, 0, -1), (0, -0, -1), (0, 0, -1), (0, -0, -1), (0, -0, -1), (0, 0, -1), (0, -0, -1), (0, -0, -1), (0, 0, -1), (0, -0, -1), (0, -0, -1), (0, 0, -1), (0, 0.000001, -1), (0, 0, -1), (0, 0, -1), (0, 0, -1), (0, 0, -1), (0, 0.000001, -1), (0, 0, -1), (0, -0, -1), (0, -0, -1), (0, 0, -1), (0, -0, -1), (0, -0, -1), (0, -0, -1), (0, -0, -1), (0, -0, -1), (0, 0, -1), (0, -0, -1), (0, -0, -1), (0, 0, -1), (0, 0, -1), (0, 0, -1), (0, 0, -1), (0, -0, -1), (0, 0, -1), (0, 0, -1), (0, -0, -1), (0, 0, -1), (0, -0, -1), (0, -0, -1), (0, -0, -1), (0, 0, -1), (0, 0, -1), (0, -0, -1), (0, -0, -1), (0, 0, -1), (0, 0, -1), (0, -0, -1), (0, 0, -1), (0, -0, -1), (0, 0, -1), (0, 0, -1), (0, -0, -1), (0, -0, -1), (0, -0, -1), (0, -0, -1), (0, -0, -1), (0, -0, -1), (0, -0, -1), (0, -0, -1), (0, -0.000001, -1), (0, -0, -1), (0, -0, -1), (0, -0.000001, -1), (0, -0.000001, -1), (0, 0, -1), (0, -0, -1), (0, -0.000001, -1), (0, 0, -1), (0, 0, -1), (0, 0, -1), (0, 0, -1), (0, 0.000001, -1), (0, 0, -1), (0, 0, -1), (0, 0.000001, -1), (0, -0, -1), (0, 0, -1), (0, 0, -1), (0, -0, -1), (0, -0, -1), (0, 0, -1), (0, 0, -1), (0, -0, -1), (0, -0, -1), (0, 0, -1), (0, 0, -1), (0, -0, -1), (0, -0, -1), (0, 0, -1), (0, 0, -1), (0, -0, -1), (0, -0, -1), (0, 0, -1), (0, 0, -1), (0, -0, -1), (0, -0, -1), (0, -0, -1), (0, 0, -1), (0, -0, -1), (0, -0, -1), (0, 0, -1), (0, -0, -1), (0, -0, -1), (0, -0, -1), (0, 0, -1), (0, 0, -1), (0, -0, -1), (0, -0, -1), (0, -0, -1), (0, 0, -1), (0, -0, -1), (0, -0, -1), (0, 0, -1), (0, -0, -1), (0, -0, -1), (0, 0, -1), (0, 0, -1), (0, 0, -1), (0, 0, -1), (0, -0, -1), (0, -0, -1), (0, 0, -1), (0, -0, -1), (0, -0, -1), (0, -0, -1), (0, -0, -1), (0, -0, -1), (0, -0, -1), (0, 0, -1), (0, -0, -1), (0, -0, -1), (0, 0, -1), (0, 0, -1), (0, 0, -1), (0, 0, -1), (0, 0.000001, -1), (0, 0, -1), (0, 0, -1), (0, 0.000001, -1), (0, 0.000001, -1), (0, 0, -1), (0, 0, -1), (0, 0.000001, -1), (0, 0.000001, -1), (0, 0, -1), (0, 0, -1), (0, 0.000001, -1), (0, 0, -1), (0, 0, -1), (0, 0, -1), (0, 0, -1), (0, 0, -1), (0, 0, -1), (0, 0, -1), (0, 0, -1), (0, 0, -1), (0, 0, -1), (0, 0, -1), (0, 0, -1), (0, 0.000001, -1), (0, -0, -1), (0, 0, -1), (0, 0.000001, -1), (0, -0, -1), (0, -0, -1), (0, -0, -1), (0, -0, -1), (0, -0.000001, -1), (0, 0, -1), (0, -0, -1), (0, -0.000001, -1), (0, -0, -1), (0, 0, -1), (0, 0, -1), (0, -0, -1), (0, -0, -1), (0, -0, -1), (0, 0, -1), (0, -0, -1), (0, -0, -1), (0, -0, -1), (0, -0, -1), (0, -0, -1), (0, -0, -1), (0, 0, -1), (0, -0, -1), (0, -0, -1), (0, 0, -1), (0, 0, -1), (0, 0, -1), (0, 0, -1), (0, 0, -1), (0, 0, -1), (0, 0, -1), (0, 0, -1), (0, 0, -1), (0, 0, -1), (0, 0, -1), (0, 0, -1), (0, 0, -1), (0, 0, -1), (0, 0, -1), (0, 0, -1), (0, 0, -1), (0, 0, -1), (0, 0, -1), (0, 0, -1), (0, 0, -1), (0, 0, -1), (0, 0, -1), (0, 0, -1), (0, 0, -1), (0, 0, -1), (0, 0, -1), (0, 0, -1), (0, 0, -1), (0, 0, -1), (0, 0, -1), (0, 0, -1), (0, 0, -1), (0, 0, -1), (0, 0, -1), (0, 0, -1), (0, 0, -1), (0, 0, -1), (0, 0, -1), (0, 0, -1), (0, 0, -1)] (
            interpolation = "faceVarying"
        )
        point3f[] points = [(0.016774079, 0.0026567606, 0), (0.01615198, 0.0052480935, 0), (0.015132127, 0.007710204, 0), (0.013739669, 0.009982424, 0), (0.012008917, 0.012008917, 0), (0.009982496, 0.013739669, 0), (0.007710204, 0.015132127, 0), (0.0052480935, 0.01615198, 0), (0.0026567606, 0.016774079, 0), (0, 0.01698315, 0), (-0.0026567606, 0.016774079, 0), (-0.0052480935, 0.01615198, 0), (-0.007710204, 0.015132127, 0), (-0.009982424, 0.013739669, 0), (-0.012008917, 0.012008917, 0), (-0.013739669, 0.009982424, 0), (-0.015132127, 0.007710204, 0), (-0.01615198, 0.0052480935, 0), (-0.016774079, 0.0026567606, 0), (-0.01698315, -0, 0), (-0.016774079, -0.0026567606, 0), (-0.01615198, -0.0052480935, 0), (-0.015132127, -0.007710204, 0), (-0.013739669, -0.009982496, 0), (-0.012008917, -0.012008917, 0), (-0.009982424, -0.013739669, 0), (-0.007710204, -0.015132127, 0), (-0.0052480935, -0.01615198, 0), (-0.0026567606, -0.016774079, 0), (0, -0.01698315, 0), (0.0026567606, -0.016774079, 0), (0.0052480935, -0.01615198, 0), (0.007710204, -0.015132127, 0), (0.009982424, -0.013739669, 0), (0.012008917, -0.012008917, 0), (0.013739669, -0.009982496, 0), (0.015132127, -0.007710204, 0), (0.01615198, -0.0052480935, 0), (0.016774079, -0.0026567606, 0), (0.01698315, -0, 0), (0.015096678, 0.0023910704, 0), (0.014536739, 0.0047232485, 0), (0.0136189, 0.006939205, 0), (0.012365751, 0.008984239, 0), (0.010808053, 0.010808053, 0), (0.008984239, 0.01236568, 0), (0.006939205, 0.0136189, 0), (0.00472332, 0.014536739, 0), (0.0023910704, 0.015096678, 0), (0, 0.015284863, 0), (-0.0023910704, 0.015096678, 0), (-0.0047232485, 0.014536739, 0), (-0.006939205, 0.0136189, 0), (-0.008984239, 0.01236568, 0), (-0.010808053, 0.010808053, 0), (-0.01236568, 0.008984239, 0), (-0.0136189, 0.006939205, 0), (-0.014536739, 0.0047232485, 0), (-0.015096678, 0.0023910704, 0), (-0.015284863, -0, 0), (-0.015096678, -0.0023910704, 0), (-0.014536739, -0.0047232485, 0), (-0.0136189, -0.006939205, 0), (-0.01236568, -0.008984239, 0), (-0.010808053, -0.010808053, 0), (-0.008984239, -0.01236568, 0), (-0.006939205, -0.0136189, 0), (-0.0047232485, -0.014536739, 0), (-0.0023910704, -0.015096678, 0), (0, -0.015284863, 0), (0.0023910704, -0.015096678, 0), (0.0047232485, -0.014536739, 0), (0.006939205, -0.0136189, 0), (0.008984239, -0.01236568, 0), (0.010808053, -0.010808053, 0), (0.01236568, -0.008984239, 0), (0.0136189, -0.006939205, 0), (0.014536739, -0.0047232485, 0), (0.015096678, -0.0023910704, 0), (0.015284863, -0, 0), (0.018272245, 0.0028940348, 0), (0.017594522, 0.0057168165, 0), (0.016483596, 0.008398796, 0), (0.014966817, 0.01087405, 0), (0.013081481, 0.013081481, 0), (0.01087405, 0.014966817, 0), (0.008398867, 0.016483596, 0), (0.0057168165, 0.017594522, 0), (0.0028940348, 0.018272245, 0), (0, 0.0185, 0), (-0.0028940348, 0.018272245, 0), (-0.0057168165, 0.017594522, 0), (-0.008398796, 0.016483596, 0), (-0.01087405, 0.014966817, 0), (-0.013081481, 0.013081481, 0), (-0.014966817, 0.01087405, 0), (-0.016483596, 0.008398796, 0), (-0.017594522, 0.0057168165, 0), (-0.018272245, 0.0028940348, 0), (-0.0185, -0, 0), (-0.018272245, -0.0028940348, 0), (-0.017594522, -0.0057168165, 0), (-0.016483596, -0.008398796, 0), (-0.014966817, -0.01087405, 0), (-0.013081481, -0.013081481, 0), (-0.01087405, -0.014966817, 0), (-0.008398796, -0.016483596, 0), (-0.0057168165, -0.017594522, 0), (-0.0028940348, -0.018272245, 0), (0, -0.0185, 0), (0.0028940348, -0.018272245, 0), (0.0057168165, -0.017594522, 0), (0.008398796, -0.016483596, 0), (0.01087405, -0.014966817, 0), (0.013081481, -0.013081481, 0), (0.014966817, -0.01087405, 0), (0.016483596, -0.008398796, 0), (0.017594522, -0.0057168165, 0), (0.018272245, -0.0028940348, 0), (0.0185, -0, 0)]
        uniform token subdivisionScheme = "none"
    }
}

